Workbook
Name IDS: "Rectangle 3"

Sheet Drilling
L5: =[1]Control!AU10 -> 25 Nov - 24 Dec 2025 | AP5: =[1]Control!AU10 -> 25 Nov - 24 Dec 2025
C7: FUEL COST | E7: CHARTER RATE | G7: MOB / DEMOB | I7: TOTAL COST | J7: PCT | L7: BOAT HOURS | M7: PCT | AG7: FUEL COST | AI7: CHARTER RATE | AK7: MOB / DEMOB | AM7: TOTAL COST | AN7: PCT | AP7: BOAT HOURS | AQ7: PCT
L8: Logistics Cost Sharing | AP8: Logistics Cost Sharing
A9: =[1]Control!$GP$10 -> RUN EXPLOSIVE | C9: =Distribute!C42 -> 0 | E9: =Distribute!D42 -> 0 | G9: =Distribute!E42 -> 0 | I9: =SUM(C9:G9) -> 0 | J9: =(I9/I$23)*100% -> 0 | L9: ='[2]AHTS-1'!FR42+'[2]AHTS-2'!FR42+'[2]AHTS-3'!FR42+'[2]AHTS-4'!FR42+'[2]AHTS-5'!FR42+'[2]AHTS-6'!FR42+'[2]AHTS-7'!FR42+'[2]AHTS-8'!FR42+'[3]CB-1'!FR42+'[3]CB-2'!FR42+'[3]CB-3'!FR42+'[3]CB-4'!FR42+'[3]CB-5'!FR42+'[3]CB-6'!FR42+'[3]CB-7'!FR42+'[3]CB-8'!FR42+'[3]CB-9'!FR42+'[3]CB-10'!FR42+'[3]CB-11'!FR42+'[3]CB-12'!FR42+'[3]CB-13'!FR42+'[3]CB-14'!FR42+'[3]CB-15'!FR42+'[3]CB-16'!FR42+'[3]CB-17'!FR42+'[3]CB-18'!FR42+'[3]CB-19'!FR42+'[3]CB-20'!FR42+'[3]CB-21'!FR42+'[3]CB-22'!FR42+'[3]CB-23'!FR42+'[3]CB-24'!FR42+'[4]LCT-1'!FR42+'[4]LCT-2'!FR42+'[4]LCT-3'!FR42+'[4]LCT-4'!FR42+'[4]LCT-5'!FR42+'[4]LCT-6'!FR42+'[4]LCT-7'!FR42+'[4]LCT-8'!FR42+'[5]TB-1'!FR42+'[5]TB-2'!FR42+'[5]TB-3'!FR42+'[5]TB-4'!FR42+'[5]TB-5'!FR42+'[5]TB-6'!FR42+'[5]TB-7'!FR42+'[5]TB-8'!FR42+'[5]TB-9'!FR42+'[5]TB-10'!FR42+'[6]DSV-1'!FR42+'[6]DSV-2'!FR42+'[6]DSV-3'!FR42+'[7]TUB-1'!FR42+'[7]TUB-2'!FR42+'[8]Barge-1'!FR42+'[8]Barge-2'!FR42+'[8]Barge-3'!FR42+'[8]Barge-4'!FR42 -> 0 | M9: =(L9/L$23)*100% -> 0 | AE9: =[1]Control!$GP$10 -> RUN EXPLOSIVE | AG9: =Distribute!AT42 -> 0 | AI9: =Distribute!AU42 -> 0 | AK9: =Distribute!AV42 -> 0 | AM9: =SUM(AG9:AK9) -> 0 | AN9: =(AM9/AM$23)*100% -> 0 | AP9: ='[2]AHTS-1'!FR42+'[2]AHTS-2'!FR42+'[2]AHTS-3'!FR42+'[2]AHTS-4'!FR42+'[2]AHTS-5'!FR42+'[2]AHTS-6'!FR42+'[2]AHTS-7'!FR42+'[2]AHTS-8'!FR42+'[3]CB-1'!FR42+'[3]CB-2'!FR42+'[3]CB-3'!FR42+'[3]CB-4'!FR42+'[3]CB-5'!FR42+'[3]CB-6'!FR42+'[3]CB-7'!FR42+'[3]CB-8'!FR42+'[3]CB-9'!FR42+'[3]CB-10'!FR42+'[3]CB-11'!FR42+'[3]CB-12'!FR42+'[3]CB-13'!FR42+'[3]CB-14'!FR42+'[3]CB-15'!FR42+'[3]CB-16'!FR42+'[3]CB-17'!FR42+'[3]CB-18'!FR42+'[3]CB-19'!FR42+'[3]CB-20'!FR42+'[3]CB-21'!FR42+'[3]CB-22'!FR42+'[3]CB-23'!FR42+'[3]CB-24'!FR42+'[4]LCT-1'!FR42+'[4]LCT-2'!FR42+'[4]LCT-3'!FR42+'[4]LCT-4'!FR42+'[4]LCT-5'!FR42+'[4]LCT-6'!FR42+'[4]LCT-7'!FR42+'[4]LCT-8'!FR42+'[5]TB-1'!FR42+'[5]TB-2'!FR42+'[5]TB-3'!FR42+'[5]TB-4'!FR42+'[5]TB-5'!FR42+'[5]TB-6'!FR42+'[5]TB-7'!FR42+'[5]TB-8'!FR42+'[5]TB-9'!FR42+'[5]TB-10'!FR42+'[6]DSV-1'!FR42+'[6]DSV-2'!FR42+'[6]DSV-3'!FR42+'[7]TUB-1'!FR42+'[7]TUB-2'!FR42+'[8]Barge-1'!FR42+'[8]Barge-2'!FR42+'[8]Barge-3'!FR42+'[8]Barge-4'!FR42 -> 0 | AQ9: =(AP9/AP$23)*100% -> 0
A10: =[1]Control!$GQ$10 -> ASSET | C10: =Distribute!F42 -> 0 | E10: =Distribute!G42 -> 0 | G10: =Distribute!H42 -> 0 | I10: =SUM(C10:G10) -> 0 | J10: =(I10/I$23)*100% -> 0 | L10: ='[2]AHTS-1'!FS42+'[2]AHTS-2'!FS42+'[2]AHTS-3'!FS42+'[2]AHTS-4'!FS42+'[2]AHTS-5'!FS42+'[2]AHTS-6'!FS42+'[2]AHTS-7'!FS42+'[2]AHTS-8'!FS42+'[3]CB-1'!FS42+'[3]CB-2'!FS42+'[3]CB-3'!FS42+'[3]CB-4'!FS42+'[3]CB-5'!FS42+'[3]CB-6'!FS42+'[3]CB-7'!FS42+'[3]CB-8'!FS42+'[3]CB-9'!FS42+'[3]CB-10'!FS42+'[3]CB-11'!FS42+'[3]CB-12'!FS42+'[3]CB-13'!FS42+'[3]CB-14'!FS42+'[3]CB-15'!FS42+'[3]CB-16'!FS42+'[3]CB-17'!FS42+'[3]CB-18'!FS42+'[3]CB-19'!FS42+'[3]CB-20'!FS42+'[3]CB-21'!FS42+'[3]CB-22'!FS42+'[3]CB-23'!FS42+'[3]CB-24'!FS42+'[4]LCT-1'!FS42+'[4]LCT-2'!FS42+'[4]LCT-3'!FS42+'[4]LCT-4'!FS42+'[4]LCT-5'!FS42+'[4]LCT-6'!FS42+'[4]LCT-7'!FS42+'[4]LCT-8'!FS42+'[5]TB-1'!FS42+'[5]TB-2'!FS42+'[5]TB-3'!FS42+'[5]TB-4'!FS42+'[5]TB-5'!FS42+'[5]TB-6'!FS42+'[5]TB-7'!FS42+'[5]TB-8'!FS42+'[5]TB-9'!FS42+'[5]TB-10'!FS42+'[6]DSV-1'!FS42+'[6]DSV-2'!FS42+'[6]DSV-3'!FS42+'[7]TUB-1'!FS42+'[7]TUB-2'!FS42+'[8]Barge-1'!FS42+'[8]Barge-2'!FS42+'[8]Barge-3'!FS42+'[8]Barge-4'!FS42 -> 0 | M10: =(L10/L$23)*100% -> 0 | AE10: =[1]Control!$GQ$10 -> ASSET | AG10: =Distribute!AW42 -> 0 | AI10: =Distribute!AX42 -> 0 | AK10: =Distribute!AY42 -> 0 | AM10: =SUM(AG10:AK10) -> 0 | AN10: =(AM10/AM$23)*100% -> 0 | AP10: ='[2]AHTS-1'!FS42+'[2]AHTS-2'!FS42+'[2]AHTS-3'!FS42+'[2]AHTS-4'!FS42+'[2]AHTS-5'!FS42+'[2]AHTS-6'!FS42+'[2]AHTS-7'!FS42+'[2]AHTS-8'!FS42+'[3]CB-1'!FS42+'[3]CB-2'!FS42+'[3]CB-3'!FS42+'[3]CB-4'!FS42+'[3]CB-5'!FS42+'[3]CB-6'!FS42+'[3]CB-7'!FS42+'[3]CB-8'!FS42+'[3]CB-9'!FS42+'[3]CB-10'!FS42+'[3]CB-11'!FS42+'[3]CB-12'!FS42+'[3]CB-13'!FS42+'[3]CB-14'!FS42+'[3]CB-15'!FS42+'[3]CB-16'!FS42+'[3]CB-17'!FS42+'[3]CB-18'!FS42+'[3]CB-19'!FS42+'[3]CB-20'!FS42+'[3]CB-21'!FS42+'[3]CB-22'!FS42+'[3]CB-23'!FS42+'[3]CB-24'!FS42+'[4]LCT-1'!FS42+'[4]LCT-2'!FS42+'[4]LCT-3'!FS42+'[4]LCT-4'!FS42+'[4]LCT-5'!FS42+'[4]LCT-6'!FS42+'[4]LCT-7'!FS42+'[4]LCT-8'!FS42+'[5]TB-1'!FS42+'[5]TB-2'!FS42+'[5]TB-3'!FS42+'[5]TB-4'!FS42+'[5]TB-5'!FS42+'[5]TB-6'!FS42+'[5]TB-7'!FS42+'[5]TB-8'!FS42+'[5]TB-9'!FS42+'[5]TB-10'!FS42+'[6]DSV-1'!FS42+'[6]DSV-2'!FS42+'[6]DSV-3'!FS42+'[7]TUB-1'!FS42+'[7]TUB-2'!FS42+'[8]Barge-1'!FS42+'[8]Barge-2'!FS42+'[8]Barge-3'!FS42+'[8]Barge-4'!FS42 -> 0 | AQ10: =(AP10/AP$23)*100% -> 0
A11: =[1]Control!$GR$10 -> TIRTA RAJAWALI | C11: =Distribute!I42 -> 128396.58 | E11: =Distribute!J42 -> 126759.82 | G11: =Distribute!K42 -> 0 | I11: =SUM(C11:G11) -> 255156.4 | J11: =(I11/I$23)*100% -> 0.71113059 | L11: ='[2]AHTS-1'!FT42+'[2]AHTS-2'!FT42+'[2]AHTS-3'!FT42+'[2]AHTS-4'!FT42+'[2]AHTS-5'!FT42+'[2]AHTS-6'!FT42+'[2]AHTS-7'!FT42+'[2]AHTS-8'!FT42+'[3]CB-1'!FT42+'[3]CB-2'!FT42+'[3]CB-3'!FT42+'[3]CB-4'!FT42+'[3]CB-5'!FT42+'[3]CB-6'!FT42+'[3]CB-7'!FT42+'[3]CB-8'!FT42+'[3]CB-9'!FT42+'[3]CB-10'!FT42+'[3]CB-11'!FT42+'[3]CB-12'!FT42+'[3]CB-13'!FT42+'[3]CB-14'!FT42+'[3]CB-15'!FT42+'[3]CB-16'!FT42+'[3]CB-17'!FT42+'[3]CB-18'!FT42+'[3]CB-19'!FT42+'[3]CB-20'!FT42+'[3]CB-21'!FT42+'[3]CB-22'!FT42+'[3]CB-23'!FT42+'[3]CB-24'!FT42+'[4]LCT-1'!FT42+'[4]LCT-2'!FT42+'[4]LCT-3'!FT42+'[4]LCT-4'!FT42+'[4]LCT-5'!FT42+'[4]LCT-6'!FT42+'[4]LCT-7'!FT42+'[4]LCT-8'!FT42+'[5]TB-1'!FT42+'[5]TB-2'!FT42+'[5]TB-3'!FT42+'[5]TB-4'!FT42+'[5]TB-5'!FT42+'[5]TB-6'!FT42+'[5]TB-7'!FT42+'[5]TB-8'!FT42+'[5]TB-9'!FT42+'[5]TB-10'!FT42+'[6]DSV-1'!FT42+'[6]DSV-2'!FT42+'[6]DSV-3'!FT42+'[7]TUB-1'!FT42+'[7]TUB-2'!FT42+'[8]Barge-1'!FT42+'[8]Barge-2'!FT42+'[8]Barge-3'!FT42+'[8]Barge-4'!FT42 -> 2113.9333 | M11: =(L11/L$23)*100% -> 0.76062656 | AE11: =[1]Control!$GR$10 -> TIRTA RAJAWALI | AG11: =Distribute!AZ42 -> 2.0224265e+09 | AI11: =Distribute!BA42 -> 1.9975417e+09 | AK11: =Distribute!BB42 -> 0 | AM11: =SUM(AG11:AK11) -> 4.0199682e+09 | AN11: =(AM11/AM$23)*100% -> 0.71122795 | AP11: ='[2]AHTS-1'!FT42+'[2]AHTS-2'!FT42+'[2]AHTS-3'!FT42+'[2]AHTS-4'!FT42+'[2]AHTS-5'!FT42+'[2]AHTS-6'!FT42+'[2]AHTS-7'!FT42+'[2]AHTS-8'!FT42+'[3]CB-1'!FT42+'[3]CB-2'!FT42+'[3]CB-3'!FT42+'[3]CB-4'!FT42+'[3]CB-5'!FT42+'[3]CB-6'!FT42+'[3]CB-7'!FT42+'[3]CB-8'!FT42+'[3]CB-9'!FT42+'[3]CB-10'!FT42+'[3]CB-11'!FT42+'[3]CB-12'!FT42+'[3]CB-13'!FT42+'[3]CB-14'!FT42+'[3]CB-15'!FT42+'[3]CB-16'!FT42+'[3]CB-17'!FT42+'[3]CB-18'!FT42+'[3]CB-19'!FT42+'[3]CB-20'!FT42+'[3]CB-21'!FT42+'[3]CB-22'!FT42+'[3]CB-23'!FT42+'[3]CB-24'!FT42+'[4]LCT-1'!FT42+'[4]LCT-2'!FT42+'[4]LCT-3'!FT42+'[4]LCT-4'!FT42+'[4]LCT-5'!FT42+'[4]LCT-6'!FT42+'[4]LCT-7'!FT42+'[4]LCT-8'!FT42+'[5]TB-1'!FT42+'[5]TB-2'!FT42+'[5]TB-3'!FT42+'[5]TB-4'!FT42+'[5]TB-5'!FT42+'[5]TB-6'!FT42+'[5]TB-7'!FT42+'[5]TB-8'!FT42+'[5]TB-9'!FT42+'[5]TB-10'!FT42+'[6]DSV-1'!FT42+'[6]DSV-2'!FT42+'[6]DSV-3'!FT42+'[7]TUB-1'!FT42+'[7]TUB-2'!FT42+'[8]Barge-1'!FT42+'[8]Barge-2'!FT42+'[8]Barge-3'!FT42+'[8]Barge-4'!FT42 -> 2113.9333 | AQ11: =(AP11/AP$23)*100% -> 0.76062656
A12: =[1]Control!$GS$10 -> S: SLICKLINE UNIT | C12: =Distribute!L42 -> 24122.514 | E12: =Distribute!M42 -> 21379.192 | G12: =Distribute!N42 -> 0 | I12: =SUM(C12:G12) -> 45501.705 | J12: =(I12/I$23)*100% -> 0.12681498 | L12: ='[2]AHTS-1'!FU42+'[2]AHTS-2'!FU42+'[2]AHTS-3'!FU42+'[2]AHTS-4'!FU42+'[2]AHTS-5'!FU42+'[2]AHTS-6'!FU42+'[2]AHTS-7'!FU42+'[2]AHTS-8'!FU42+'[3]CB-1'!FU42+'[3]CB-2'!FU42+'[3]CB-3'!FU42+'[3]CB-4'!FU42+'[3]CB-5'!FU42+'[3]CB-6'!FU42+'[3]CB-7'!FU42+'[3]CB-8'!FU42+'[3]CB-9'!FU42+'[3]CB-10'!FU42+'[3]CB-11'!FU42+'[3]CB-12'!FU42+'[3]CB-13'!FU42+'[3]CB-14'!FU42+'[3]CB-15'!FU42+'[3]CB-16'!FU42+'[3]CB-17'!FU42+'[3]CB-18'!FU42+'[3]CB-19'!FU42+'[3]CB-20'!FU42+'[3]CB-21'!FU42+'[3]CB-22'!FU42+'[3]CB-23'!FU42+'[3]CB-24'!FU42+'[4]LCT-1'!FU42+'[4]LCT-2'!FU42+'[4]LCT-3'!FU42+'[4]LCT-4'!FU42+'[4]LCT-5'!FU42+'[4]LCT-6'!FU42+'[4]LCT-7'!FU42+'[4]LCT-8'!FU42+'[5]TB-1'!FU42+'[5]TB-2'!FU42+'[5]TB-3'!FU42+'[5]TB-4'!FU42+'[5]TB-5'!FU42+'[5]TB-6'!FU42+'[5]TB-7'!FU42+'[5]TB-8'!FU42+'[5]TB-9'!FU42+'[5]TB-10'!FU42+'[6]DSV-1'!FU42+'[6]DSV-2'!FU42+'[6]DSV-3'!FU42+'[7]TUB-1'!FU42+'[7]TUB-2'!FU42+'[8]Barge-1'!FU42+'[8]Barge-2'!FU42+'[8]Barge-3'!FU42+'[8]Barge-4'!FU42 -> 292 | M12: =(L12/L$23)*100% -> 0.10506621 | AE12: =[1]Control!$GS$10 -> S: SLICKLINE UNIT | AG12: =Distribute!BC42 -> 3.7990722e+08 | AI12: =Distribute!BD42 -> 336975000 | AK12: =Distribute!BE42 -> 0 | AM12: =SUM(AG12:AK12) -> 7.1688222e+08 | AN12: =(AM12/AM$23)*100% -> 0.12683351 | AP12: ='[2]AHTS-1'!FU42+'[2]AHTS-2'!FU42+'[2]AHTS-3'!FU42+'[2]AHTS-4'!FU42+'[2]AHTS-5'!FU42+'[2]AHTS-6'!FU42+'[2]AHTS-7'!FU42+'[2]AHTS-8'!FU42+'[3]CB-1'!FU42+'[3]CB-2'!FU42+'[3]CB-3'!FU42+'[3]CB-4'!FU42+'[3]CB-5'!FU42+'[3]CB-6'!FU42+'[3]CB-7'!FU42+'[3]CB-8'!FU42+'[3]CB-9'!FU42+'[3]CB-10'!FU42+'[3]CB-11'!FU42+'[3]CB-12'!FU42+'[3]CB-13'!FU42+'[3]CB-14'!FU42+'[3]CB-15'!FU42+'[3]CB-16'!FU42+'[3]CB-17'!FU42+'[3]CB-18'!FU42+'[3]CB-19'!FU42+'[3]CB-20'!FU42+'[3]CB-21'!FU42+'[3]CB-22'!FU42+'[3]CB-23'!FU42+'[3]CB-24'!FU42+'[4]LCT-1'!FU42+'[4]LCT-2'!FU42+'[4]LCT-3'!FU42+'[4]LCT-4'!FU42+'[4]LCT-5'!FU42+'[4]LCT-6'!FU42+'[4]LCT-7'!FU42+'[4]LCT-8'!FU42+'[5]TB-1'!FU42+'[5]TB-2'!FU42+'[5]TB-3'!FU42+'[5]TB-4'!FU42+'[5]TB-5'!FU42+'[5]TB-6'!FU42+'[5]TB-7'!FU42+'[5]TB-8'!FU42+'[5]TB-9'!FU42+'[5]TB-10'!FU42+'[6]DSV-1'!FU42+'[6]DSV-2'!FU42+'[6]DSV-3'!FU42+'[7]TUB-1'!FU42+'[7]TUB-2'!FU42+'[8]Barge-1'!FU42+'[8]Barge-2'!FU42+'[8]Barge-3'!FU42+'[8]Barge-4'!FU42 -> 292 | AQ12: =(AP12/AP$23)*100% -> 0.10506621
A13: =[1]Control!$GT$10 -> N: SLICKLINE (1) | C13: =Distribute!O42 -> 0 | E13: =Distribute!P42 -> 0 | G13: =Distribute!Q42 -> 0 | I13: =SUM(C13:G13) -> 0 | J13: =(I13/I$23)*100% -> 0 | L13: ='[2]AHTS-1'!FV42+'[2]AHTS-2'!FV42+'[2]AHTS-3'!FV42+'[2]AHTS-4'!FV42+'[2]AHTS-5'!FV42+'[2]AHTS-6'!FV42+'[2]AHTS-7'!FV42+'[2]AHTS-8'!FV42+'[3]CB-1'!FV42+'[3]CB-2'!FV42+'[3]CB-3'!FV42+'[3]CB-4'!FV42+'[3]CB-5'!FV42+'[3]CB-6'!FV42+'[3]CB-7'!FV42+'[3]CB-8'!FV42+'[3]CB-9'!FV42+'[3]CB-10'!FV42+'[3]CB-11'!FV42+'[3]CB-12'!FV42+'[3]CB-13'!FV42+'[3]CB-14'!FV42+'[3]CB-15'!FV42+'[3]CB-16'!FV42+'[3]CB-17'!FV42+'[3]CB-18'!FV42+'[3]CB-19'!FV42+'[3]CB-20'!FV42+'[3]CB-21'!FV42+'[3]CB-22'!FV42+'[3]CB-23'!FV42+'[3]CB-24'!FV42+'[4]LCT-1'!FV42+'[4]LCT-2'!FV42+'[4]LCT-3'!FV42+'[4]LCT-4'!FV42+'[4]LCT-5'!FV42+'[4]LCT-6'!FV42+'[4]LCT-7'!FV42+'[4]LCT-8'!FV42+'[5]TB-1'!FV42+'[5]TB-2'!FV42+'[5]TB-3'!FV42+'[5]TB-4'!FV42+'[5]TB-5'!FV42+'[5]TB-6'!FV42+'[5]TB-7'!FV42+'[5]TB-8'!FV42+'[5]TB-9'!FV42+'[5]TB-10'!FV42+'[6]DSV-1'!FV42+'[6]DSV-2'!FV42+'[6]DSV-3'!FV42+'[7]TUB-1'!FV42+'[7]TUB-2'!FV42+'[8]Barge-1'!FV42+'[8]Barge-2'!FV42+'[8]Barge-3'!FV42+'[8]Barge-4'!FV42 -> 0 | M13: =(L13/L$23)*100% -> 0 | AE13: =[1]Control!$GT$10 -> N: SLICKLINE (1) | AG13: =Distribute!BF42 -> 0 | AI13: =Distribute!BG42 -> 0 | AK13: =Distribute!BH42 -> 0 | AM13: =SUM(AG13:AK13) -> 0 | AN13: =(AM13/AM$23)*100% -> 0 | AP13: ='[2]AHTS-1'!FV42+'[2]AHTS-2'!FV42+'[2]AHTS-3'!FV42+'[2]AHTS-4'!FV42+'[2]AHTS-5'!FV42+'[2]AHTS-6'!FV42+'[2]AHTS-7'!FV42+'[2]AHTS-8'!FV42+'[3]CB-1'!FV42+'[3]CB-2'!FV42+'[3]CB-3'!FV42+'[3]CB-4'!FV42+'[3]CB-5'!FV42+'[3]CB-6'!FV42+'[3]CB-7'!FV42+'[3]CB-8'!FV42+'[3]CB-9'!FV42+'[3]CB-10'!FV42+'[3]CB-11'!FV42+'[3]CB-12'!FV42+'[3]CB-13'!FV42+'[3]CB-14'!FV42+'[3]CB-15'!FV42+'[3]CB-16'!FV42+'[3]CB-17'!FV42+'[3]CB-18'!FV42+'[3]CB-19'!FV42+'[3]CB-20'!FV42+'[3]CB-21'!FV42+'[3]CB-22'!FV42+'[3]CB-23'!FV42+'[3]CB-24'!FV42+'[4]LCT-1'!FV42+'[4]LCT-2'!FV42+'[4]LCT-3'!FV42+'[4]LCT-4'!FV42+'[4]LCT-5'!FV42+'[4]LCT-6'!FV42+'[4]LCT-7'!FV42+'[4]LCT-8'!FV42+'[5]TB-1'!FV42+'[5]TB-2'!FV42+'[5]TB-3'!FV42+'[5]TB-4'!FV42+'[5]TB-5'!FV42+'[5]TB-6'!FV42+'[5]TB-7'!FV42+'[5]TB-8'!FV42+'[5]TB-9'!FV42+'[5]TB-10'!FV42+'[6]DSV-1'!FV42+'[6]DSV-2'!FV42+'[6]DSV-3'!FV42+'[7]TUB-1'!FV42+'[7]TUB-2'!FV42+'[8]Barge-1'!FV42+'[8]Barge-2'!FV42+'[8]Barge-3'!FV42+'[8]Barge-4'!FV42 -> 0 | AQ13: =(AP13/AP$23)*100% -> 0
A14: =[1]Control!$GU$10 -> LAIN-LAIN | C14: =Distribute!R42 -> 7362.5152 | E14: =Distribute!S42 -> 4446.8616 | G14: =Distribute!T42 -> 0 | I14: =SUM(C14:G14) -> 11809.377 | J14: =(I14/I$23)*100% -> 0.032913182 | L14: ='[2]AHTS-1'!FW42+'[2]AHTS-2'!FW42+'[2]AHTS-3'!FW42+'[2]AHTS-4'!FW42+'[2]AHTS-5'!FW42+'[2]AHTS-6'!FW42+'[2]AHTS-7'!FW42+'[2]AHTS-8'!FW42+'[3]CB-1'!FW42+'[3]CB-2'!FW42+'[3]CB-3'!FW42+'[3]CB-4'!FW42+'[3]CB-5'!FW42+'[3]CB-6'!FW42+'[3]CB-7'!FW42+'[3]CB-8'!FW42+'[3]CB-9'!FW42+'[3]CB-10'!FW42+'[3]CB-11'!FW42+'[3]CB-12'!FW42+'[3]CB-13'!FW42+'[3]CB-14'!FW42+'[3]CB-15'!FW42+'[3]CB-16'!FW42+'[3]CB-17'!FW42+'[3]CB-18'!FW42+'[3]CB-19'!FW42+'[3]CB-20'!FW42+'[3]CB-21'!FW42+'[3]CB-22'!FW42+'[3]CB-23'!FW42+'[3]CB-24'!FW42+'[4]LCT-1'!FW42+'[4]LCT-2'!FW42+'[4]LCT-3'!FW42+'[4]LCT-4'!FW42+'[4]LCT-5'!FW42+'[4]LCT-6'!FW42+'[4]LCT-7'!FW42+'[4]LCT-8'!FW42+'[5]TB-1'!FW42+'[5]TB-2'!FW42+'[5]TB-3'!FW42+'[5]TB-4'!FW42+'[5]TB-5'!FW42+'[5]TB-6'!FW42+'[5]TB-7'!FW42+'[5]TB-8'!FW42+'[5]TB-9'!FW42+'[5]TB-10'!FW42+'[6]DSV-1'!FW42+'[6]DSV-2'!FW42+'[6]DSV-3'!FW42+'[7]TUB-1'!FW42+'[7]TUB-2'!FW42+'[8]Barge-1'!FW42+'[8]Barge-2'!FW42+'[8]Barge-3'!FW42+'[8]Barge-4'!FW42 -> 56 | M14: =(L14/L$23)*100% -> 0.020149683 | AE14: =[1]Control!$GU$10 -> LAIN-LAIN | AG14: =Distribute!BI42 -> 115068750 | AI14: =Distribute!BJ42 -> 69500000 | AK14: =Distribute!BK42 -> 0 | AM14: =SUM(AG14:AK14) -> 184568750 | AN14: =(AM14/AM$23)*100% -> 0.0326546 | AP14: ='[2]AHTS-1'!FW42+'[2]AHTS-2'!FW42+'[2]AHTS-3'!FW42+'[2]AHTS-4'!FW42+'[2]AHTS-5'!FW42+'[2]AHTS-6'!FW42+'[2]AHTS-7'!FW42+'[2]AHTS-8'!FW42+'[3]CB-1'!FW42+'[3]CB-2'!FW42+'[3]CB-3'!FW42+'[3]CB-4'!FW42+'[3]CB-5'!FW42+'[3]CB-6'!FW42+'[3]CB-7'!FW42+'[3]CB-8'!FW42+'[3]CB-9'!FW42+'[3]CB-10'!FW42+'[3]CB-11'!FW42+'[3]CB-12'!FW42+'[3]CB-13'!FW42+'[3]CB-14'!FW42+'[3]CB-15'!FW42+'[3]CB-16'!FW42+'[3]CB-17'!FW42+'[3]CB-18'!FW42+'[3]CB-19'!FW42+'[3]CB-20'!FW42+'[3]CB-21'!FW42+'[3]CB-22'!FW42+'[3]CB-23'!FW42+'[3]CB-24'!FW42+'[4]LCT-1'!FW42+'[4]LCT-2'!FW42+'[4]LCT-3'!FW42+'[4]LCT-4'!FW42+'[4]LCT-5'!FW42+'[4]LCT-6'!FW42+'[4]LCT-7'!FW42+'[4]LCT-8'!FW42+'[5]TB-1'!FW42+'[5]TB-2'!FW42+'[5]TB-3'!FW42+'[5]TB-4'!FW42+'[5]TB-5'!FW42+'[5]TB-6'!FW42+'[5]TB-7'!FW42+'[5]TB-8'!FW42+'[5]TB-9'!FW42+'[5]TB-10'!FW42+'[6]DSV-1'!FW42+'[6]DSV-2'!FW42+'[6]DSV-3'!FW42+'[7]TUB-1'!FW42+'[7]TUB-2'!FW42+'[8]Barge-1'!FW42+'[8]Barge-2'!FW42+'[8]Barge-3'!FW42+'[8]Barge-4'!FW42 -> 56 | AQ14: =(AP14/AP$23)*100% -> 0.020149683
A15: =[1]Control!$GV$10 -> SOIL BORING | C15: =Distribute!U42 -> 0 | E15: =Distribute!V42 -> 0 | G15: =Distribute!W42 -> 0 | I15: =SUM(C15:G15) -> 0 | J15: =(I15/I$23)*100% -> 0 | L15: ='[2]AHTS-1'!FX42+'[2]AHTS-2'!FX42+'[2]AHTS-3'!FX42+'[2]AHTS-4'!FX42+'[2]AHTS-5'!FX42+'[2]AHTS-6'!FX42+'[2]AHTS-7'!FX42+'[2]AHTS-8'!FX42+'[3]CB-1'!FX42+'[3]CB-2'!FX42+'[3]CB-3'!FX42+'[3]CB-4'!FX42+'[3]CB-5'!FX42+'[3]CB-6'!FX42+'[3]CB-7'!FX42+'[3]CB-8'!FX42+'[3]CB-9'!FX42+'[3]CB-10'!FX42+'[3]CB-11'!FX42+'[3]CB-12'!FX42+'[3]CB-13'!FX42+'[3]CB-14'!FX42+'[3]CB-15'!FX42+'[3]CB-16'!FX42+'[3]CB-17'!FX42+'[3]CB-18'!FX42+'[3]CB-19'!FX42+'[3]CB-20'!FX42+'[3]CB-21'!FX42+'[3]CB-22'!FX42+'[3]CB-23'!FX42+'[3]CB-24'!FX42+'[4]LCT-1'!FX42+'[4]LCT-2'!FX42+'[4]LCT-3'!FX42+'[4]LCT-4'!FX42+'[4]LCT-5'!FX42+'[4]LCT-6'!FX42+'[4]LCT-7'!FX42+'[4]LCT-8'!FX42+'[5]TB-1'!FX42+'[5]TB-2'!FX42+'[5]TB-3'!FX42+'[5]TB-4'!FX42+'[5]TB-5'!FX42+'[5]TB-6'!FX42+'[5]TB-7'!FX42+'[5]TB-8'!FX42+'[5]TB-9'!FX42+'[5]TB-10'!FX42+'[6]DSV-1'!FX42+'[6]DSV-2'!FX42+'[6]DSV-3'!FX42+'[7]TUB-1'!FX42+'[7]TUB-2'!FX42+'[8]Barge-1'!FX42+'[8]Barge-2'!FX42+'[8]Barge-3'!FX42+'[8]Barge-4'!FX42 -> 0 | M15: =(L15/L$23)*100% -> 0 | AE15: =[1]Control!$GV$10 -> SOIL BORING | AG15: =Distribute!BL42 -> 0 | AI15: =Distribute!BM42 -> 0 | AK15: =Distribute!BN42 -> 0 | AM15: =SUM(AG15:AK15) -> 0 | AN15: =(AM15/AM$23)*100% -> 0 | AP15: ='[2]AHTS-1'!FX42+'[2]AHTS-2'!FX42+'[2]AHTS-3'!FX42+'[2]AHTS-4'!FX42+'[2]AHTS-5'!FX42+'[2]AHTS-6'!FX42+'[2]AHTS-7'!FX42+'[2]AHTS-8'!FX42+'[3]CB-1'!FX42+'[3]CB-2'!FX42+'[3]CB-3'!FX42+'[3]CB-4'!FX42+'[3]CB-5'!FX42+'[3]CB-6'!FX42+'[3]CB-7'!FX42+'[3]CB-8'!FX42+'[3]CB-9'!FX42+'[3]CB-10'!FX42+'[3]CB-11'!FX42+'[3]CB-12'!FX42+'[3]CB-13'!FX42+'[3]CB-14'!FX42+'[3]CB-15'!FX42+'[3]CB-16'!FX42+'[3]CB-17'!FX42+'[3]CB-18'!FX42+'[3]CB-19'!FX42+'[3]CB-20'!FX42+'[3]CB-21'!FX42+'[3]CB-22'!FX42+'[3]CB-23'!FX42+'[3]CB-24'!FX42+'[4]LCT-1'!FX42+'[4]LCT-2'!FX42+'[4]LCT-3'!FX42+'[4]LCT-4'!FX42+'[4]LCT-5'!FX42+'[4]LCT-6'!FX42+'[4]LCT-7'!FX42+'[4]LCT-8'!FX42+'[5]TB-1'!FX42+'[5]TB-2'!FX42+'[5]TB-3'!FX42+'[5]TB-4'!FX42+'[5]TB-5'!FX42+'[5]TB-6'!FX42+'[5]TB-7'!FX42+'[5]TB-8'!FX42+'[5]TB-9'!FX42+'[5]TB-10'!FX42+'[6]DSV-1'!FX42+'[6]DSV-2'!FX42+'[6]DSV-3'!FX42+'[7]TUB-1'!FX42+'[7]TUB-2'!FX42+'[8]Barge-1'!FX42+'[8]Barge-2'!FX42+'[8]Barge-3'!FX42+'[8]Barge-4'!FX42 -> 0 | AQ15: =(AP15/AP$23)*100% -> 0
A16: =[1]Control!$GW$10 -> N: SLICKLINE (2) | C16: =Distribute!X42 -> 23722.988 | E16: =Distribute!Y42 -> 22613.391 | G16: =Distribute!Z42 -> 0 | I16: =SUM(C16:G16) -> 46336.379 | J16: =(I16/I$23)*100% -> 0.12914125 | L16: ='[2]AHTS-1'!FY42+'[2]AHTS-2'!FY42+'[2]AHTS-3'!FY42+'[2]AHTS-4'!FY42+'[2]AHTS-5'!FY42+'[2]AHTS-6'!FY42+'[2]AHTS-7'!FY42+'[2]AHTS-8'!FY42+'[3]CB-1'!FY42+'[3]CB-2'!FY42+'[3]CB-3'!FY42+'[3]CB-4'!FY42+'[3]CB-5'!FY42+'[3]CB-6'!FY42+'[3]CB-7'!FY42+'[3]CB-8'!FY42+'[3]CB-9'!FY42+'[3]CB-10'!FY42+'[3]CB-11'!FY42+'[3]CB-12'!FY42+'[3]CB-13'!FY42+'[3]CB-14'!FY42+'[3]CB-15'!FY42+'[3]CB-16'!FY42+'[3]CB-17'!FY42+'[3]CB-18'!FY42+'[3]CB-19'!FY42+'[3]CB-20'!FY42+'[3]CB-21'!FY42+'[3]CB-22'!FY42+'[3]CB-23'!FY42+'[3]CB-24'!FY42+'[4]LCT-1'!FY42+'[4]LCT-2'!FY42+'[4]LCT-3'!FY42+'[4]LCT-4'!FY42+'[4]LCT-5'!FY42+'[4]LCT-6'!FY42+'[4]LCT-7'!FY42+'[4]LCT-8'!FY42+'[5]TB-1'!FY42+'[5]TB-2'!FY42+'[5]TB-3'!FY42+'[5]TB-4'!FY42+'[5]TB-5'!FY42+'[5]TB-6'!FY42+'[5]TB-7'!FY42+'[5]TB-8'!FY42+'[5]TB-9'!FY42+'[5]TB-10'!FY42+'[6]DSV-1'!FY42+'[6]DSV-2'!FY42+'[6]DSV-3'!FY42+'[7]TUB-1'!FY42+'[7]TUB-2'!FY42+'[8]Barge-1'!FY42+'[8]Barge-2'!FY42+'[8]Barge-3'!FY42+'[8]Barge-4'!FY42 -> 317.26667 | M16: =(L16/L$23)*100% -> 0.11415755 | AE16: =[1]Control!$GW$10 -> N: SLICKLINE (2) | AG16: =Distribute!BO42 -> 3.7408747e+08 | AI16: =Distribute!BP42 -> 3.56645e+08 | AK16: =Distribute!BQ42 -> 0 | AM16: =SUM(AG16:AK16) -> 7.3073247e+08 | AN16: =(AM16/AM$23)*100% -> 0.12928395 | AP16: ='[2]AHTS-1'!FY42+'[2]AHTS-2'!FY42+'[2]AHTS-3'!FY42+'[2]AHTS-4'!FY42+'[2]AHTS-5'!FY42+'[2]AHTS-6'!FY42+'[2]AHTS-7'!FY42+'[2]AHTS-8'!FY42+'[3]CB-1'!FY42+'[3]CB-2'!FY42+'[3]CB-3'!FY42+'[3]CB-4'!FY42+'[3]CB-5'!FY42+'[3]CB-6'!FY42+'[3]CB-7'!FY42+'[3]CB-8'!FY42+'[3]CB-9'!FY42+'[3]CB-10'!FY42+'[3]CB-11'!FY42+'[3]CB-12'!FY42+'[3]CB-13'!FY42+'[3]CB-14'!FY42+'[3]CB-15'!FY42+'[3]CB-16'!FY42+'[3]CB-17'!FY42+'[3]CB-18'!FY42+'[3]CB-19'!FY42+'[3]CB-20'!FY42+'[3]CB-21'!FY42+'[3]CB-22'!FY42+'[3]CB-23'!FY42+'[3]CB-24'!FY42+'[4]LCT-1'!FY42+'[4]LCT-2'!FY42+'[4]LCT-3'!FY42+'[4]LCT-4'!FY42+'[4]LCT-5'!FY42+'[4]LCT-6'!FY42+'[4]LCT-7'!FY42+'[4]LCT-8'!FY42+'[5]TB-1'!FY42+'[5]TB-2'!FY42+'[5]TB-3'!FY42+'[5]TB-4'!FY42+'[5]TB-5'!FY42+'[5]TB-6'!FY42+'[5]TB-7'!FY42+'[5]TB-8'!FY42+'[5]TB-9'!FY42+'[5]TB-10'!FY42+'[6]DSV-1'!FY42+'[6]DSV-2'!FY42+'[6]DSV-3'!FY42+'[7]TUB-1'!FY42+'[7]TUB-2'!FY42+'[8]Barge-1'!FY42+'[8]Barge-2'!FY42+'[8]Barge-3'!FY42+'[8]Barge-4'!FY42 -> 317.26667 | AQ16: =(AP16/AP$23)*100% -> 0.11415755
A17: =[1]Control!$GX$10 -> DEBRIS SURVEY | C17: =Distribute!AA42 -> 0 | E17: =Distribute!AB42 -> 0 | G17: =Distribute!AC42 -> 0 | I17: =SUM(C17:G17) -> 0 | J17: =(I17/I$23)*100% -> 0 | L17: ='[2]AHTS-1'!FZ42+'[2]AHTS-2'!FZ42+'[2]AHTS-3'!FZ42+'[2]AHTS-4'!FZ42+'[2]AHTS-5'!FZ42+'[2]AHTS-6'!FZ42+'[2]AHTS-7'!FZ42+'[2]AHTS-8'!FZ42+'[3]CB-1'!FZ42+'[3]CB-2'!FZ42+'[3]CB-3'!FZ42+'[3]CB-4'!FZ42+'[3]CB-5'!FZ42+'[3]CB-6'!FZ42+'[3]CB-7'!FZ42+'[3]CB-8'!FZ42+'[3]CB-9'!FZ42+'[3]CB-10'!FZ42+'[3]CB-11'!FZ42+'[3]CB-12'!FZ42+'[3]CB-13'!FZ42+'[3]CB-14'!FZ42+'[3]CB-15'!FZ42+'[3]CB-16'!FZ42+'[3]CB-17'!FZ42+'[3]CB-18'!FZ42+'[3]CB-19'!FZ42+'[3]CB-20'!FZ42+'[3]CB-21'!FZ42+'[3]CB-22'!FZ42+'[3]CB-23'!FZ42+'[3]CB-24'!FZ42+'[4]LCT-1'!FZ42+'[4]LCT-2'!FZ42+'[4]LCT-3'!FZ42+'[4]LCT-4'!FZ42+'[4]LCT-5'!FZ42+'[4]LCT-6'!FZ42+'[4]LCT-7'!FZ42+'[4]LCT-8'!FZ42+'[5]TB-1'!FZ42+'[5]TB-2'!FZ42+'[5]TB-3'!FZ42+'[5]TB-4'!FZ42+'[5]TB-5'!FZ42+'[5]TB-6'!FZ42+'[5]TB-7'!FZ42+'[5]TB-8'!FZ42+'[5]TB-9'!FZ42+'[5]TB-10'!FZ42+'[6]DSV-1'!FZ42+'[6]DSV-2'!FZ42+'[6]DSV-3'!FZ42+'[7]TUB-1'!FZ42+'[7]TUB-2'!FZ42+'[8]Barge-1'!FZ42+'[8]Barge-2'!FZ42+'[8]Barge-3'!FZ42+'[8]Barge-4'!FZ42 -> 0 | M17: =(L17/L$23)*100% -> 0 | AE17: =[1]Control!$GX$10 -> DEBRIS SURVEY | AG17: =Distribute!BR42 -> 0 | AI17: =Distribute!BS42 -> 0 | AK17: =Distribute!BT42 -> 0 | AM17: =SUM(AG17:AK17) -> 0 | AN17: =(AM17/AM$23)*100% -> 0 | AP17: ='[2]AHTS-1'!FZ42+'[2]AHTS-2'!FZ42+'[2]AHTS-3'!FZ42+'[2]AHTS-4'!FZ42+'[2]AHTS-5'!FZ42+'[2]AHTS-6'!FZ42+'[2]AHTS-7'!FZ42+'[2]AHTS-8'!FZ42+'[3]CB-1'!FZ42+'[3]CB-2'!FZ42+'[3]CB-3'!FZ42+'[3]CB-4'!FZ42+'[3]CB-5'!FZ42+'[3]CB-6'!FZ42+'[3]CB-7'!FZ42+'[3]CB-8'!FZ42+'[3]CB-9'!FZ42+'[3]CB-10'!FZ42+'[3]CB-11'!FZ42+'[3]CB-12'!FZ42+'[3]CB-13'!FZ42+'[3]CB-14'!FZ42+'[3]CB-15'!FZ42+'[3]CB-16'!FZ42+'[3]CB-17'!FZ42+'[3]CB-18'!FZ42+'[3]CB-19'!FZ42+'[3]CB-20'!FZ42+'[3]CB-21'!FZ42+'[3]CB-22'!FZ42+'[3]CB-23'!FZ42+'[3]CB-24'!FZ42+'[4]LCT-1'!FZ42+'[4]LCT-2'!FZ42+'[4]LCT-3'!FZ42+'[4]LCT-4'!FZ42+'[4]LCT-5'!FZ42+'[4]LCT-6'!FZ42+'[4]LCT-7'!FZ42+'[4]LCT-8'!FZ42+'[5]TB-1'!FZ42+'[5]TB-2'!FZ42+'[5]TB-3'!FZ42+'[5]TB-4'!FZ42+'[5]TB-5'!FZ42+'[5]TB-6'!FZ42+'[5]TB-7'!FZ42+'[5]TB-8'!FZ42+'[5]TB-9'!FZ42+'[5]TB-10'!FZ42+'[6]DSV-1'!FZ42+'[6]DSV-2'!FZ42+'[6]DSV-3'!FZ42+'[7]TUB-1'!FZ42+'[7]TUB-2'!FZ42+'[8]Barge-1'!FZ42+'[8]Barge-2'!FZ42+'[8]Barge-3'!FZ42+'[8]Barge-4'!FZ42 -> 0 | AQ17: =(AP17/AP$23)*100% -> 0
A18: =[1]Control!$GY$10 -> STORK (WLI) | C18: =Distribute!AD42 -> 0 | E18: =Distribute!AE42 -> 0 | G18: =Distribute!AF42 -> 0 | I18: =SUM(C18:G18) -> 0 | J18: =(I18/I$23)*100% -> 0 | L18: ='[2]AHTS-1'!GA42+'[2]AHTS-2'!GA42+'[2]AHTS-3'!GA42+'[2]AHTS-4'!GA42+'[2]AHTS-5'!GA42+'[2]AHTS-6'!GA42+'[2]AHTS-7'!GA42+'[2]AHTS-8'!GA42+'[3]CB-1'!GA42+'[3]CB-2'!GA42+'[3]CB-3'!GA42+'[3]CB-4'!GA42+'[3]CB-5'!GA42+'[3]CB-6'!GA42+'[3]CB-7'!GA42+'[3]CB-8'!GA42+'[3]CB-9'!GA42+'[3]CB-10'!GA42+'[3]CB-11'!GA42+'[3]CB-12'!GA42+'[3]CB-13'!GA42+'[3]CB-14'!GA42+'[3]CB-15'!GA42+'[3]CB-16'!GA42+'[3]CB-17'!GA42+'[3]CB-18'!GA42+'[3]CB-19'!GA42+'[3]CB-20'!GA42+'[3]CB-21'!GA42+'[3]CB-22'!GA42+'[3]CB-23'!GA42+'[3]CB-24'!GA42+'[4]LCT-1'!GA42+'[4]LCT-2'!GA42+'[4]LCT-3'!GA42+'[4]LCT-4'!GA42+'[4]LCT-5'!GA42+'[4]LCT-6'!GA42+'[4]LCT-7'!GA42+'[4]LCT-8'!GA42+'[5]TB-1'!GA42+'[5]TB-2'!GA42+'[5]TB-3'!GA42+'[5]TB-4'!GA42+'[5]TB-5'!GA42+'[5]TB-6'!GA42+'[5]TB-7'!GA42+'[5]TB-8'!GA42+'[5]TB-9'!GA42+'[5]TB-10'!GA42+'[6]DSV-1'!GA42+'[6]DSV-2'!GA42+'[6]DSV-3'!GA42+'[7]TUB-1'!GA42+'[7]TUB-2'!GA42+'[8]Barge-1'!GA42+'[8]Barge-2'!GA42+'[8]Barge-3'!GA42+'[8]Barge-4'!GA42 -> 0 | M18: =(L18/L$23)*100% -> 0 | AE18: =[1]Control!$GY$10 -> STORK (WLI) | AG18: =Distribute!BU42 -> 0 | AI18: =Distribute!BV42 -> 0 | AK18: =Distribute!BW42 -> 0 | AM18: =SUM(AG18:AK18) -> 0 | AN18: =(AM18/AM$23)*100% -> 0 | AP18: ='[2]AHTS-1'!GA42+'[2]AHTS-2'!GA42+'[2]AHTS-3'!GA42+'[2]AHTS-4'!GA42+'[2]AHTS-5'!GA42+'[2]AHTS-6'!GA42+'[2]AHTS-7'!GA42+'[2]AHTS-8'!GA42+'[3]CB-1'!GA42+'[3]CB-2'!GA42+'[3]CB-3'!GA42+'[3]CB-4'!GA42+'[3]CB-5'!GA42+'[3]CB-6'!GA42+'[3]CB-7'!GA42+'[3]CB-8'!GA42+'[3]CB-9'!GA42+'[3]CB-10'!GA42+'[3]CB-11'!GA42+'[3]CB-12'!GA42+'[3]CB-13'!GA42+'[3]CB-14'!GA42+'[3]CB-15'!GA42+'[3]CB-16'!GA42+'[3]CB-17'!GA42+'[3]CB-18'!GA42+'[3]CB-19'!GA42+'[3]CB-20'!GA42+'[3]CB-21'!GA42+'[3]CB-22'!GA42+'[3]CB-23'!GA42+'[3]CB-24'!GA42+'[4]LCT-1'!GA42+'[4]LCT-2'!GA42+'[4]LCT-3'!GA42+'[4]LCT-4'!GA42+'[4]LCT-5'!GA42+'[4]LCT-6'!GA42+'[4]LCT-7'!GA42+'[4]LCT-8'!GA42+'[5]TB-1'!GA42+'[5]TB-2'!GA42+'[5]TB-3'!GA42+'[5]TB-4'!GA42+'[5]TB-5'!GA42+'[5]TB-6'!GA42+'[5]TB-7'!GA42+'[5]TB-8'!GA42+'[5]TB-9'!GA42+'[5]TB-10'!GA42+'[6]DSV-1'!GA42+'[6]DSV-2'!GA42+'[6]DSV-3'!GA42+'[7]TUB-1'!GA42+'[7]TUB-2'!GA42+'[8]Barge-1'!GA42+'[8]Barge-2'!GA42+'[8]Barge-3'!GA42+'[8]Barge-4'!GA42 -> 0 | AQ18: =(AP18/AP$23)*100% -> 0
A19: =[1]Control!$GZ$10 -> - | C19: =Distribute!AG42 -> 0 | E19: =Distribute!AH42 -> 0 | G19: =Distribute!AI42 -> 0 | I19: =SUM(C19:G19) -> 0 | J19: =(I19/I$23)*100% -> 0 | L19: ='[2]AHTS-1'!GB42+'[2]AHTS-2'!GB42+'[2]AHTS-3'!GB42+'[2]AHTS-4'!GB42+'[2]AHTS-5'!GB42+'[2]AHTS-6'!GB42+'[2]AHTS-7'!GB42+'[2]AHTS-8'!GB42+'[3]CB-1'!GB42+'[3]CB-2'!GB42+'[3]CB-3'!GB42+'[3]CB-4'!GB42+'[3]CB-5'!GB42+'[3]CB-6'!GB42+'[3]CB-7'!GB42+'[3]CB-8'!GB42+'[3]CB-9'!GB42+'[3]CB-10'!GB42+'[3]CB-11'!GB42+'[3]CB-12'!GB42+'[3]CB-13'!GB42+'[3]CB-14'!GB42+'[3]CB-15'!GB42+'[3]CB-16'!GB42+'[3]CB-17'!GB42+'[3]CB-18'!GB42+'[3]CB-19'!GB42+'[3]CB-20'!GB42+'[3]CB-21'!GB42+'[3]CB-22'!GB42+'[3]CB-23'!GB42+'[3]CB-24'!GB42+'[4]LCT-1'!GB42+'[4]LCT-2'!GB42+'[4]LCT-3'!GB42+'[4]LCT-4'!GB42+'[4]LCT-5'!GB42+'[4]LCT-6'!GB42+'[4]LCT-7'!GB42+'[4]LCT-8'!GB42+'[5]TB-1'!GB42+'[5]TB-2'!GB42+'[5]TB-3'!GB42+'[5]TB-4'!GB42+'[5]TB-5'!GB42+'[5]TB-6'!GB42+'[5]TB-7'!GB42+'[5]TB-8'!GB42+'[5]TB-9'!GB42+'[5]TB-10'!GB42+'[6]DSV-1'!GB42+'[6]DSV-2'!GB42+'[6]DSV-3'!GB42+'[7]TUB-1'!GB42+'[7]TUB-2'!GB42+'[8]Barge-1'!GB42+'[8]Barge-2'!GB42+'[8]Barge-3'!GB42+'[8]Barge-4'!GB42 -> 0 | M19: =(L19/L$23)*100% -> 0 | AE19: =[1]Control!$GZ$10 -> - | AG19: =Distribute!BX42 -> 0 | AI19: =Distribute!BY42 -> 0 | AK19: =Distribute!BZ42 -> 0 | AM19: =SUM(AG19:AK19) -> 0 | AN19: =(AM19/AM$23)*100% -> 0 | AP19: ='[2]AHTS-1'!GB42+'[2]AHTS-2'!GB42+'[2]AHTS-3'!GB42+'[2]AHTS-4'!GB42+'[2]AHTS-5'!GB42+'[2]AHTS-6'!GB42+'[2]AHTS-7'!GB42+'[2]AHTS-8'!GB42+'[3]CB-1'!GB42+'[3]CB-2'!GB42+'[3]CB-3'!GB42+'[3]CB-4'!GB42+'[3]CB-5'!GB42+'[3]CB-6'!GB42+'[3]CB-7'!GB42+'[3]CB-8'!GB42+'[3]CB-9'!GB42+'[3]CB-10'!GB42+'[3]CB-11'!GB42+'[3]CB-12'!GB42+'[3]CB-13'!GB42+'[3]CB-14'!GB42+'[3]CB-15'!GB42+'[3]CB-16'!GB42+'[3]CB-17'!GB42+'[3]CB-18'!GB42+'[3]CB-19'!GB42+'[3]CB-20'!GB42+'[3]CB-21'!GB42+'[3]CB-22'!GB42+'[3]CB-23'!GB42+'[3]CB-24'!GB42+'[4]LCT-1'!GB42+'[4]LCT-2'!GB42+'[4]LCT-3'!GB42+'[4]LCT-4'!GB42+'[4]LCT-5'!GB42+'[4]LCT-6'!GB42+'[4]LCT-7'!GB42+'[4]LCT-8'!GB42+'[5]TB-1'!GB42+'[5]TB-2'!GB42+'[5]TB-3'!GB42+'[5]TB-4'!GB42+'[5]TB-5'!GB42+'[5]TB-6'!GB42+'[5]TB-7'!GB42+'[5]TB-8'!GB42+'[5]TB-9'!GB42+'[5]TB-10'!GB42+'[6]DSV-1'!GB42+'[6]DSV-2'!GB42+'[6]DSV-3'!GB42+'[7]TUB-1'!GB42+'[7]TUB-2'!GB42+'[8]Barge-1'!GB42+'[8]Barge-2'!GB42+'[8]Barge-3'!GB42+'[8]Barge-4'!GB42 -> 0 | AQ19: =(AP19/AP$23)*100% -> 0
A20: =[1]Control!$HA$10 -> - | C20: =Distribute!AJ42 -> 0 | E20: =Distribute!AK42 -> 0 | G20: =Distribute!AL42 -> 0 | I20: =SUM(C20:G20) -> 0 | J20: =(I20/I$23)*100% -> 0 | L20: ='[2]AHTS-1'!GC42+'[2]AHTS-2'!GC42+'[2]AHTS-3'!GC42+'[2]AHTS-4'!GC42+'[2]AHTS-5'!GC42+'[2]AHTS-6'!GC42+'[2]AHTS-7'!GC42+'[2]AHTS-8'!GC42+'[3]CB-1'!GC42+'[3]CB-2'!GC42+'[3]CB-3'!GC42+'[3]CB-4'!GC42+'[3]CB-5'!GC42+'[3]CB-6'!GC42+'[3]CB-7'!GC42+'[3]CB-8'!GC42+'[3]CB-9'!GC42+'[3]CB-10'!GC42+'[3]CB-11'!GC42+'[3]CB-12'!GC42+'[3]CB-13'!GC42+'[3]CB-14'!GC42+'[3]CB-15'!GC42+'[3]CB-16'!GC42+'[3]CB-17'!GC42+'[3]CB-18'!GC42+'[3]CB-19'!GC42+'[3]CB-20'!GC42+'[3]CB-21'!GC42+'[3]CB-22'!GC42+'[3]CB-23'!GC42+'[3]CB-24'!GC42+'[4]LCT-1'!GC42+'[4]LCT-2'!GC42+'[4]LCT-3'!GC42+'[4]LCT-4'!GC42+'[4]LCT-5'!GC42+'[4]LCT-6'!GC42+'[4]LCT-7'!GC42+'[4]LCT-8'!GC42+'[5]TB-1'!GC42+'[5]TB-2'!GC42+'[5]TB-3'!GC42+'[5]TB-4'!GC42+'[5]TB-5'!GC42+'[5]TB-6'!GC42+'[5]TB-7'!GC42+'[5]TB-8'!GC42+'[5]TB-9'!GC42+'[5]TB-10'!GC42+'[6]DSV-1'!GC42+'[6]DSV-2'!GC42+'[6]DSV-3'!GC42+'[7]TUB-1'!GC42+'[7]TUB-2'!GC42+'[8]Barge-1'!GC42+'[8]Barge-2'!GC42+'[8]Barge-3'!GC42+'[8]Barge-4'!GC42 -> 0 | M20: =(L20/L$23)*100% -> 0 | AE20: =[1]Control!$HA$10 -> - | AG20: =Distribute!CA42 -> 0 | AI20: =Distribute!CB42 -> 0 | AK20: =Distribute!CC42 -> 0 | AM20: =SUM(AG20:AK20) -> 0 | AN20: =(AM20/AM$23)*100% -> 0 | AP20: ='[2]AHTS-1'!GC42+'[2]AHTS-2'!GC42+'[2]AHTS-3'!GC42+'[2]AHTS-4'!GC42+'[2]AHTS-5'!GC42+'[2]AHTS-6'!GC42+'[2]AHTS-7'!GC42+'[2]AHTS-8'!GC42+'[3]CB-1'!GC42+'[3]CB-2'!GC42+'[3]CB-3'!GC42+'[3]CB-4'!GC42+'[3]CB-5'!GC42+'[3]CB-6'!GC42+'[3]CB-7'!GC42+'[3]CB-8'!GC42+'[3]CB-9'!GC42+'[3]CB-10'!GC42+'[3]CB-11'!GC42+'[3]CB-12'!GC42+'[3]CB-13'!GC42+'[3]CB-14'!GC42+'[3]CB-15'!GC42+'[3]CB-16'!GC42+'[3]CB-17'!GC42+'[3]CB-18'!GC42+'[3]CB-19'!GC42+'[3]CB-20'!GC42+'[3]CB-21'!GC42+'[3]CB-22'!GC42+'[3]CB-23'!GC42+'[3]CB-24'!GC42+'[4]LCT-1'!GC42+'[4]LCT-2'!GC42+'[4]LCT-3'!GC42+'[4]LCT-4'!GC42+'[4]LCT-5'!GC42+'[4]LCT-6'!GC42+'[4]LCT-7'!GC42+'[4]LCT-8'!GC42+'[5]TB-1'!GC42+'[5]TB-2'!GC42+'[5]TB-3'!GC42+'[5]TB-4'!GC42+'[5]TB-5'!GC42+'[5]TB-6'!GC42+'[5]TB-7'!GC42+'[5]TB-8'!GC42+'[5]TB-9'!GC42+'[5]TB-10'!GC42+'[6]DSV-1'!GC42+'[6]DSV-2'!GC42+'[6]DSV-3'!GC42+'[7]TUB-1'!GC42+'[7]TUB-2'!GC42+'[8]Barge-1'!GC42+'[8]Barge-2'!GC42+'[8]Barge-3'!GC42+'[8]Barge-4'!GC42 -> 0 | AQ20: =(AP20/AP$23)*100% -> 0
A21: =[1]Control!$HB$10 -> - | C21: =Distribute!AM42 -> 0 | E21: =Distribute!AN42 -> 0 | G21: =Distribute!AO42 -> 0 | I21: =SUM(C21:G21) -> 0 | J21: =(I21/I$23)*100% -> 0 | L21: ='[2]AHTS-1'!GD42+'[2]AHTS-2'!GD42+'[2]AHTS-3'!GD42+'[2]AHTS-4'!GD42+'[2]AHTS-5'!GD42+'[2]AHTS-6'!GD42+'[2]AHTS-7'!GD42+'[2]AHTS-8'!GD42+'[3]CB-1'!GD42+'[3]CB-2'!GD42+'[3]CB-3'!GD42+'[3]CB-4'!GD42+'[3]CB-5'!GD42+'[3]CB-6'!GD42+'[3]CB-7'!GD42+'[3]CB-8'!GD42+'[3]CB-9'!GD42+'[3]CB-10'!GD42+'[3]CB-11'!GD42+'[3]CB-12'!GD42+'[3]CB-13'!GD42+'[3]CB-14'!GD42+'[3]CB-15'!GD42+'[3]CB-16'!GD42+'[3]CB-17'!GD42+'[3]CB-18'!GD42+'[3]CB-19'!GD42+'[3]CB-20'!GD42+'[3]CB-21'!GD42+'[3]CB-22'!GD42+'[3]CB-23'!GD42+'[3]CB-24'!GD42+'[4]LCT-1'!GD42+'[4]LCT-2'!GD42+'[4]LCT-3'!GD42+'[4]LCT-4'!GD42+'[4]LCT-5'!GD42+'[4]LCT-6'!GD42+'[4]LCT-7'!GD42+'[4]LCT-8'!GD42+'[5]TB-1'!GD42+'[5]TB-2'!GD42+'[5]TB-3'!GD42+'[5]TB-4'!GD42+'[5]TB-5'!GD42+'[5]TB-6'!GD42+'[5]TB-7'!GD42+'[5]TB-8'!GD42+'[5]TB-9'!GD42+'[5]TB-10'!GD42+'[6]DSV-1'!GD42+'[6]DSV-2'!GD42+'[6]DSV-3'!GD42+'[7]TUB-1'!GD42+'[7]TUB-2'!GD42+'[8]Barge-1'!GD42+'[8]Barge-2'!GD42+'[8]Barge-3'!GD42+'[8]Barge-4'!GD42 -> 0 | M21: =(L21/L$23)*100% -> 0 | AE21: =[1]Control!$HB$10 -> - | AG21: =Distribute!CD42 -> 0 | AI21: =Distribute!CE42 -> 0 | AK21: =Distribute!CF42 -> 0 | AM21: =SUM(AG21:AK21) -> 0 | AN21: =(AM21/AM$23)*100% -> 0 | AP21: ='[2]AHTS-1'!GD42+'[2]AHTS-2'!GD42+'[2]AHTS-3'!GD42+'[2]AHTS-4'!GD42+'[2]AHTS-5'!GD42+'[2]AHTS-6'!GD42+'[2]AHTS-7'!GD42+'[2]AHTS-8'!GD42+'[3]CB-1'!GD42+'[3]CB-2'!GD42+'[3]CB-3'!GD42+'[3]CB-4'!GD42+'[3]CB-5'!GD42+'[3]CB-6'!GD42+'[3]CB-7'!GD42+'[3]CB-8'!GD42+'[3]CB-9'!GD42+'[3]CB-10'!GD42+'[3]CB-11'!GD42+'[3]CB-12'!GD42+'[3]CB-13'!GD42+'[3]CB-14'!GD42+'[3]CB-15'!GD42+'[3]CB-16'!GD42+'[3]CB-17'!GD42+'[3]CB-18'!GD42+'[3]CB-19'!GD42+'[3]CB-20'!GD42+'[3]CB-21'!GD42+'[3]CB-22'!GD42+'[3]CB-23'!GD42+'[3]CB-24'!GD42+'[4]LCT-1'!GD42+'[4]LCT-2'!GD42+'[4]LCT-3'!GD42+'[4]LCT-4'!GD42+'[4]LCT-5'!GD42+'[4]LCT-6'!GD42+'[4]LCT-7'!GD42+'[4]LCT-8'!GD42+'[5]TB-1'!GD42+'[5]TB-2'!GD42+'[5]TB-3'!GD42+'[5]TB-4'!GD42+'[5]TB-5'!GD42+'[5]TB-6'!GD42+'[5]TB-7'!GD42+'[5]TB-8'!GD42+'[5]TB-9'!GD42+'[5]TB-10'!GD42+'[6]DSV-1'!GD42+'[6]DSV-2'!GD42+'[6]DSV-3'!GD42+'[7]TUB-1'!GD42+'[7]TUB-2'!GD42+'[8]Barge-1'!GD42+'[8]Barge-2'!GD42+'[8]Barge-3'!GD42+'[8]Barge-4'!GD42 -> 0 | AQ21: =(AP21/AP$23)*100% -> 0
A23: TOTAL COST | C23: =SUM(C9:C21) -> 183604.59 | E23: =SUM(E9:E21) -> 175199.27 | G23: =SUM(G9:G21) -> 0 | I23: =SUM(I9:I21) -> 358803.86 | J23: =SUM(J9:J21) -> 1 | L23: =SUM(L9:L21) -> 2779.2 | M23: =SUM(M9:M21) -> 1 | AE23: TOTAL COST | AG23: =SUM(AG9:AG21) -> 2.89149e+09 | AI23: =SUM(AI9:AI21) -> 2.7606617e+09 | AK23: =SUM(AK9:AK21) -> 0 | AM23: =SUM(AM9:AM21) -> 5.6521517e+09 | AN23: =SUM(AN9:AN21) -> 1 | AP23: =SUM(AP9:AP21) -> 2779.2 | AQ23: =SUM(AQ9:AQ21) -> 1
E27: Summary | I27: Daily Boat Cost Distribution to Rigs, WO Barges & Units | O27: D&C Boat Cost Analysis | AI27: Summary | AM27: Daily Boat Cost Distribution to Rigs, WO Barges & Units | AS27: D&C Boat Cost Analysis
A46: =L5 -> 25 Nov - 24 Dec 2025 | C46: Fuel (liter)
A47: =A9 -> RUN EXPLOSIVE | C47: =Distribute!C83 -> 0
A48: =A10 -> ASSET | C48: =Distribute!F83 -> 0
A49: =A11 -> TIRTA RAJAWALI | C49: =Distribute!I83 -> 125227.65
A50: =A12 -> S: SLICKLINE UNIT | C50: =Distribute!L83 -> 23523.667
A51: =A13 -> N: SLICKLINE (1) | C51: =Distribute!O83 -> 0
A52: =A14 -> LAIN-LAIN | C52: =Distribute!R83 -> 7125
A53: =A15 -> SOIL BORING | C53: =Distribute!U83 -> 0
A54: =A16 -> N: SLICKLINE (2) | C54: =Distribute!X83 -> 23163.311
A55: =A17 -> DEBRIS SURVEY | C55: =Distribute!AA83 -> 0
A56: =A18 -> STORK (WLI) | C56: =Distribute!AD83 -> 0
A57: =A19 -> - | C57: =Distribute!AG83 -> 0
A58: =A20 -> - | C58: =Distribute!AJ83 -> 0
A59: =A21 -> - | C59: =Distribute!AM83 -> 0
A61: TOTAL (liter) | C61: =SUM(C47:C60) -> 179039.63

Sheet Distribute
D8: 1 | G8: 2 | J8: 3 | M8: 4 | P8: 5 | S8: 6 | V8: 7 | Y8: 8 | AB8: 9 | AE8: 10 | AH8: 11 | AK8: 12 | AN8: 13 | AU8: 1 | AX8: 2 | BA8: 3 | BD8: 4 | BG8: 5 | BJ8: 6 | BM8: 7 | BP8: 8 | BS8: 9 | BV8: 10 | BY8: 11 | CB8: 12 | CE8: 13
C9: =[1]Control!GP10 -> RUN EXPLOSIVE | F9: =[1]Control!GQ10 -> ASSET | I9: =[1]Control!GR10 -> TIRTA RAJAWALI | L9: =[1]Control!GS10 -> S: SLICKLINE UNIT | O9: =[1]Control!GT10 -> N: SLICKLINE (1) | R9: =[1]Control!GU10 -> LAIN-LAIN | U9: =[1]Control!GV10 -> SOIL BORING | X9: =[1]Control!GW10 -> N: SLICKLINE (2) | AA9: =[1]Control!GX10 -> DEBRIS SURVEY | AD9: =[1]Control!GY10 -> STORK (WLI) | AG9: =[1]Control!GZ10 -> - | AJ9: =[1]Control!HA10 -> - | AM9: =[1]Control!HB10 -> - | AT9: =[1]Control!GP10 -> RUN EXPLOSIVE | AW9: =[1]Control!GQ10 -> ASSET | AZ9: =[1]Control!GR10 -> TIRTA RAJAWALI | BC9: =[1]Control!$GS$10 -> S: SLICKLINE UNIT | BF9: =[1]Control!$GT$10 -> N: SLICKLINE (1) | BI9: =[1]Control!$GU$10 -> LAIN-LAIN | BL9: =[1]Control!$GV$10 -> SOIL BORING | BO9: =[1]Control!$GW$10 -> N: SLICKLINE (2) | BR9: =[1]Control!$GX$10 -> DEBRIS SURVEY | BU9: =[1]Control!$GY$10 -> STORK (WLI) | BX9: =[1]Control!$GZ$10 -> - | CA9: =[1]Control!$HA$10 -> - | CD9: =[1]Control!$HB$10 -> -
A10: DATE | C10: FUEL | D10: DAYRATE | E10: MOB / DEMOB | F10: FUEL | G10: DAYRATE | H10: MOB / DEMOB | I10: FUEL | J10: DAYRATE | K10: MOB / DEMOB | L10: FUEL | M10: DAYRATE | N10: MOB / DEMOB | O10: FUEL | P10: DAYRATE | Q10: MOB / DEMOB | R10: FUEL | S10: DAYRATE | T10: MOB / DEMOB | U10: FUEL | V10: DAYRATE | W10: MOB / DEMOB | X10: FUEL | Y10: DAYRATE | Z10: MOB / DEMOB | AA10: FUEL | AB10: DAYRATE | AC10: MOB / DEMOB | AD10: FUEL | AE10: DAYRATE | AF10: MOB / DEMOB | AG10: FUEL | AH10: DAYRATE | AI10: MOB / DEMOB | AJ10: FUEL | AK10: DAYRATE | AL10: MOB / DEMOB | AM10: FUEL | AN10: DAYRATE | AO10: MOB / DEMOB | AR10: DATE | AT10: FUEL | AU10: DAYRATE | AV10: MOB / DEMOB | AW10: FUEL | AX10: DAYRATE | AY10: MOB / DEMOB | AZ10: FUEL | BA10: DAYRATE | BB10: MOB / DEMOB | BC10: FUEL | BD10: DAYRATE | BE10: MOB / DEMOB | BF10: FUEL | BG10: DAYRATE | BH10: MOB / DEMOB | BI10: FUEL | BJ10: DAYRATE | BK10: MOB / DEMOB | BL10: FUEL | BM10: DAYRATE | BN10: MOB / DEMOB | BO10: FUEL | BP10: DAYRATE | BQ10: MOB / DEMOB | BR10: FUEL | BS10: DAYRATE | BT10: MOB / DEMOB | BU10: FUEL | BV10: DAYRATE | BW10: MOB / DEMOB | BX10: FUEL | BY10: DAYRATE | BZ10: MOB / DEMOB | CA10: FUEL | CB10: DAYRATE | CC10: MOB / DEMOB | CD10: FUEL | CE10: DAYRATE | CF10: MOB / DEMOB
A11: =[1]Control!$AZ11 -> 45986 | C11: ='[2]AHTS-1'!AG11+'[2]AHTS-2'!AG11+'[2]AHTS-3'!AG11+'[2]AHTS-4'!AG11+'[2]AHTS-5'!AG11+'[2]AHTS-6'!AG11+'[2]AHTS-7'!AG11+'[2]AHTS-8'!AG11+'[3]CB-1'!AG11+'[3]CB-2'!AG11+'[3]CB-3'!AG11+'[3]CB-4'!AG11+'[3]CB-5'!AG11+'[3]CB-6'!AG11+'[3]CB-7'!AG11+'[3]CB-8'!AG11+'[3]CB-9'!AG11+'[3]CB-10'!AG11+'[3]CB-11'!AG11+'[3]CB-12'!AG11+'[3]CB-13'!AG11+'[3]CB-14'!AG11+'[3]CB-15'!AG11+'[3]CB-16'!AG11+'[3]CB-17'!AG11+'[3]CB-18'!AG11+'[3]CB-19'!AG11+'[3]CB-20'!AG11+'[3]CB-21'!AG11+'[3]CB-22'!AG11+'[3]CB-23'!AG11+'[3]CB-24'!AG11+'[4]LCT-1'!AG11+'[4]LCT-2'!AG11+'[4]LCT-3'!AG11+'[4]LCT-4'!AG11+'[4]LCT-5'!AG11+'[4]LCT-6'!AG11+'[4]LCT-7'!AG11+'[4]LCT-8'!AG11+'[5]TB-1'!AG11+'[5]TB-2'!AG11+'[5]TB-3'!AG11+'[5]TB-4'!AG11+'[5]TB-5'!AG11+'[5]TB-6'!AG11+'[5]TB-7'!AG11+'[5]TB-8'!AG11+'[5]TB-9'!AG11+'[5]TB-10'!AG11+'[6]DSV-1'!AG11+'[6]DSV-2'!AG11+'[6]DSV-3'!AG11+'[7]TUB-1'!AG11+'[7]TUB-2'!AG11+'[8]Barge-1'!AG11+'[8]Barge-2'!AG11+'[8]Barge-3'!AG11+'[8]Barge-4'!AG11 -> 0 | D11: ='[2]AHTS-1'!BC11+'[2]AHTS-2'!BC11+'[2]AHTS-3'!BC11+'[2]AHTS-4'!BC11+'[2]AHTS-5'!BC11+'[2]AHTS-6'!BC11+'[2]AHTS-7'!BC11+'[2]AHTS-8'!BC11+'[3]CB-1'!BC11+'[3]CB-2'!BC11+'[3]CB-3'!BC11+'[3]CB-4'!BC11+'[3]CB-5'!BC11+'[3]CB-6'!BC11+'[3]CB-7'!BC11+'[3]CB-8'!BC11+'[3]CB-9'!BC11+'[3]CB-10'!BC11+'[3]CB-11'!BC11+'[3]CB-12'!BC11+'[3]CB-13'!BC11+'[3]CB-14'!BC11+'[3]CB-15'!BC11+'[3]CB-16'!BC11+'[3]CB-17'!BC11+'[3]CB-18'!BC11+'[3]CB-19'!BC11+'[3]CB-20'!BC11+'[3]CB-21'!BC11+'[3]CB-22'!BC11+'[3]CB-23'!BC11+'[3]CB-24'!BC11+'[4]LCT-1'!BC11+'[4]LCT-2'!BC11+'[4]LCT-3'!BC11+'[4]LCT-4'!BC11+'[4]LCT-5'!BC11+'[4]LCT-6'!BC11+'[4]LCT-7'!BC11+'[4]LCT-8'!BC11+'[5]TB-1'!BC11+'[5]TB-2'!BC11+'[5]TB-3'!BC11+'[5]TB-4'!BC11+'[5]TB-5'!BC11+'[5]TB-6'!BC11+'[5]TB-7'!BC11+'[5]TB-8'!BC11+'[5]TB-9'!BC11+'[5]TB-10'!BC11+'[6]DSV-1'!BC11+'[6]DSV-2'!BC11+'[6]DSV-3'!BC11+'[7]TUB-1'!BC11+'[7]TUB-2'!BC11+'[8]Barge-1'!BC11+'[8]Barge-2'!BC11+'[8]Barge-3'!BC11+'[8]Barge-4'!BC11 -> 0 | E11: ='[2]AHTS-1'!BY11+'[2]AHTS-2'!BY11+'[2]AHTS-3'!BY11+'[2]AHTS-4'!BY11+'[2]AHTS-5'!BY11+'[2]AHTS-6'!BY11+'[2]AHTS-7'!BY11+'[2]AHTS-8'!BY11+'[3]CB-1'!BY11+'[3]CB-2'!BY11+'[3]CB-3'!BY11+'[3]CB-4'!BY11+'[3]CB-5'!BY11+'[3]CB-6'!BY11+'[3]CB-7'!BY11+'[3]CB-8'!BY11+'[3]CB-9'!BY11+'[3]CB-10'!BY11+'[3]CB-11'!BY11+'[3]CB-12'!BY11+'[3]CB-13'!BY11+'[3]CB-14'!BY11+'[3]CB-15'!BY11+'[3]CB-16'!BY11+'[3]CB-17'!BY11+'[3]CB-18'!BY11+'[3]CB-19'!BY11+'[3]CB-20'!BY11+'[3]CB-21'!BY11+'[3]CB-22'!BY11+'[3]CB-23'!BY11+'[3]CB-24'!BY11+'[4]LCT-1'!BY11+'[4]LCT-2'!BY11+'[4]LCT-3'!BY11+'[4]LCT-4'!BY11+'[4]LCT-5'!BY11+'[4]LCT-6'!BY11+'[4]LCT-7'!BY11+'[4]LCT-8'!BY11+'[5]TB-1'!BY11+'[5]TB-2'!BY11+'[5]TB-3'!BY11+'[5]TB-4'!BY11+'[5]TB-5'!BY11+'[5]TB-6'!BY11+'[5]TB-7'!BY11+'[5]TB-8'!BY11+'[5]TB-9'!BY11+'[5]TB-10'!BY11+'[6]DSV-1'!BY11+'[6]DSV-2'!BY11+'[6]DSV-3'!BY11+'[7]TUB-1'!BY11+'[7]TUB-2'!BY11+'[8]Barge-1'!BY11+'[8]Barge-2'!BY11+'[8]Barge-3'!BY11+'[8]Barge-4'!BY11 -> 0 | F11: ='[2]AHTS-1'!AH11+'[2]AHTS-2'!AH11+'[2]AHTS-3'!AH11+'[2]AHTS-4'!AH11+'[2]AHTS-5'!AH11+'[2]AHTS-6'!AH11+'[2]AHTS-7'!AH11+'[2]AHTS-8'!AH11+'[3]CB-1'!AH11+'[3]CB-2'!AH11+'[3]CB-3'!AH11+'[3]CB-4'!AH11+'[3]CB-5'!AH11+'[3]CB-6'!AH11+'[3]CB-7'!AH11+'[3]CB-8'!AH11+'[3]CB-9'!AH11+'[3]CB-10'!AH11+'[3]CB-11'!AH11+'[3]CB-12'!AH11+'[3]CB-13'!AH11+'[3]CB-14'!AH11+'[3]CB-15'!AH11+'[3]CB-16'!AH11+'[3]CB-17'!AH11+'[3]CB-18'!AH11+'[3]CB-19'!AH11+'[3]CB-20'!AH11+'[3]CB-21'!AH11+'[3]CB-22'!AH11+'[3]CB-23'!AH11+'[3]CB-24'!AH11+'[4]LCT-1'!AH11+'[4]LCT-2'!AH11+'[4]LCT-3'!AH11+'[4]LCT-4'!AH11+'[4]LCT-5'!AH11+'[4]LCT-6'!AH11+'[4]LCT-7'!AH11+'[4]LCT-8'!AH11+'[5]TB-1'!AH11+'[5]TB-2'!AH11+'[5]TB-3'!AH11+'[5]TB-4'!AH11+'[5]TB-5'!AH11+'[5]TB-6'!AH11+'[5]TB-7'!AH11+'[5]TB-8'!AH11+'[5]TB-9'!AH11+'[5]TB-10'!AH11+'[6]DSV-1'!AH11+'[6]DSV-2'!AH11+'[6]DSV-3'!AH11+'[7]TUB-1'!AH11+'[7]TUB-2'!AH11+'[8]Barge-1'!AH11+'[8]Barge-2'!AH11+'[8]Barge-3'!AH11+'[8]Barge-4'!AH11 -> 0 | G11: ='[2]AHTS-1'!BD11+'[2]AHTS-2'!BD11+'[2]AHTS-3'!BD11+'[2]AHTS-4'!BD11+'[2]AHTS-5'!BD11+'[2]AHTS-6'!BD11+'[2]AHTS-7'!BD11+'[2]AHTS-8'!BD11+'[3]CB-1'!BD11+'[3]CB-2'!BD11+'[3]CB-3'!BD11+'[3]CB-4'!BD11+'[3]CB-5'!BD11+'[3]CB-6'!BD11+'[3]CB-7'!BD11+'[3]CB-8'!BD11+'[3]CB-9'!BD11+'[3]CB-10'!BD11+'[3]CB-11'!BD11+'[3]CB-12'!BD11+'[3]CB-13'!BD11+'[3]CB-14'!BD11+'[3]CB-15'!BD11+'[3]CB-16'!BD11+'[3]CB-17'!BD11+'[3]CB-18'!BD11+'[3]CB-19'!BD11+'[3]CB-20'!BD11+'[3]CB-21'!BD11+'[3]CB-22'!BD11+'[3]CB-23'!BD11+'[3]CB-24'!BD11+'[4]LCT-1'!BD11+'[4]LCT-2'!BD11+'[4]LCT-3'!BD11+'[4]LCT-4'!BD11+'[4]LCT-5'!BD11+'[4]LCT-6'!BD11+'[4]LCT-7'!BD11+'[4]LCT-8'!BD11+'[5]TB-1'!BD11+'[5]TB-2'!BD11+'[5]TB-3'!BD11+'[5]TB-4'!BD11+'[5]TB-5'!BD11+'[5]TB-6'!BD11+'[5]TB-7'!BD11+'[5]TB-8'!BD11+'[5]TB-9'!BD11+'[5]TB-10'!BD11+'[6]DSV-1'!BD11+'[6]DSV-2'!BD11+'[6]DSV-3'!BD11+'[7]TUB-1'!BD11+'[7]TUB-2'!BD11+'[8]Barge-1'!BD11+'[8]Barge-2'!BD11+'[8]Barge-3'!BD11+'[8]Barge-4'!BD11 -> 0 | H11: ='[2]AHTS-1'!BZ11+'[2]AHTS-2'!BZ11+'[2]AHTS-3'!BZ11+'[2]AHTS-4'!BZ11+'[2]AHTS-5'!BZ11+'[2]AHTS-6'!BZ11+'[2]AHTS-7'!BZ11+'[2]AHTS-8'!BZ11+'[3]CB-1'!BZ11+'[3]CB-2'!BZ11+'[3]CB-3'!BZ11+'[3]CB-4'!BZ11+'[3]CB-5'!BZ11+'[3]CB-6'!BZ11+'[3]CB-7'!BZ11+'[3]CB-8'!BZ11+'[3]CB-9'!BZ11+'[3]CB-10'!BZ11+'[3]CB-11'!BZ11+'[3]CB-12'!BZ11+'[3]CB-13'!BZ11+'[3]CB-14'!BZ11+'[3]CB-15'!BZ11+'[3]CB-16'!BZ11+'[3]CB-17'!BZ11+'[3]CB-18'!BZ11+'[3]CB-19'!BZ11+'[3]CB-20'!BZ11+'[3]CB-21'!BZ11+'[3]CB-22'!BZ11+'[3]CB-23'!BZ11+'[3]CB-24'!BZ11+'[4]LCT-1'!BZ11+'[4]LCT-2'!BZ11+'[4]LCT-3'!BZ11+'[4]LCT-4'!BZ11+'[4]LCT-5'!BZ11+'[4]LCT-6'!BZ11+'[4]LCT-7'!BZ11+'[4]LCT-8'!BZ11+'[5]TB-1'!BZ11+'[5]TB-2'!BZ11+'[5]TB-3'!BZ11+'[5]TB-4'!BZ11+'[5]TB-5'!BZ11+'[5]TB-6'!BZ11+'[5]TB-7'!BZ11+'[5]TB-8'!BZ11+'[5]TB-9'!BZ11+'[5]TB-10'!BZ11+'[6]DSV-1'!BZ11+'[6]DSV-2'!BZ11+'[6]DSV-3'!BZ11+'[7]TUB-1'!BZ11+'[7]TUB-2'!BZ11+'[8]Barge-1'!BZ11+'[8]Barge-2'!BZ11+'[8]Barge-3'!BZ11+'[8]Barge-4'!BZ11 -> 0 | I11: ='[2]AHTS-1'!AI11+'[2]AHTS-2'!AI11+'[2]AHTS-3'!AI11+'[2]AHTS-4'!AI11+'[2]AHTS-5'!AI11+'[2]AHTS-6'!AI11+'[2]AHTS-7'!AI11+'[2]AHTS-8'!AI11+'[3]CB-1'!AI11+'[3]CB-2'!AI11+'[3]CB-3'!AI11+'[3]CB-4'!AI11+'[3]CB-5'!AI11+'[3]CB-6'!AI11+'[3]CB-7'!AI11+'[3]CB-8'!AI11+'[3]CB-9'!AI11+'[3]CB-10'!AI11+'[3]CB-11'!AI11+'[3]CB-12'!AI11+'[3]CB-13'!AI11+'[3]CB-14'!AI11+'[3]CB-15'!AI11+'[3]CB-16'!AI11+'[3]CB-17'!AI11+'[3]CB-18'!AI11+'[3]CB-19'!AI11+'[3]CB-20'!AI11+'[3]CB-21'!AI11+'[3]CB-22'!AI11+'[3]CB-23'!AI11+'[3]CB-24'!AI11+'[4]LCT-1'!AI11+'[4]LCT-2'!AI11+'[4]LCT-3'!AI11+'[4]LCT-4'!AI11+'[4]LCT-5'!AI11+'[4]LCT-6'!AI11+'[4]LCT-7'!AI11+'[4]LCT-8'!AI11+'[5]TB-1'!AI11+'[5]TB-2'!AI11+'[5]TB-3'!AI11+'[5]TB-4'!AI11+'[5]TB-5'!AI11+'[5]TB-6'!AI11+'[5]TB-7'!AI11+'[5]TB-8'!AI11+'[5]TB-9'!AI11+'[5]TB-10'!AI11+'[6]DSV-1'!AI11+'[6]DSV-2'!AI11+'[6]DSV-3'!AI11+'[7]TUB-1'!AI11+'[7]TUB-2'!AI11+'[8]Barge-1'!AI11+'[8]Barge-2'!AI11+'[8]Barge-3'!AI11+'[8]Barge-4'!AI11 -> 3866.483 | J11: ='[2]AHTS-1'!BE11+'[2]AHTS-2'!BE11+'[2]AHTS-3'!BE11+'[2]AHTS-4'!BE11+'[2]AHTS-5'!BE11+'[2]AHTS-6'!BE11+'[2]AHTS-7'!BE11+'[2]AHTS-8'!BE11+'[3]CB-1'!BE11+'[3]CB-2'!BE11+'[3]CB-3'!BE11+'[3]CB-4'!BE11+'[3]CB-5'!BE11+'[3]CB-6'!BE11+'[3]CB-7'!BE11+'[3]CB-8'!BE11+'[3]CB-9'!BE11+'[3]CB-10'!BE11+'[3]CB-11'!BE11+'[3]CB-12'!BE11+'[3]CB-13'!BE11+'[3]CB-14'!BE11+'[3]CB-15'!BE11+'[3]CB-16'!BE11+'[3]CB-17'!BE11+'[3]CB-18'!BE11+'[3]CB-19'!BE11+'[3]CB-20'!BE11+'[3]CB-21'!BE11+'[3]CB-22'!BE11+'[3]CB-23'!BE11+'[3]CB-24'!BE11+'[4]LCT-1'!BE11+'[4]LCT-2'!BE11+'[4]LCT-3'!BE11+'[4]LCT-4'!BE11+'[4]LCT-5'!BE11+'[4]LCT-6'!BE11+'[4]LCT-7'!BE11+'[4]LCT-8'!BE11+'[5]TB-1'!BE11+'[5]TB-2'!BE11+'[5]TB-3'!BE11+'[5]TB-4'!BE11+'[5]TB-5'!BE11+'[5]TB-6'!BE11+'[5]TB-7'!BE11+'[5]TB-8'!BE11+'[5]TB-9'!BE11+'[5]TB-10'!BE11+'[6]DSV-1'!BE11+'[6]DSV-2'!BE11+'[6]DSV-3'!BE11+'[7]TUB-1'!BE11+'[7]TUB-2'!BE11+'[8]Barge-1'!BE11+'[8]Barge-2'!BE11+'[8]Barge-3'!BE11+'[8]Barge-4'!BE11 -> 5267.4515 | K11: ='[2]AHTS-1'!CA11+'[2]AHTS-2'!CA11+'[2]AHTS-3'!CA11+'[2]AHTS-4'!CA11+'[2]AHTS-5'!CA11+'[2]AHTS-6'!CA11+'[2]AHTS-7'!CA11+'[2]AHTS-8'!CA11+'[3]CB-1'!CA11+'[3]CB-2'!CA11+'[3]CB-3'!CA11+'[3]CB-4'!CA11+'[3]CB-5'!CA11+'[3]CB-6'!CA11+'[3]CB-7'!CA11+'[3]CB-8'!CA11+'[3]CB-9'!CA11+'[3]CB-10'!CA11+'[3]CB-11'!CA11+'[3]CB-12'!CA11+'[3]CB-13'!CA11+'[3]CB-14'!CA11+'[3]CB-15'!CA11+'[3]CB-16'!CA11+'[3]CB-17'!CA11+'[3]CB-18'!CA11+'[3]CB-19'!CA11+'[3]CB-20'!CA11+'[3]CB-21'!CA11+'[3]CB-22'!CA11+'[3]CB-23'!CA11+'[3]CB-24'!CA11+'[4]LCT-1'!CA11+'[4]LCT-2'!CA11+'[4]LCT-3'!CA11+'[4]LCT-4'!CA11+'[4]LCT-5'!CA11+'[4]LCT-6'!CA11+'[4]LCT-7'!CA11+'[4]LCT-8'!CA11+'[5]TB-1'!CA11+'[5]TB-2'!CA11+'[5]TB-3'!CA11+'[5]TB-4'!CA11+'[5]TB-5'!CA11+'[5]TB-6'!CA11+'[5]TB-7'!CA11+'[5]TB-8'!CA11+'[5]TB-9'!CA11+'[5]TB-10'!CA11+'[6]DSV-1'!CA11+'[6]DSV-2'!CA11+'[6]DSV-3'!CA11+'[7]TUB-1'!CA11+'[7]TUB-2'!CA11+'[8]Barge-1'!CA11+'[8]Barge-2'!CA11+'[8]Barge-3'!CA11+'[8]Barge-4'!CA11 -> 0 | L11: ='[2]AHTS-1'!AJ11+'[2]AHTS-2'!AJ11+'[2]AHTS-3'!AJ11+'[2]AHTS-4'!AJ11+'[2]AHTS-5'!AJ11+'[2]AHTS-6'!AJ11+'[2]AHTS-7'!AJ11+'[2]AHTS-8'!AJ11+'[3]CB-1'!AJ11+'[3]CB-2'!AJ11+'[3]CB-3'!AJ11+'[3]CB-4'!AJ11+'[3]CB-5'!AJ11+'[3]CB-6'!AJ11+'[3]CB-7'!AJ11+'[3]CB-8'!AJ11+'[3]CB-9'!AJ11+'[3]CB-10'!AJ11+'[3]CB-11'!AJ11+'[3]CB-12'!AJ11+'[3]CB-13'!AJ11+'[3]CB-14'!AJ11+'[3]CB-15'!AJ11+'[3]CB-16'!AJ11+'[3]CB-17'!AJ11+'[3]CB-18'!AJ11+'[3]CB-19'!AJ11+'[3]CB-20'!AJ11+'[3]CB-21'!AJ11+'[3]CB-22'!AJ11+'[3]CB-23'!AJ11+'[3]CB-24'!AJ11+'[4]LCT-1'!AJ11+'[4]LCT-2'!AJ11+'[4]LCT-3'!AJ11+'[4]LCT-4'!AJ11+'[4]LCT-5'!AJ11+'[4]LCT-6'!AJ11+'[4]LCT-7'!AJ11+'[4]LCT-8'!AJ11+'[5]TB-1'!AJ11+'[5]TB-2'!AJ11+'[5]TB-3'!AJ11+'[5]TB-4'!AJ11+'[5]TB-5'!AJ11+'[5]TB-6'!AJ11+'[5]TB-7'!AJ11+'[5]TB-8'!AJ11+'[5]TB-9'!AJ11+'[5]TB-10'!AJ11+'[6]DSV-1'!AJ11+'[6]DSV-2'!AJ11+'[6]DSV-3'!AJ11+'[7]TUB-1'!AJ11+'[7]TUB-2'!AJ11+'[8]Barge-1'!AJ11+'[8]Barge-2'!AJ11+'[8]Barge-3'!AJ11+'[8]Barge-4'!AJ11 -> 824.6017 | M11: ='[2]AHTS-1'!BF11+'[2]AHTS-2'!BF11+'[2]AHTS-3'!BF11+'[2]AHTS-4'!BF11+'[2]AHTS-5'!BF11+'[2]AHTS-6'!BF11+'[2]AHTS-7'!BF11+'[2]AHTS-8'!BF11+'[3]CB-1'!BF11+'[3]CB-2'!BF11+'[3]CB-3'!BF11+'[3]CB-4'!BF11+'[3]CB-5'!BF11+'[3]CB-6'!BF11+'[3]CB-7'!BF11+'[3]CB-8'!BF11+'[3]CB-9'!BF11+'[3]CB-10'!BF11+'[3]CB-11'!BF11+'[3]CB-12'!BF11+'[3]CB-13'!BF11+'[3]CB-14'!BF11+'[3]CB-15'!BF11+'[3]CB-16'!BF11+'[3]CB-17'!BF11+'[3]CB-18'!BF11+'[3]CB-19'!BF11+'[3]CB-20'!BF11+'[3]CB-21'!BF11+'[3]CB-22'!BF11+'[3]CB-23'!BF11+'[3]CB-24'!BF11+'[4]LCT-1'!BF11+'[4]LCT-2'!BF11+'[4]LCT-3'!BF11+'[4]LCT-4'!BF11+'[4]LCT-5'!BF11+'[4]LCT-6'!BF11+'[4]LCT-7'!BF11+'[4]LCT-8'!BF11+'[5]TB-1'!BF11+'[5]TB-2'!BF11+'[5]TB-3'!BF11+'[5]TB-4'!BF11+'[5]TB-5'!BF11+'[5]TB-6'!BF11+'[5]TB-7'!BF11+'[5]TB-8'!BF11+'[5]TB-9'!BF11+'[5]TB-10'!BF11+'[6]DSV-1'!BF11+'[6]DSV-2'!BF11+'[6]DSV-3'!BF11+'[7]TUB-1'!BF11+'[7]TUB-2'!BF11+'[8]Barge-1'!BF11+'[8]Barge-2'!BF11+'[8]Barge-3'!BF11+'[8]Barge-4'!BF11 -> 815.79116 | N11: ='[2]AHTS-1'!CB11+'[2]AHTS-2'!CB11+'[2]AHTS-3'!CB11+'[2]AHTS-4'!CB11+'[2]AHTS-5'!CB11+'[2]AHTS-6'!CB11+'[2]AHTS-7'!CB11+'[2]AHTS-8'!CB11+'[3]CB-1'!CB11+'[3]CB-2'!CB11+'[3]CB-3'!CB11+'[3]CB-4'!CB11+'[3]CB-5'!CB11+'[3]CB-6'!CB11+'[3]CB-7'!CB11+'[3]CB-8'!CB11+'[3]CB-9'!CB11+'[3]CB-10'!CB11+'[3]CB-11'!CB11+'[3]CB-12'!CB11+'[3]CB-13'!CB11+'[3]CB-14'!CB11+'[3]CB-15'!CB11+'[3]CB-16'!CB11+'[3]CB-17'!CB11+'[3]CB-18'!CB11+'[3]CB-19'!CB11+'[3]CB-20'!CB11+'[3]CB-21'!CB11+'[3]CB-22'!CB11+'[3]CB-23'!CB11+'[3]CB-24'!CB11+'[4]LCT-1'!CB11+'[4]LCT-2'!CB11+'[4]LCT-3'!CB11+'[4]LCT-4'!CB11+'[4]LCT-5'!CB11+'[4]LCT-6'!CB11+'[4]LCT-7'!CB11+'[4]LCT-8'!CB11+'[5]TB-1'!CB11+'[5]TB-2'!CB11+'[5]TB-3'!CB11+'[5]TB-4'!CB11+'[5]TB-5'!CB11+'[5]TB-6'!CB11+'[5]TB-7'!CB11+'[5]TB-8'!CB11+'[5]TB-9'!CB11+'[5]TB-10'!CB11+'[6]DSV-1'!CB11+'[6]DSV-2'!CB11+'[6]DSV-3'!CB11+'[7]TUB-1'!CB11+'[7]TUB-2'!CB11+'[8]Barge-1'!CB11+'[8]Barge-2'!CB11+'[8]Barge-3'!CB11+'[8]Barge-4'!CB11 -> 0 | O11: ='[2]AHTS-1'!AK11+'[2]AHTS-2'!AK11+'[2]AHTS-3'!AK11+'[2]AHTS-4'!AK11+'[2]AHTS-5'!AK11+'[2]AHTS-6'!AK11+'[2]AHTS-7'!AK11+'[2]AHTS-8'!AK11+'[3]CB-1'!AK11+'[3]CB-2'!AK11+'[3]CB-3'!AK11+'[3]CB-4'!AK11+'[3]CB-5'!AK11+'[3]CB-6'!AK11+'[3]CB-7'!AK11+'[3]CB-8'!AK11+'[3]CB-9'!AK11+'[3]CB-10'!AK11+'[3]CB-11'!AK11+'[3]CB-12'!AK11+'[3]CB-13'!AK11+'[3]CB-14'!AK11+'[3]CB-15'!AK11+'[3]CB-16'!AK11+'[3]CB-17'!AK11+'[3]CB-18'!AK11+'[3]CB-19'!AK11+'[3]CB-20'!AK11+'[3]CB-21'!AK11+'[3]CB-22'!AK11+'[3]CB-23'!AK11+'[3]CB-24'!AK11+'[4]LCT-1'!AK11+'[4]LCT-2'!AK11+'[4]LCT-3'!AK11+'[4]LCT-4'!AK11+'[4]LCT-5'!AK11+'[4]LCT-6'!AK11+'[4]LCT-7'!AK11+'[4]LCT-8'!AK11+'[5]TB-1'!AK11+'[5]TB-2'!AK11+'[5]TB-3'!AK11+'[5]TB-4'!AK11+'[5]TB-5'!AK11+'[5]TB-6'!AK11+'[5]TB-7'!AK11+'[5]TB-8'!AK11+'[5]TB-9'!AK11+'[5]TB-10'!AK11+'[6]DSV-1'!AK11+'[6]DSV-2'!AK11+'[6]DSV-3'!AK11+'[7]TUB-1'!AK11+'[7]TUB-2'!AK11+'[8]Barge-1'!AK11+'[8]Barge-2'!AK11+'[8]Barge-3'!AK11+'[8]Barge-4'!AK11 -> 0 | P11: ='[2]AHTS-1'!BG11+'[2]AHTS-2'!BG11+'[2]AHTS-3'!BG11+'[2]AHTS-4'!BG11+'[2]AHTS-5'!BG11+'[2]AHTS-6'!BG11+'[2]AHTS-7'!BG11+'[2]AHTS-8'!BG11+'[3]CB-1'!BG11+'[3]CB-2'!BG11+'[3]CB-3'!BG11+'[3]CB-4'!BG11+'[3]CB-5'!BG11+'[3]CB-6'!BG11+'[3]CB-7'!BG11+'[3]CB-8'!BG11+'[3]CB-9'!BG11+'[3]CB-10'!BG11+'[3]CB-11'!BG11+'[3]CB-12'!BG11+'[3]CB-13'!BG11+'[3]CB-14'!BG11+'[3]CB-15'!BG11+'[3]CB-16'!BG11+'[3]CB-17'!BG11+'[3]CB-18'!BG11+'[3]CB-19'!BG11+'[3]CB-20'!BG11+'[3]CB-21'!BG11+'[3]CB-22'!BG11+'[3]CB-23'!BG11+'[3]CB-24'!BG11+'[4]LCT-1'!BG11+'[4]LCT-2'!BG11+'[4]LCT-3'!BG11+'[4]LCT-4'!BG11+'[4]LCT-5'!BG11+'[4]LCT-6'!BG11+'[4]LCT-7'!BG11+'[4]LCT-8'!BG11+'[5]TB-1'!BG11+'[5]TB-2'!BG11+'[5]TB-3'!BG11+'[5]TB-4'!BG11+'[5]TB-5'!BG11+'[5]TB-6'!BG11+'[5]TB-7'!BG11+'[5]TB-8'!BG11+'[5]TB-9'!BG11+'[5]TB-10'!BG11+'[6]DSV-1'!BG11+'[6]DSV-2'!BG11+'[6]DSV-3'!BG11+'[7]TUB-1'!BG11+'[7]TUB-2'!BG11+'[8]Barge-1'!BG11+'[8]Barge-2'!BG11+'[8]Barge-3'!BG11+'[8]Barge-4'!BG11 -> 0 | Q11: ='[2]AHTS-1'!CC11+'[2]AHTS-2'!CC11+'[2]AHTS-3'!CC11+'[2]AHTS-4'!CC11+'[2]AHTS-5'!CC11+'[2]AHTS-6'!CC11+'[2]AHTS-7'!CC11+'[2]AHTS-8'!CC11+'[3]CB-1'!CC11+'[3]CB-2'!CC11+'[3]CB-3'!CC11+'[3]CB-4'!CC11+'[3]CB-5'!CC11+'[3]CB-6'!CC11+'[3]CB-7'!CC11+'[3]CB-8'!CC11+'[3]CB-9'!CC11+'[3]CB-10'!CC11+'[3]CB-11'!CC11+'[3]CB-12'!CC11+'[3]CB-13'!CC11+'[3]CB-14'!CC11+'[3]CB-15'!CC11+'[3]CB-16'!CC11+'[3]CB-17'!CC11+'[3]CB-18'!CC11+'[3]CB-19'!CC11+'[3]CB-20'!CC11+'[3]CB-21'!CC11+'[3]CB-22'!CC11+'[3]CB-23'!CC11+'[3]CB-24'!CC11+'[4]LCT-1'!CC11+'[4]LCT-2'!CC11+'[4]LCT-3'!CC11+'[4]LCT-4'!CC11+'[4]LCT-5'!CC11+'[4]LCT-6'!CC11+'[4]LCT-7'!CC11+'[4]LCT-8'!CC11+'[5]TB-1'!CC11+'[5]TB-2'!CC11+'[5]TB-3'!CC11+'[5]TB-4'!CC11+'[5]TB-5'!CC11+'[5]TB-6'!CC11+'[5]TB-7'!CC11+'[5]TB-8'!CC11+'[5]TB-9'!CC11+'[5]TB-10'!CC11+'[6]DSV-1'!CC11+'[6]DSV-2'!CC11+'[6]DSV-3'!CC11+'[7]TUB-1'!CC11+'[7]TUB-2'!CC11+'[8]Barge-1'!CC11+'[8]Barge-2'!CC11+'[8]Barge-3'!CC11+'[8]Barge-4'!CC11 -> 0 | R11: ='[2]AHTS-1'!AL11+'[2]AHTS-2'!AL11+'[2]AHTS-3'!AL11+'[2]AHTS-4'!AL11+'[2]AHTS-5'!AL11+'[2]AHTS-6'!AL11+'[2]AHTS-7'!AL11+'[2]AHTS-8'!AL11+'[3]CB-1'!AL11+'[3]CB-2'!AL11+'[3]CB-3'!AL11+'[3]CB-4'!AL11+'[3]CB-5'!AL11+'[3]CB-6'!AL11+'[3]CB-7'!AL11+'[3]CB-8'!AL11+'[3]CB-9'!AL11+'[3]CB-10'!AL11+'[3]CB-11'!AL11+'[3]CB-12'!AL11+'[3]CB-13'!AL11+'[3]CB-14'!AL11+'[3]CB-15'!AL11+'[3]CB-16'!AL11+'[3]CB-17'!AL11+'[3]CB-18'!AL11+'[3]CB-19'!AL11+'[3]CB-20'!AL11+'[3]CB-21'!AL11+'[3]CB-22'!AL11+'[3]CB-23'!AL11+'[3]CB-24'!AL11+'[4]LCT-1'!AL11+'[4]LCT-2'!AL11+'[4]LCT-3'!AL11+'[4]LCT-4'!AL11+'[4]LCT-5'!AL11+'[4]LCT-6'!AL11+'[4]LCT-7'!AL11+'[4]LCT-8'!AL11+'[5]TB-1'!AL11+'[5]TB-2'!AL11+'[5]TB-3'!AL11+'[5]TB-4'!AL11+'[5]TB-5'!AL11+'[5]TB-6'!AL11+'[5]TB-7'!AL11+'[5]TB-8'!AL11+'[5]TB-9'!AL11+'[5]TB-10'!AL11+'[6]DSV-1'!AL11+'[6]DSV-2'!AL11+'[6]DSV-3'!AL11+'[7]TUB-1'!AL11+'[7]TUB-2'!AL11+'[8]Barge-1'!AL11+'[8]Barge-2'!AL11+'[8]Barge-3'!AL11+'[8]Barge-4'!AL11 -> 0 | S11: ='[2]AHTS-1'!BH11+'[2]AHTS-2'!BH11+'[2]AHTS-3'!BH11+'[2]AHTS-4'!BH11+'[2]AHTS-5'!BH11+'[2]AHTS-6'!BH11+'[2]AHTS-7'!BH11+'[2]AHTS-8'!BH11+'[3]CB-1'!BH11+'[3]CB-2'!BH11+'[3]CB-3'!BH11+'[3]CB-4'!BH11+'[3]CB-5'!BH11+'[3]CB-6'!BH11+'[3]CB-7'!BH11+'[3]CB-8'!BH11+'[3]CB-9'!BH11+'[3]CB-10'!BH11+'[3]CB-11'!BH11+'[3]CB-12'!BH11+'[3]CB-13'!BH11+'[3]CB-14'!BH11+'[3]CB-15'!BH11+'[3]CB-16'!BH11+'[3]CB-17'!BH11+'[3]CB-18'!BH11+'[3]CB-19'!BH11+'[3]CB-20'!BH11+'[3]CB-21'!BH11+'[3]CB-22'!BH11+'[3]CB-23'!BH11+'[3]CB-24'!BH11+'[4]LCT-1'!BH11+'[4]LCT-2'!BH11+'[4]LCT-3'!BH11+'[4]LCT-4'!BH11+'[4]LCT-5'!BH11+'[4]LCT-6'!BH11+'[4]LCT-7'!BH11+'[4]LCT-8'!BH11+'[5]TB-1'!BH11+'[5]TB-2'!BH11+'[5]TB-3'!BH11+'[5]TB-4'!BH11+'[5]TB-5'!BH11+'[5]TB-6'!BH11+'[5]TB-7'!BH11+'[5]TB-8'!BH11+'[5]TB-9'!BH11+'[5]TB-10'!BH11+'[6]DSV-1'!BH11+'[6]DSV-2'!BH11+'[6]DSV-3'!BH11+'[7]TUB-1'!BH11+'[7]TUB-2'!BH11+'[8]Barge-1'!BH11+'[8]Barge-2'!BH11+'[8]Barge-3'!BH11+'[8]Barge-4'!BH11 -> 0 | T11: ='[2]AHTS-1'!CD11+'[2]AHTS-2'!CD11+'[2]AHTS-3'!CD11+'[2]AHTS-4'!CD11+'[2]AHTS-5'!CD11+'[2]AHTS-6'!CD11+'[2]AHTS-7'!CD11+'[2]AHTS-8'!CD11+'[3]CB-1'!CD11+'[3]CB-2'!CD11+'[3]CB-3'!CD11+'[3]CB-4'!CD11+'[3]CB-5'!CD11+'[3]CB-6'!CD11+'[3]CB-7'!CD11+'[3]CB-8'!CD11+'[3]CB-9'!CD11+'[3]CB-10'!CD11+'[3]CB-11'!CD11+'[3]CB-12'!CD11+'[3]CB-13'!CD11+'[3]CB-14'!CD11+'[3]CB-15'!CD11+'[3]CB-16'!CD11+'[3]CB-17'!CD11+'[3]CB-18'!CD11+'[3]CB-19'!CD11+'[3]CB-20'!CD11+'[3]CB-21'!CD11+'[3]CB-22'!CD11+'[3]CB-23'!CD11+'[3]CB-24'!CD11+'[4]LCT-1'!CD11+'[4]LCT-2'!CD11+'[4]LCT-3'!CD11+'[4]LCT-4'!CD11+'[4]LCT-5'!CD11+'[4]LCT-6'!CD11+'[4]LCT-7'!CD11+'[4]LCT-8'!CD11+'[5]TB-1'!CD11+'[5]TB-2'!CD11+'[5]TB-3'!CD11+'[5]TB-4'!CD11+'[5]TB-5'!CD11+'[5]TB-6'!CD11+'[5]TB-7'!CD11+'[5]TB-8'!CD11+'[5]TB-9'!CD11+'[5]TB-10'!CD11+'[6]DSV-1'!CD11+'[6]DSV-2'!CD11+'[6]DSV-3'!CD11+'[7]TUB-1'!CD11+'[7]TUB-2'!CD11+'[8]Barge-1'!CD11+'[8]Barge-2'!CD11+'[8]Barge-3'!CD11+'[8]Barge-4'!CD11 -> 0 | U11: ='[2]AHTS-1'!AM11+'[2]AHTS-2'!AM11+'[2]AHTS-3'!AM11+'[2]AHTS-4'!AM11+'[2]AHTS-5'!AM11+'[2]AHTS-6'!AM11+'[2]AHTS-7'!AM11+'[2]AHTS-8'!AM11+'[3]CB-1'!AM11+'[3]CB-2'!AM11+'[3]CB-3'!AM11+'[3]CB-4'!AM11+'[3]CB-5'!AM11+'[3]CB-6'!AM11+'[3]CB-7'!AM11+'[3]CB-8'!AM11+'[3]CB-9'!AM11+'[3]CB-10'!AM11+'[3]CB-11'!AM11+'[3]CB-12'!AM11+'[3]CB-13'!AM11+'[3]CB-14'!AM11+'[3]CB-15'!AM11+'[3]CB-16'!AM11+'[3]CB-17'!AM11+'[3]CB-18'!AM11+'[3]CB-19'!AM11+'[3]CB-20'!AM11+'[3]CB-21'!AM11+'[3]CB-22'!AM11+'[3]CB-23'!AM11+'[3]CB-24'!AM11+'[4]LCT-1'!AM11+'[4]LCT-2'!AM11+'[4]LCT-3'!AM11+'[4]LCT-4'!AM11+'[4]LCT-5'!AM11+'[4]LCT-6'!AM11+'[4]LCT-7'!AM11+'[4]LCT-8'!AM11+'[5]TB-1'!AM11+'[5]TB-2'!AM11+'[5]TB-3'!AM11+'[5]TB-4'!AM11+'[5]TB-5'!AM11+'[5]TB-6'!AM11+'[5]TB-7'!AM11+'[5]TB-8'!AM11+'[5]TB-9'!AM11+'[5]TB-10'!AM11+'[6]DSV-1'!AM11+'[6]DSV-2'!AM11+'[6]DSV-3'!AM11+'[7]TUB-1'!AM11+'[7]TUB-2'!AM11+'[8]Barge-1'!AM11+'[8]Barge-2'!AM11+'[8]Barge-3'!AM11+'[8]Barge-4'!AM11 -> 0 | V11: ='[2]AHTS-1'!BI11+'[2]AHTS-2'!BI11+'[2]AHTS-3'!BI11+'[2]AHTS-4'!BI11+'[2]AHTS-5'!BI11+'[2]AHTS-6'!BI11+'[2]AHTS-7'!BI11+'[2]AHTS-8'!BI11+'[3]CB-1'!BI11+'[3]CB-2'!BI11+'[3]CB-3'!BI11+'[3]CB-4'!BI11+'[3]CB-5'!BI11+'[3]CB-6'!BI11+'[3]CB-7'!BI11+'[3]CB-8'!BI11+'[3]CB-9'!BI11+'[3]CB-10'!BI11+'[3]CB-11'!BI11+'[3]CB-12'!BI11+'[3]CB-13'!BI11+'[3]CB-14'!BI11+'[3]CB-15'!BI11+'[3]CB-16'!BI11+'[3]CB-17'!BI11+'[3]CB-18'!BI11+'[3]CB-19'!BI11+'[3]CB-20'!BI11+'[3]CB-21'!BI11+'[3]CB-22'!BI11+'[3]CB-23'!BI11+'[3]CB-24'!BI11+'[4]LCT-1'!BI11+'[4]LCT-2'!BI11+'[4]LCT-3'!BI11+'[4]LCT-4'!BI11+'[4]LCT-5'!BI11+'[4]LCT-6'!BI11+'[4]LCT-7'!BI11+'[4]LCT-8'!BI11+'[5]TB-1'!BI11+'[5]TB-2'!BI11+'[5]TB-3'!BI11+'[5]TB-4'!BI11+'[5]TB-5'!BI11+'[5]TB-6'!BI11+'[5]TB-7'!BI11+'[5]TB-8'!BI11+'[5]TB-9'!BI11+'[5]TB-10'!BI11+'[6]DSV-1'!BI11+'[6]DSV-2'!BI11+'[6]DSV-3'!BI11+'[7]TUB-1'!BI11+'[7]TUB-2'!BI11+'[8]Barge-1'!BI11+'[8]Barge-2'!BI11+'[8]Barge-3'!BI11+'[8]Barge-4'!BI11 -> 0 | W11: ='[2]AHTS-1'!CE11+'[2]AHTS-2'!CE11+'[2]AHTS-3'!CE11+'[2]AHTS-4'!CE11+'[2]AHTS-5'!CE11+'[2]AHTS-6'!CE11+'[2]AHTS-7'!CE11+'[2]AHTS-8'!CE11+'[3]CB-1'!CE11+'[3]CB-2'!CE11+'[3]CB-3'!CE11+'[3]CB-4'!CE11+'[3]CB-5'!CE11+'[3]CB-6'!CE11+'[3]CB-7'!CE11+'[3]CB-8'!CE11+'[3]CB-9'!CE11+'[3]CB-10'!CE11+'[3]CB-11'!CE11+'[3]CB-12'!CE11+'[3]CB-13'!CE11+'[3]CB-14'!CE11+'[3]CB-15'!CE11+'[3]CB-16'!CE11+'[3]CB-17'!CE11+'[3]CB-18'!CE11+'[3]CB-19'!CE11+'[3]CB-20'!CE11+'[3]CB-21'!CE11+'[3]CB-22'!CE11+'[3]CB-23'!CE11+'[3]CB-24'!CE11+'[4]LCT-1'!CE11+'[4]LCT-2'!CE11+'[4]LCT-3'!CE11+'[4]LCT-4'!CE11+'[4]LCT-5'!CE11+'[4]LCT-6'!CE11+'[4]LCT-7'!CE11+'[4]LCT-8'!CE11+'[5]TB-1'!CE11+'[5]TB-2'!CE11+'[5]TB-3'!CE11+'[5]TB-4'!CE11+'[5]TB-5'!CE11+'[5]TB-6'!CE11+'[5]TB-7'!CE11+'[5]TB-8'!CE11+'[5]TB-9'!CE11+'[5]TB-10'!CE11+'[6]DSV-1'!CE11+'[6]DSV-2'!CE11+'[6]DSV-3'!CE11+'[7]TUB-1'!CE11+'[7]TUB-2'!CE11+'[8]Barge-1'!CE11+'[8]Barge-2'!CE11+'[8]Barge-3'!CE11+'[8]Barge-4'!CE11 -> 0 | X11: ='[2]AHTS-1'!AN11+'[2]AHTS-2'!AN11+'[2]AHTS-3'!AN11+'[2]AHTS-4'!AN11+'[2]AHTS-5'!AN11+'[2]AHTS-6'!AN11+'[2]AHTS-7'!AN11+'[2]AHTS-8'!AN11+'[3]CB-1'!AN11+'[3]CB-2'!AN11+'[3]CB-3'!AN11+'[3]CB-4'!AN11+'[3]CB-5'!AN11+'[3]CB-6'!AN11+'[3]CB-7'!AN11+'[3]CB-8'!AN11+'[3]CB-9'!AN11+'[3]CB-10'!AN11+'[3]CB-11'!AN11+'[3]CB-12'!AN11+'[3]CB-13'!AN11+'[3]CB-14'!AN11+'[3]CB-15'!AN11+'[3]CB-16'!AN11+'[3]CB-17'!AN11+'[3]CB-18'!AN11+'[3]CB-19'!AN11+'[3]CB-20'!AN11+'[3]CB-21'!AN11+'[3]CB-22'!AN11+'[3]CB-23'!AN11+'[3]CB-24'!AN11+'[4]LCT-1'!AN11+'[4]LCT-2'!AN11+'[4]LCT-3'!AN11+'[4]LCT-4'!AN11+'[4]LCT-5'!AN11+'[4]LCT-6'!AN11+'[4]LCT-7'!AN11+'[4]LCT-8'!AN11+'[5]TB-1'!AN11+'[5]TB-2'!AN11+'[5]TB-3'!AN11+'[5]TB-4'!AN11+'[5]TB-5'!AN11+'[5]TB-6'!AN11+'[5]TB-7'!AN11+'[5]TB-8'!AN11+'[5]TB-9'!AN11+'[5]TB-10'!AN11+'[6]DSV-1'!AN11+'[6]DSV-2'!AN11+'[6]DSV-3'!AN11+'[7]TUB-1'!AN11+'[7]TUB-2'!AN11+'[8]Barge-1'!AN11+'[8]Barge-2'!AN11+'[8]Barge-3'!AN11+'[8]Barge-4'!AN11 -> 598.47346 | Y11: ='[2]AHTS-1'!BJ11+'[2]AHTS-2'!BJ11+'[2]AHTS-3'!BJ11+'[2]AHTS-4'!BJ11+'[2]AHTS-5'!BJ11+'[2]AHTS-6'!BJ11+'[2]AHTS-7'!BJ11+'[2]AHTS-8'!BJ11+'[3]CB-1'!BJ11+'[3]CB-2'!BJ11+'[3]CB-3'!BJ11+'[3]CB-4'!BJ11+'[3]CB-5'!BJ11+'[3]CB-6'!BJ11+'[3]CB-7'!BJ11+'[3]CB-8'!BJ11+'[3]CB-9'!BJ11+'[3]CB-10'!BJ11+'[3]CB-11'!BJ11+'[3]CB-12'!BJ11+'[3]CB-13'!BJ11+'[3]CB-14'!BJ11+'[3]CB-15'!BJ11+'[3]CB-16'!BJ11+'[3]CB-17'!BJ11+'[3]CB-18'!BJ11+'[3]CB-19'!BJ11+'[3]CB-20'!BJ11+'[3]CB-21'!BJ11+'[3]CB-22'!BJ11+'[3]CB-23'!BJ11+'[3]CB-24'!BJ11+'[4]LCT-1'!BJ11+'[4]LCT-2'!BJ11+'[4]LCT-3'!BJ11+'[4]LCT-4'!BJ11+'[4]LCT-5'!BJ11+'[4]LCT-6'!BJ11+'[4]LCT-7'!BJ11+'[4]LCT-8'!BJ11+'[5]TB-1'!BJ11+'[5]TB-2'!BJ11+'[5]TB-3'!BJ11+'[5]TB-4'!BJ11+'[5]TB-5'!BJ11+'[5]TB-6'!BJ11+'[5]TB-7'!BJ11+'[5]TB-8'!BJ11+'[5]TB-9'!BJ11+'[5]TB-10'!BJ11+'[6]DSV-1'!BJ11+'[6]DSV-2'!BJ11+'[6]DSV-3'!BJ11+'[7]TUB-1'!BJ11+'[7]TUB-2'!BJ11+'[8]Barge-1'!BJ11+'[8]Barge-2'!BJ11+'[8]Barge-3'!BJ11+'[8]Barge-4'!BJ11 -> 466.41393 | Z11: ='[2]AHTS-1'!CF11+'[2]AHTS-2'!CF11+'[2]AHTS-3'!CF11+'[2]AHTS-4'!CF11+'[2]AHTS-5'!CF11+'[2]AHTS-6'!CF11+'[2]AHTS-7'!CF11+'[2]AHTS-8'!CF11+'[3]CB-1'!CF11+'[3]CB-2'!CF11+'[3]CB-3'!CF11+'[3]CB-4'!CF11+'[3]CB-5'!CF11+'[3]CB-6'!CF11+'[3]CB-7'!CF11+'[3]CB-8'!CF11+'[3]CB-9'!CF11+'[3]CB-10'!CF11+'[3]CB-11'!CF11+'[3]CB-12'!CF11+'[3]CB-13'!CF11+'[3]CB-14'!CF11+'[3]CB-15'!CF11+'[3]CB-16'!CF11+'[3]CB-17'!CF11+'[3]CB-18'!CF11+'[3]CB-19'!CF11+'[3]CB-20'!CF11+'[3]CB-21'!CF11+'[3]CB-22'!CF11+'[3]CB-23'!CF11+'[3]CB-24'!CF11+'[4]LCT-1'!CF11+'[4]LCT-2'!CF11+'[4]LCT-3'!CF11+'[4]LCT-4'!CF11+'[4]LCT-5'!CF11+'[4]LCT-6'!CF11+'[4]LCT-7'!CF11+'[4]LCT-8'!CF11+'[5]TB-1'!CF11+'[5]TB-2'!CF11+'[5]TB-3'!CF11+'[5]TB-4'!CF11+'[5]TB-5'!CF11+'[5]TB-6'!CF11+'[5]TB-7'!CF11+'[5]TB-8'!CF11+'[5]TB-9'!CF11+'[5]TB-10'!CF11+'[6]DSV-1'!CF11+'[6]DSV-2'!CF11+'[6]DSV-3'!CF11+'[7]TUB-1'!CF11+'[7]TUB-2'!CF11+'[8]Barge-1'!CF11+'[8]Barge-2'!CF11+'[8]Barge-3'!CF11+'[8]Barge-4'!CF11 -> 0 | AA11: ='[2]AHTS-1'!AO11+'[2]AHTS-2'!AO11+'[2]AHTS-3'!AO11+'[2]AHTS-4'!AO11+'[2]AHTS-5'!AO11+'[2]AHTS-6'!AO11+'[2]AHTS-7'!AO11+'[2]AHTS-8'!AO11+'[3]CB-1'!AO11+'[3]CB-2'!AO11+'[3]CB-3'!AO11+'[3]CB-4'!AO11+'[3]CB-5'!AO11+'[3]CB-6'!AO11+'[3]CB-7'!AO11+'[3]CB-8'!AO11+'[3]CB-9'!AO11+'[3]CB-10'!AO11+'[3]CB-11'!AO11+'[3]CB-12'!AO11+'[3]CB-13'!AO11+'[3]CB-14'!AO11+'[3]CB-15'!AO11+'[3]CB-16'!AO11+'[3]CB-17'!AO11+'[3]CB-18'!AO11+'[3]CB-19'!AO11+'[3]CB-20'!AO11+'[3]CB-21'!AO11+'[3]CB-22'!AO11+'[3]CB-23'!AO11+'[3]CB-24'!AO11+'[4]LCT-1'!AO11+'[4]LCT-2'!AO11+'[4]LCT-3'!AO11+'[4]LCT-4'!AO11+'[4]LCT-5'!AO11+'[4]LCT-6'!AO11+'[4]LCT-7'!AO11+'[4]LCT-8'!AO11+'[5]TB-1'!AO11+'[5]TB-2'!AO11+'[5]TB-3'!AO11+'[5]TB-4'!AO11+'[5]TB-5'!AO11+'[5]TB-6'!AO11+'[5]TB-7'!AO11+'[5]TB-8'!AO11+'[5]TB-9'!AO11+'[5]TB-10'!AO11+'[6]DSV-1'!AO11+'[6]DSV-2'!AO11+'[6]DSV-3'!AO11+'[7]TUB-1'!AO11+'[7]TUB-2'!AO11+'[8]Barge-1'!AO11+'[8]Barge-2'!AO11+'[8]Barge-3'!AO11+'[8]Barge-4'!AO11 -> 0 | AB11: ='[2]AHTS-1'!BK11+'[2]AHTS-2'!BK11+'[2]AHTS-3'!BK11+'[2]AHTS-4'!BK11+'[2]AHTS-5'!BK11+'[2]AHTS-6'!BK11+'[2]AHTS-7'!BK11+'[2]AHTS-8'!BK11+'[3]CB-1'!BK11+'[3]CB-2'!BK11+'[3]CB-3'!BK11+'[3]CB-4'!BK11+'[3]CB-5'!BK11+'[3]CB-6'!BK11+'[3]CB-7'!BK11+'[3]CB-8'!BK11+'[3]CB-9'!BK11+'[3]CB-10'!BK11+'[3]CB-11'!BK11+'[3]CB-12'!BK11+'[3]CB-13'!BK11+'[3]CB-14'!BK11+'[3]CB-15'!BK11+'[3]CB-16'!BK11+'[3]CB-17'!BK11+'[3]CB-18'!BK11+'[3]CB-19'!BK11+'[3]CB-20'!BK11+'[3]CB-21'!BK11+'[3]CB-22'!BK11+'[3]CB-23'!BK11+'[3]CB-24'!BK11+'[4]LCT-1'!BK11+'[4]LCT-2'!BK11+'[4]LCT-3'!BK11+'[4]LCT-4'!BK11+'[4]LCT-5'!BK11+'[4]LCT-6'!BK11+'[4]LCT-7'!BK11+'[4]LCT-8'!BK11+'[5]TB-1'!BK11+'[5]TB-2'!BK11+'[5]TB-3'!BK11+'[5]TB-4'!BK11+'[5]TB-5'!BK11+'[5]TB-6'!BK11+'[5]TB-7'!BK11+'[5]TB-8'!BK11+'[5]TB-9'!BK11+'[5]TB-10'!BK11+'[6]DSV-1'!BK11+'[6]DSV-2'!BK11+'[6]DSV-3'!BK11+'[7]TUB-1'!BK11+'[7]TUB-2'!BK11+'[8]Barge-1'!BK11+'[8]Barge-2'!BK11+'[8]Barge-3'!BK11+'[8]Barge-4'!BK11 -> 0 | AC11: ='[2]AHTS-1'!CG11+'[2]AHTS-2'!CG11+'[2]AHTS-3'!CG11+'[2]AHTS-4'!CG11+'[2]AHTS-5'!CG11+'[2]AHTS-6'!CG11+'[2]AHTS-7'!CG11+'[2]AHTS-8'!CG11+'[3]CB-1'!CG11+'[3]CB-2'!CG11+'[3]CB-3'!CG11+'[3]CB-4'!CG11+'[3]CB-5'!CG11+'[3]CB-6'!CG11+'[3]CB-7'!CG11+'[3]CB-8'!CG11+'[3]CB-9'!CG11+'[3]CB-10'!CG11+'[3]CB-11'!CG11+'[3]CB-12'!CG11+'[3]CB-13'!CG11+'[3]CB-14'!CG11+'[3]CB-15'!CG11+'[3]CB-16'!CG11+'[3]CB-17'!CG11+'[3]CB-18'!CG11+'[3]CB-19'!CG11+'[3]CB-20'!CG11+'[3]CB-21'!CG11+'[3]CB-22'!CG11+'[3]CB-23'!CG11+'[3]CB-24'!CG11+'[4]LCT-1'!CG11+'[4]LCT-2'!CG11+'[4]LCT-3'!CG11+'[4]LCT-4'!CG11+'[4]LCT-5'!CG11+'[4]LCT-6'!CG11+'[4]LCT-7'!CG11+'[4]LCT-8'!CG11+'[5]TB-1'!CG11+'[5]TB-2'!CG11+'[5]TB-3'!CG11+'[5]TB-4'!CG11+'[5]TB-5'!CG11+'[5]TB-6'!CG11+'[5]TB-7'!CG11+'[5]TB-8'!CG11+'[5]TB-9'!CG11+'[5]TB-10'!CG11+'[6]DSV-1'!CG11+'[6]DSV-2'!CG11+'[6]DSV-3'!CG11+'[7]TUB-1'!CG11+'[7]TUB-2'!CG11+'[8]Barge-1'!CG11+'[8]Barge-2'!CG11+'[8]Barge-3'!CG11+'[8]Barge-4'!CG11 -> 0 | AD11: ='[2]AHTS-1'!AP11+'[2]AHTS-2'!AP11+'[2]AHTS-3'!AP11+'[2]AHTS-4'!AP11+'[2]AHTS-5'!AP11+'[2]AHTS-6'!AP11+'[2]AHTS-7'!AP11+'[2]AHTS-8'!AP11+'[3]CB-1'!AP11+'[3]CB-2'!AP11+'[3]CB-3'!AP11+'[3]CB-4'!AP11+'[3]CB-5'!AP11+'[3]CB-6'!AP11+'[3]CB-7'!AP11+'[3]CB-8'!AP11+'[3]CB-9'!AP11+'[3]CB-10'!AP11+'[3]CB-11'!AP11+'[3]CB-12'!AP11+'[3]CB-13'!AP11+'[3]CB-14'!AP11+'[3]CB-15'!AP11+'[3]CB-16'!AP11+'[3]CB-17'!AP11+'[3]CB-18'!AP11+'[3]CB-19'!AP11+'[3]CB-20'!AP11+'[3]CB-21'!AP11+'[3]CB-22'!AP11+'[3]CB-23'!AP11+'[3]CB-24'!AP11+'[4]LCT-1'!AP11+'[4]LCT-2'!AP11+'[4]LCT-3'!AP11+'[4]LCT-4'!AP11+'[4]LCT-5'!AP11+'[4]LCT-6'!AP11+'[4]LCT-7'!AP11+'[4]LCT-8'!AP11+'[5]TB-1'!AP11+'[5]TB-2'!AP11+'[5]TB-3'!AP11+'[5]TB-4'!AP11+'[5]TB-5'!AP11+'[5]TB-6'!AP11+'[5]TB-7'!AP11+'[5]TB-8'!AP11+'[5]TB-9'!AP11+'[5]TB-10'!AP11+'[6]DSV-1'!AP11+'[6]DSV-2'!AP11+'[6]DSV-3'!AP11+'[7]TUB-1'!AP11+'[7]TUB-2'!AP11+'[8]Barge-1'!AP11+'[8]Barge-2'!AP11+'[8]Barge-3'!AP11+'[8]Barge-4'!AP11 -> 0 | AE11: ='[2]AHTS-1'!BL11+'[2]AHTS-2'!BL11+'[2]AHTS-3'!BL11+'[2]AHTS-4'!BL11+'[2]AHTS-5'!BL11+'[2]AHTS-6'!BL11+'[2]AHTS-7'!BL11+'[2]AHTS-8'!BL11+'[3]CB-1'!BL11+'[3]CB-2'!BL11+'[3]CB-3'!BL11+'[3]CB-4'!BL11+'[3]CB-5'!BL11+'[3]CB-6'!BL11+'[3]CB-7'!BL11+'[3]CB-8'!BL11+'[3]CB-9'!BL11+'[3]CB-10'!BL11+'[3]CB-11'!BL11+'[3]CB-12'!BL11+'[3]CB-13'!BL11+'[3]CB-14'!BL11+'[3]CB-15'!BL11+'[3]CB-16'!BL11+'[3]CB-17'!BL11+'[3]CB-18'!BL11+'[3]CB-19'!BL11+'[3]CB-20'!BL11+'[3]CB-21'!BL11+'[3]CB-22'!BL11+'[3]CB-23'!BL11+'[3]CB-24'!BL11+'[4]LCT-1'!BL11+'[4]LCT-2'!BL11+'[4]LCT-3'!BL11+'[4]LCT-4'!BL11+'[4]LCT-5'!BL11+'[4]LCT-6'!BL11+'[4]LCT-7'!BL11+'[4]LCT-8'!BL11+'[5]TB-1'!BL11+'[5]TB-2'!BL11+'[5]TB-3'!BL11+'[5]TB-4'!BL11+'[5]TB-5'!BL11+'[5]TB-6'!BL11+'[5]TB-7'!BL11+'[5]TB-8'!BL11+'[5]TB-9'!BL11+'[5]TB-10'!BL11+'[6]DSV-1'!BL11+'[6]DSV-2'!BL11+'[6]DSV-3'!BL11+'[7]TUB-1'!BL11+'[7]TUB-2'!BL11+'[8]Barge-1'!BL11+'[8]Barge-2'!BL11+'[8]Barge-3'!BL11+'[8]Barge-4'!BL11 -> 0 | AF11: ='[2]AHTS-1'!CH11+'[2]AHTS-2'!CH11+'[2]AHTS-3'!CH11+'[2]AHTS-4'!CH11+'[2]AHTS-5'!CH11+'[2]AHTS-6'!CH11+'[2]AHTS-7'!CH11+'[2]AHTS-8'!CH11+'[3]CB-1'!CH11+'[3]CB-2'!CH11+'[3]CB-3'!CH11+'[3]CB-4'!CH11+'[3]CB-5'!CH11+'[3]CB-6'!CH11+'[3]CB-7'!CH11+'[3]CB-8'!CH11+'[3]CB-9'!CH11+'[3]CB-10'!CH11+'[3]CB-11'!CH11+'[3]CB-12'!CH11+'[3]CB-13'!CH11+'[3]CB-14'!CH11+'[3]CB-15'!CH11+'[3]CB-16'!CH11+'[3]CB-17'!CH11+'[3]CB-18'!CH11+'[3]CB-19'!CH11+'[3]CB-20'!CH11+'[3]CB-21'!CH11+'[3]CB-22'!CH11+'[3]CB-23'!CH11+'[3]CB-24'!CH11+'[4]LCT-1'!CH11+'[4]LCT-2'!CH11+'[4]LCT-3'!CH11+'[4]LCT-4'!CH11+'[4]LCT-5'!CH11+'[4]LCT-6'!CH11+'[4]LCT-7'!CH11+'[4]LCT-8'!CH11+'[5]TB-1'!CH11+'[5]TB-2'!CH11+'[5]TB-3'!CH11+'[5]TB-4'!CH11+'[5]TB-5'!CH11+'[5]TB-6'!CH11+'[5]TB-7'!CH11+'[5]TB-8'!CH11+'[5]TB-9'!CH11+'[5]TB-10'!CH11+'[6]DSV-1'!CH11+'[6]DSV-2'!CH11+'[6]DSV-3'!CH11+'[7]TUB-1'!CH11+'[7]TUB-2'!CH11+'[8]Barge-1'!CH11+'[8]Barge-2'!CH11+'[8]Barge-3'!CH11+'[8]Barge-4'!CH11 -> 0 | AG11: ='[2]AHTS-1'!AQ11+'[2]AHTS-2'!AQ11+'[2]AHTS-3'!AQ11+'[2]AHTS-4'!AQ11+'[2]AHTS-5'!AQ11+'[2]AHTS-6'!AQ11+'[2]AHTS-7'!AQ11+'[2]AHTS-8'!AQ11+'[3]CB-1'!AQ11+'[3]CB-2'!AQ11+'[3]CB-3'!AQ11+'[3]CB-4'!AQ11+'[3]CB-5'!AQ11+'[3]CB-6'!AQ11+'[3]CB-7'!AQ11+'[3]CB-8'!AQ11+'[3]CB-9'!AQ11+'[3]CB-10'!AQ11+'[3]CB-11'!AQ11+'[3]CB-12'!AQ11+'[3]CB-13'!AQ11+'[3]CB-14'!AQ11+'[3]CB-15'!AQ11+'[3]CB-16'!AQ11+'[3]CB-17'!AQ11+'[3]CB-18'!AQ11+'[3]CB-19'!AQ11+'[3]CB-20'!AQ11+'[3]CB-21'!AQ11+'[3]CB-22'!AQ11+'[3]CB-23'!AQ11+'[3]CB-24'!AQ11+'[4]LCT-1'!AQ11+'[4]LCT-2'!AQ11+'[4]LCT-3'!AQ11+'[4]LCT-4'!AQ11+'[4]LCT-5'!AQ11+'[4]LCT-6'!AQ11+'[4]LCT-7'!AQ11+'[4]LCT-8'!AQ11+'[5]TB-1'!AQ11+'[5]TB-2'!AQ11+'[5]TB-3'!AQ11+'[5]TB-4'!AQ11+'[5]TB-5'!AQ11+'[5]TB-6'!AQ11+'[5]TB-7'!AQ11+'[5]TB-8'!AQ11+'[5]TB-9'!AQ11+'[5]TB-10'!AQ11+'[6]DSV-1'!AQ11+'[6]DSV-2'!AQ11+'[6]DSV-3'!AQ11+'[7]TUB-1'!AQ11+'[7]TUB-2'!AQ11+'[8]Barge-1'!AQ11+'[8]Barge-2'!AQ11+'[8]Barge-3'!AQ11+'[8]Barge-4'!AQ11 -> 0 | AH11: ='[2]AHTS-1'!BM11+'[2]AHTS-2'!BM11+'[2]AHTS-3'!BM11+'[2]AHTS-4'!BM11+'[2]AHTS-5'!BM11+'[2]AHTS-6'!BM11+'[2]AHTS-7'!BM11+'[2]AHTS-8'!BM11+'[3]CB-1'!BM11+'[3]CB-2'!BM11+'[3]CB-3'!BM11+'[3]CB-4'!BM11+'[3]CB-5'!BM11+'[3]CB-6'!BM11+'[3]CB-7'!BM11+'[3]CB-8'!BM11+'[3]CB-9'!BM11+'[3]CB-10'!BM11+'[3]CB-11'!BM11+'[3]CB-12'!BM11+'[3]CB-13'!BM11+'[3]CB-14'!BM11+'[3]CB-15'!BM11+'[3]CB-16'!BM11+'[3]CB-17'!BM11+'[3]CB-18'!BM11+'[3]CB-19'!BM11+'[3]CB-20'!BM11+'[3]CB-21'!BM11+'[3]CB-22'!BM11+'[3]CB-23'!BM11+'[3]CB-24'!BM11+'[4]LCT-1'!BM11+'[4]LCT-2'!BM11+'[4]LCT-3'!BM11+'[4]LCT-4'!BM11+'[4]LCT-5'!BM11+'[4]LCT-6'!BM11+'[4]LCT-7'!BM11+'[4]LCT-8'!BM11+'[5]TB-1'!BM11+'[5]TB-2'!BM11+'[5]TB-3'!BM11+'[5]TB-4'!BM11+'[5]TB-5'!BM11+'[5]TB-6'!BM11+'[5]TB-7'!BM11+'[5]TB-8'!BM11+'[5]TB-9'!BM11+'[5]TB-10'!BM11+'[6]DSV-1'!BM11+'[6]DSV-2'!BM11+'[6]DSV-3'!BM11+'[7]TUB-1'!BM11+'[7]TUB-2'!BM11+'[8]Barge-1'!BM11+'[8]Barge-2'!BM11+'[8]Barge-3'!BM11+'[8]Barge-4'!BM11 -> 0 | AI11: ='[2]AHTS-1'!CI11+'[2]AHTS-2'!CI11+'[2]AHTS-3'!CI11+'[2]AHTS-4'!CI11+'[2]AHTS-5'!CI11+'[2]AHTS-6'!CI11+'[2]AHTS-7'!CI11+'[2]AHTS-8'!CI11+'[3]CB-1'!CI11+'[3]CB-2'!CI11+'[3]CB-3'!CI11+'[3]CB-4'!CI11+'[3]CB-5'!CI11+'[3]CB-6'!CI11+'[3]CB-7'!CI11+'[3]CB-8'!CI11+'[3]CB-9'!CI11+'[3]CB-10'!CI11+'[3]CB-11'!CI11+'[3]CB-12'!CI11+'[3]CB-13'!CI11+'[3]CB-14'!CI11+'[3]CB-15'!CI11+'[3]CB-16'!CI11+'[3]CB-17'!CI11+'[3]CB-18'!CI11+'[3]CB-19'!CI11+'[3]CB-20'!CI11+'[3]CB-21'!CI11+'[3]CB-22'!CI11+'[3]CB-23'!CI11+'[3]CB-24'!CI11+'[4]LCT-1'!CI11+'[4]LCT-2'!CI11+'[4]LCT-3'!CI11+'[4]LCT-4'!CI11+'[4]LCT-5'!CI11+'[4]LCT-6'!CI11+'[4]LCT-7'!CI11+'[4]LCT-8'!CI11+'[5]TB-1'!CI11+'[5]TB-2'!CI11+'[5]TB-3'!CI11+'[5]TB-4'!CI11+'[5]TB-5'!CI11+'[5]TB-6'!CI11+'[5]TB-7'!CI11+'[5]TB-8'!CI11+'[5]TB-9'!CI11+'[5]TB-10'!CI11+'[6]DSV-1'!CI11+'[6]DSV-2'!CI11+'[6]DSV-3'!CI11+'[7]TUB-1'!CI11+'[7]TUB-2'!CI11+'[8]Barge-1'!CI11+'[8]Barge-2'!CI11+'[8]Barge-3'!CI11+'[8]Barge-4'!CI11 -> 0 | AJ11: ='[2]AHTS-1'!AR11+'[2]AHTS-2'!AR11+'[2]AHTS-3'!AR11+'[2]AHTS-4'!AR11+'[2]AHTS-5'!AR11+'[2]AHTS-6'!AR11+'[2]AHTS-7'!AR11+'[2]AHTS-8'!AR11+'[3]CB-1'!AR11+'[3]CB-2'!AR11+'[3]CB-3'!AR11+'[3]CB-4'!AR11+'[3]CB-5'!AR11+'[3]CB-6'!AR11+'[3]CB-7'!AR11+'[3]CB-8'!AR11+'[3]CB-9'!AR11+'[3]CB-10'!AR11+'[3]CB-11'!AR11+'[3]CB-12'!AR11+'[3]CB-13'!AR11+'[3]CB-14'!AR11+'[3]CB-15'!AR11+'[3]CB-16'!AR11+'[3]CB-17'!AR11+'[3]CB-18'!AR11+'[3]CB-19'!AR11+'[3]CB-20'!AR11+'[3]CB-21'!AR11+'[3]CB-22'!AR11+'[3]CB-23'!AR11+'[3]CB-24'!AR11+'[4]LCT-1'!AR11+'[4]LCT-2'!AR11+'[4]LCT-3'!AR11+'[4]LCT-4'!AR11+'[4]LCT-5'!AR11+'[4]LCT-6'!AR11+'[4]LCT-7'!AR11+'[4]LCT-8'!AR11+'[5]TB-1'!AR11+'[5]TB-2'!AR11+'[5]TB-3'!AR11+'[5]TB-4'!AR11+'[5]TB-5'!AR11+'[5]TB-6'!AR11+'[5]TB-7'!AR11+'[5]TB-8'!AR11+'[5]TB-9'!AR11+'[5]TB-10'!AR11+'[6]DSV-1'!AR11+'[6]DSV-2'!AR11+'[6]DSV-3'!AR11+'[7]TUB-1'!AR11+'[7]TUB-2'!AR11+'[8]Barge-1'!AR11+'[8]Barge-2'!AR11+'[8]Barge-3'!AR11+'[8]Barge-4'!AR11 -> 0 | AK11: ='[2]AHTS-1'!BN11+'[2]AHTS-2'!BN11+'[2]AHTS-3'!BN11+'[2]AHTS-4'!BN11+'[2]AHTS-5'!BN11+'[2]AHTS-6'!BN11+'[2]AHTS-7'!BN11+'[2]AHTS-8'!BN11+'[3]CB-1'!BN11+'[3]CB-2'!BN11+'[3]CB-3'!BN11+'[3]CB-4'!BN11+'[3]CB-5'!BN11+'[3]CB-6'!BN11+'[3]CB-7'!BN11+'[3]CB-8'!BN11+'[3]CB-9'!BN11+'[3]CB-10'!BN11+'[3]CB-11'!BN11+'[3]CB-12'!BN11+'[3]CB-13'!BN11+'[3]CB-14'!BN11+'[3]CB-15'!BN11+'[3]CB-16'!BN11+'[3]CB-17'!BN11+'[3]CB-18'!BN11+'[3]CB-19'!BN11+'[3]CB-20'!BN11+'[3]CB-21'!BN11+'[3]CB-22'!BN11+'[3]CB-23'!BN11+'[3]CB-24'!BN11+'[4]LCT-1'!BN11+'[4]LCT-2'!BN11+'[4]LCT-3'!BN11+'[4]LCT-4'!BN11+'[4]LCT-5'!BN11+'[4]LCT-6'!BN11+'[4]LCT-7'!BN11+'[4]LCT-8'!BN11+'[5]TB-1'!BN11+'[5]TB-2'!BN11+'[5]TB-3'!BN11+'[5]TB-4'!BN11+'[5]TB-5'!BN11+'[5]TB-6'!BN11+'[5]TB-7'!BN11+'[5]TB-8'!BN11+'[5]TB-9'!BN11+'[5]TB-10'!BN11+'[6]DSV-1'!BN11+'[6]DSV-2'!BN11+'[6]DSV-3'!BN11+'[7]TUB-1'!BN11+'[7]TUB-2'!BN11+'[8]Barge-1'!BN11+'[8]Barge-2'!BN11+'[8]Barge-3'!BN11+'[8]Barge-4'!BN11 -> 0 | AL11: ='[2]AHTS-1'!CJ11+'[2]AHTS-2'!CJ11+'[2]AHTS-3'!CJ11+'[2]AHTS-4'!CJ11+'[2]AHTS-5'!CJ11+'[2]AHTS-6'!CJ11+'[2]AHTS-7'!CJ11+'[2]AHTS-8'!CJ11+'[3]CB-1'!CJ11+'[3]CB-2'!CJ11+'[3]CB-3'!CJ11+'[3]CB-4'!CJ11+'[3]CB-5'!CJ11+'[3]CB-6'!CJ11+'[3]CB-7'!CJ11+'[3]CB-8'!CJ11+'[3]CB-9'!CJ11+'[3]CB-10'!CJ11+'[3]CB-11'!CJ11+'[3]CB-12'!CJ11+'[3]CB-13'!CJ11+'[3]CB-14'!CJ11+'[3]CB-15'!CJ11+'[3]CB-16'!CJ11+'[3]CB-17'!CJ11+'[3]CB-18'!CJ11+'[3]CB-19'!CJ11+'[3]CB-20'!CJ11+'[3]CB-21'!CJ11+'[3]CB-22'!CJ11+'[3]CB-23'!CJ11+'[3]CB-24'!CJ11+'[4]LCT-1'!CJ11+'[4]LCT-2'!CJ11+'[4]LCT-3'!CJ11+'[4]LCT-4'!CJ11+'[4]LCT-5'!CJ11+'[4]LCT-6'!CJ11+'[4]LCT-7'!CJ11+'[4]LCT-8'!CJ11+'[5]TB-1'!CJ11+'[5]TB-2'!CJ11+'[5]TB-3'!CJ11+'[5]TB-4'!CJ11+'[5]TB-5'!CJ11+'[5]TB-6'!CJ11+'[5]TB-7'!CJ11+'[5]TB-8'!CJ11+'[5]TB-9'!CJ11+'[5]TB-10'!CJ11+'[6]DSV-1'!CJ11+'[6]DSV-2'!CJ11+'[6]DSV-3'!CJ11+'[7]TUB-1'!CJ11+'[7]TUB-2'!CJ11+'[8]Barge-1'!CJ11+'[8]Barge-2'!CJ11+'[8]Barge-3'!CJ11+'[8]Barge-4'!CJ11 -> 0 | AM11: ='[2]AHTS-1'!AS11+'[2]AHTS-2'!AS11+'[2]AHTS-3'!AS11+'[2]AHTS-4'!AS11+'[2]AHTS-5'!AS11+'[2]AHTS-6'!AS11+'[2]AHTS-7'!AS11+'[2]AHTS-8'!AS11+'[3]CB-1'!AS11+'[3]CB-2'!AS11+'[3]CB-3'!AS11+'[3]CB-4'!AS11+'[3]CB-5'!AS11+'[3]CB-6'!AS11+'[3]CB-7'!AS11+'[3]CB-8'!AS11+'[3]CB-9'!AS11+'[3]CB-10'!AS11+'[3]CB-11'!AS11+'[3]CB-12'!AS11+'[3]CB-13'!AS11+'[3]CB-14'!AS11+'[3]CB-15'!AS11+'[3]CB-16'!AS11+'[3]CB-17'!AS11+'[3]CB-18'!AS11+'[3]CB-19'!AS11+'[3]CB-20'!AS11+'[3]CB-21'!AS11+'[3]CB-22'!AS11+'[3]CB-23'!AS11+'[3]CB-24'!AS11+'[4]LCT-1'!AS11+'[4]LCT-2'!AS11+'[4]LCT-3'!AS11+'[4]LCT-4'!AS11+'[4]LCT-5'!AS11+'[4]LCT-6'!AS11+'[4]LCT-7'!AS11+'[4]LCT-8'!AS11+'[5]TB-1'!AS11+'[5]TB-2'!AS11+'[5]TB-3'!AS11+'[5]TB-4'!AS11+'[5]TB-5'!AS11+'[5]TB-6'!AS11+'[5]TB-7'!AS11+'[5]TB-8'!AS11+'[5]TB-9'!AS11+'[5]TB-10'!AS11+'[6]DSV-1'!AS11+'[6]DSV-2'!AS11+'[6]DSV-3'!AS11+'[7]TUB-1'!AS11+'[7]TUB-2'!AS11+'[8]Barge-1'!AS11+'[8]Barge-2'!AS11+'[8]Barge-3'!AS11+'[8]Barge-4'!AS11 -> 0 | AN11: ='[2]AHTS-1'!BO11+'[2]AHTS-2'!BO11+'[2]AHTS-3'!BO11+'[2]AHTS-4'!BO11+'[2]AHTS-5'!BO11+'[2]AHTS-6'!BO11+'[2]AHTS-7'!BO11+'[2]AHTS-8'!BO11+'[3]CB-1'!BO11+'[3]CB-2'!BO11+'[3]CB-3'!BO11+'[3]CB-4'!BO11+'[3]CB-5'!BO11+'[3]CB-6'!BO11+'[3]CB-7'!BO11+'[3]CB-8'!BO11+'[3]CB-9'!BO11+'[3]CB-10'!BO11+'[3]CB-11'!BO11+'[3]CB-12'!BO11+'[3]CB-13'!BO11+'[3]CB-14'!BO11+'[3]CB-15'!BO11+'[3]CB-16'!BO11+'[3]CB-17'!BO11+'[3]CB-18'!BO11+'[3]CB-19'!BO11+'[3]CB-20'!BO11+'[3]CB-21'!BO11+'[3]CB-22'!BO11+'[3]CB-23'!BO11+'[3]CB-24'!BO11+'[4]LCT-1'!BO11+'[4]LCT-2'!BO11+'[4]LCT-3'!BO11+'[4]LCT-4'!BO11+'[4]LCT-5'!BO11+'[4]LCT-6'!BO11+'[4]LCT-7'!BO11+'[4]LCT-8'!BO11+'[5]TB-1'!BO11+'[5]TB-2'!BO11+'[5]TB-3'!BO11+'[5]TB-4'!BO11+'[5]TB-5'!BO11+'[5]TB-6'!BO11+'[5]TB-7'!BO11+'[5]TB-8'!BO11+'[5]TB-9'!BO11+'[5]TB-10'!BO11+'[6]DSV-1'!BO11+'[6]DSV-2'!BO11+'[6]DSV-3'!BO11+'[7]TUB-1'!BO11+'[7]TUB-2'!BO11+'[8]Barge-1'!BO11+'[8]Barge-2'!BO11+'[8]Barge-3'!BO11+'[8]Barge-4'!BO11 -> 0 | AO11: ='[2]AHTS-1'!CK11+'[2]AHTS-2'!CK11+'[2]AHTS-3'!CK11+'[2]AHTS-4'!CK11+'[2]AHTS-5'!CK11+'[2]AHTS-6'!CK11+'[2]AHTS-7'!CK11+'[2]AHTS-8'!CK11+'[3]CB-1'!CK11+'[3]CB-2'!CK11+'[3]CB-3'!CK11+'[3]CB-4'!CK11+'[3]CB-5'!CK11+'[3]CB-6'!CK11+'[3]CB-7'!CK11+'[3]CB-8'!CK11+'[3]CB-9'!CK11+'[3]CB-10'!CK11+'[3]CB-11'!CK11+'[3]CB-12'!CK11+'[3]CB-13'!CK11+'[3]CB-14'!CK11+'[3]CB-15'!CK11+'[3]CB-16'!CK11+'[3]CB-17'!CK11+'[3]CB-18'!CK11+'[3]CB-19'!CK11+'[3]CB-20'!CK11+'[3]CB-21'!CK11+'[3]CB-22'!CK11+'[3]CB-23'!CK11+'[3]CB-24'!CK11+'[4]LCT-1'!CK11+'[4]LCT-2'!CK11+'[4]LCT-3'!CK11+'[4]LCT-4'!CK11+'[4]LCT-5'!CK11+'[4]LCT-6'!CK11+'[4]LCT-7'!CK11+'[4]LCT-8'!CK11+'[5]TB-1'!CK11+'[5]TB-2'!CK11+'[5]TB-3'!CK11+'[5]TB-4'!CK11+'[5]TB-5'!CK11+'[5]TB-6'!CK11+'[5]TB-7'!CK11+'[5]TB-8'!CK11+'[5]TB-9'!CK11+'[5]TB-10'!CK11+'[6]DSV-1'!CK11+'[6]DSV-2'!CK11+'[6]DSV-3'!CK11+'[7]TUB-1'!CK11+'[7]TUB-2'!CK11+'[8]Barge-1'!CK11+'[8]Barge-2'!CK11+'[8]Barge-3'!CK11+'[8]Barge-4'!CK11 -> 0 | AR11: =[1]Control!$AZ11 -> 45986 | AT11: ='[2]AHTS-1'!HN49+'[2]AHTS-2'!HN49+'[2]AHTS-3'!HN49+'[2]AHTS-4'!HN49+'[2]AHTS-5'!HN49+'[2]AHTS-6'!HN49+'[2]AHTS-7'!HN49+'[2]AHTS-8'!HN49+'[3]CB-1'!HN49+'[3]CB-2'!HN49+'[3]CB-3'!HN49+'[3]CB-4'!HN49+'[3]CB-5'!HN49+'[3]CB-6'!HN49+'[3]CB-7'!HN49+'[3]CB-8'!HN49+'[3]CB-9'!HN49+'[3]CB-10'!HN49+'[3]CB-11'!HN49+'[3]CB-12'!HN49+'[3]CB-13'!HN49+'[3]CB-14'!HN49+'[3]CB-15'!HN49+'[3]CB-16'!HN49+'[3]CB-17'!HN49+'[3]CB-18'!HN49+'[3]CB-19'!HN49+'[3]CB-20'!HN49+'[3]CB-21'!HN49+'[3]CB-22'!HN49+'[3]CB-23'!HN49+'[3]CB-24'!HN49+'[4]LCT-1'!HN49+'[4]LCT-2'!HN49+'[4]LCT-3'!HN49+'[4]LCT-4'!HN49+'[4]LCT-5'!HN49+'[4]LCT-6'!HN49+'[4]LCT-7'!HN49+'[4]LCT-8'!HN49+'[5]TB-1'!HN49+'[5]TB-2'!HN49+'[5]TB-3'!HN49+'[5]TB-4'!HN49+'[5]TB-5'!HN49+'[5]TB-6'!HN49+'[5]TB-7'!HN49+'[5]TB-8'!HN49+'[5]TB-9'!HN49+'[5]TB-10'!HN49+'[6]DSV-1'!HN49+'[6]DSV-2'!HN49+'[6]DSV-3'!HN49+'[7]TUB-1'!HN49+'[7]TUB-2'!HN49+'[8]Barge-1'!HN49+'[8]Barge-2'!HN49+'[8]Barge-3'!HN49+'[8]Barge-4'!HN49 -> 0 | AU11: ='[2]AHTS-1'!HN11+'[2]AHTS-2'!HN11+'[2]AHTS-3'!HN11+'[2]AHTS-4'!HN11+'[2]AHTS-5'!HN11+'[2]AHTS-6'!HN11+'[2]AHTS-7'!HN11+'[2]AHTS-8'!HN11+'[3]CB-1'!HN11+'[3]CB-2'!HN11+'[3]CB-3'!HN11+'[3]CB-4'!HN11+'[3]CB-5'!HN11+'[3]CB-6'!HN11+'[3]CB-7'!HN11+'[3]CB-8'!HN11+'[3]CB-9'!HN11+'[3]CB-10'!HN11+'[3]CB-11'!HN11+'[3]CB-12'!HN11+'[3]CB-13'!HN11+'[3]CB-14'!HN11+'[3]CB-15'!HN11+'[3]CB-16'!HN11+'[3]CB-17'!HN11+'[3]CB-18'!HN11+'[3]CB-19'!HN11+'[3]CB-20'!HN11+'[3]CB-21'!HN11+'[3]CB-22'!HN11+'[3]CB-23'!HN11+'[3]CB-24'!HN11+'[4]LCT-1'!HN11+'[4]LCT-2'!HN11+'[4]LCT-3'!HN11+'[4]LCT-4'!HN11+'[4]LCT-5'!HN11+'[4]LCT-6'!HN11+'[4]LCT-7'!HN11+'[4]LCT-8'!HN11+'[5]TB-1'!HN11+'[5]TB-2'!HN11+'[5]TB-3'!HN11+'[5]TB-4'!HN11+'[5]TB-5'!HN11+'[5]TB-6'!HN11+'[5]TB-7'!HN11+'[5]TB-8'!HN11+'[5]TB-9'!HN11+'[5]TB-10'!HN11+'[6]DSV-1'!HN11+'[6]DSV-2'!HN11+'[6]DSV-3'!HN11+'[7]TUB-1'!HN11+'[7]TUB-2'!HN11+'[8]Barge-1'!HN11+'[8]Barge-2'!HN11+'[8]Barge-3'!HN11+'[8]Barge-4'!HN11 -> 0 | AV11: ='[2]AHTS-1'!HN82+'[2]AHTS-2'!HN82+'[2]AHTS-3'!HN82+'[2]AHTS-4'!HN82+'[2]AHTS-5'!HN82+'[2]AHTS-6'!HN82+'[2]AHTS-7'!HN82+'[2]AHTS-8'!HN82+'[3]CB-1'!HN82+'[3]CB-2'!HN82+'[3]CB-3'!HN82+'[3]CB-4'!HN82+'[3]CB-5'!HN82+'[3]CB-6'!HN82+'[3]CB-7'!HN82+'[3]CB-8'!HN82+'[3]CB-9'!HN82+'[3]CB-10'!HN82+'[3]CB-11'!HN82+'[3]CB-12'!HN82+'[3]CB-13'!HN82+'[3]CB-14'!HN82+'[3]CB-15'!HN82+'[3]CB-16'!HN82+'[3]CB-17'!HN82+'[3]CB-18'!HN82+'[3]CB-19'!HN82+'[3]CB-20'!HN82+'[3]CB-21'!HN82+'[3]CB-22'!HN82+'[3]CB-23'!HN82+'[3]CB-24'!HN82+'[4]LCT-1'!HN82+'[4]LCT-2'!HN82+'[4]LCT-3'!HN82+'[4]LCT-4'!HN82+'[4]LCT-5'!HN82+'[4]LCT-6'!HN82+'[4]LCT-7'!HN82+'[4]LCT-8'!HN82+'[5]TB-1'!HN82+'[5]TB-2'!HN82+'[5]TB-3'!HN82+'[5]TB-4'!HN82+'[5]TB-5'!HN82+'[5]TB-6'!HN82+'[5]TB-7'!HN82+'[5]TB-8'!HN82+'[5]TB-9'!HN82+'[5]TB-10'!HN82+'[6]DSV-1'!HN82+'[6]DSV-2'!HN82+'[6]DSV-3'!HN82+'[7]TUB-1'!HN82+'[7]TUB-2'!HN82+'[8]Barge-1'!HN82+'[8]Barge-2'!HN82+'[8]Barge-3'!HN82+'[8]Barge-4'!HN82 -> 0 | AW11: ='[2]AHTS-1'!HO49+'[2]AHTS-2'!HO49+'[2]AHTS-3'!HO49+'[2]AHTS-4'!HO49+'[2]AHTS-5'!HO49+'[2]AHTS-6'!HO49+'[2]AHTS-7'!HO49+'[2]AHTS-8'!HO49+'[3]CB-1'!HO49+'[3]CB-2'!HO49+'[3]CB-3'!HO49+'[3]CB-4'!HO49+'[3]CB-5'!HO49+'[3]CB-6'!HO49+'[3]CB-7'!HO49+'[3]CB-8'!HO49+'[3]CB-9'!HO49+'[3]CB-10'!HO49+'[3]CB-11'!HO49+'[3]CB-12'!HO49+'[3]CB-13'!HO49+'[3]CB-14'!HO49+'[3]CB-15'!HO49+'[3]CB-16'!HO49+'[3]CB-17'!HO49+'[3]CB-18'!HO49+'[3]CB-19'!HO49+'[3]CB-20'!HO49+'[3]CB-21'!HO49+'[3]CB-22'!HO49+'[3]CB-23'!HO49+'[3]CB-24'!HO49+'[4]LCT-1'!HO49+'[4]LCT-2'!HO49+'[4]LCT-3'!HO49+'[4]LCT-4'!HO49+'[4]LCT-5'!HO49+'[4]LCT-6'!HO49+'[4]LCT-7'!HO49+'[4]LCT-8'!HO49+'[5]TB-1'!HO49+'[5]TB-2'!HO49+'[5]TB-3'!HO49+'[5]TB-4'!HO49+'[5]TB-5'!HO49+'[5]TB-6'!HO49+'[5]TB-7'!HO49+'[5]TB-8'!HO49+'[5]TB-9'!HO49+'[5]TB-10'!HO49+'[6]DSV-1'!HO49+'[6]DSV-2'!HO49+'[6]DSV-3'!HO49+'[7]TUB-1'!HO49+'[7]TUB-2'!HO49+'[8]Barge-1'!HO49+'[8]Barge-2'!HO49+'[8]Barge-3'!HO49+'[8]Barge-4'!HO49 -> 0 | AX11: ='[2]AHTS-1'!HO11+'[2]AHTS-2'!HO11+'[2]AHTS-3'!HO11+'[2]AHTS-4'!HO11+'[2]AHTS-5'!HO11+'[2]AHTS-6'!HO11+'[2]AHTS-7'!HO11+'[2]AHTS-8'!HO11+'[3]CB-1'!HO11+'[3]CB-2'!HO11+'[3]CB-3'!HO11+'[3]CB-4'!HO11+'[3]CB-5'!HO11+'[3]CB-6'!HO11+'[3]CB-7'!HO11+'[3]CB-8'!HO11+'[3]CB-9'!HO11+'[3]CB-10'!HO11+'[3]CB-11'!HO11+'[3]CB-12'!HO11+'[3]CB-13'!HO11+'[3]CB-14'!HO11+'[3]CB-15'!HO11+'[3]CB-16'!HO11+'[3]CB-17'!HO11+'[3]CB-18'!HO11+'[3]CB-19'!HO11+'[3]CB-20'!HO11+'[3]CB-21'!HO11+'[3]CB-22'!HO11+'[3]CB-23'!HO11+'[3]CB-24'!HO11+'[4]LCT-1'!HO11+'[4]LCT-2'!HO11+'[4]LCT-3'!HO11+'[4]LCT-4'!HO11+'[4]LCT-5'!HO11+'[4]LCT-6'!HO11+'[4]LCT-7'!HO11+'[4]LCT-8'!HO11+'[5]TB-1'!HO11+'[5]TB-2'!HO11+'[5]TB-3'!HO11+'[5]TB-4'!HO11+'[5]TB-5'!HO11+'[5]TB-6'!HO11+'[5]TB-7'!HO11+'[5]TB-8'!HO11+'[5]TB-9'!HO11+'[5]TB-10'!HO11+'[6]DSV-1'!HO11+'[6]DSV-2'!HO11+'[6]DSV-3'!HO11+'[7]TUB-1'!HO11+'[7]TUB-2'!HO11+'[8]Barge-1'!HO11+'[8]Barge-2'!HO11+'[8]Barge-3'!HO11+'[8]Barge-4'!HO11 -> 0 | AY11: ='[2]AHTS-1'!HO82+'[2]AHTS-2'!HO82+'[2]AHTS-3'!HO82+'[2]AHTS-4'!HO82+'[2]AHTS-5'!HO82+'[2]AHTS-6'!HO82+'[2]AHTS-7'!HO82+'[2]AHTS-8'!HO82+'[3]CB-1'!HO82+'[3]CB-2'!HO82+'[3]CB-3'!HO82+'[3]CB-4'!HO82+'[3]CB-5'!HO82+'[3]CB-6'!HO82+'[3]CB-7'!HO82+'[3]CB-8'!HO82+'[3]CB-9'!HO82+'[3]CB-10'!HO82+'[3]CB-11'!HO82+'[3]CB-12'!HO82+'[3]CB-13'!HO82+'[3]CB-14'!HO82+'[3]CB-15'!HO82+'[3]CB-16'!HO82+'[3]CB-17'!HO82+'[3]CB-18'!HO82+'[3]CB-19'!HO82+'[3]CB-20'!HO82+'[3]CB-21'!HO82+'[3]CB-22'!HO82+'[3]CB-23'!HO82+'[3]CB-24'!HO82+'[4]LCT-1'!HO82+'[4]LCT-2'!HO82+'[4]LCT-3'!HO82+'[4]LCT-4'!HO82+'[4]LCT-5'!HO82+'[4]LCT-6'!HO82+'[4]LCT-7'!HO82+'[4]LCT-8'!HO82+'[5]TB-1'!HO82+'[5]TB-2'!HO82+'[5]TB-3'!HO82+'[5]TB-4'!HO82+'[5]TB-5'!HO82+'[5]TB-6'!HO82+'[5]TB-7'!HO82+'[5]TB-8'!HO82+'[5]TB-9'!HO82+'[5]TB-10'!HO82+'[6]DSV-1'!HO82+'[6]DSV-2'!HO82+'[6]DSV-3'!HO82+'[7]TUB-1'!HO82+'[7]TUB-2'!HO82+'[8]Barge-1'!HO82+'[8]Barge-2'!HO82+'[8]Barge-3'!HO82+'[8]Barge-4'!HO82 -> 0 | AZ11: ='[2]AHTS-1'!HP49+'[2]AHTS-2'!HP49+'[2]AHTS-3'!HP49+'[2]AHTS-4'!HP49+'[2]AHTS-5'!HP49+'[2]AHTS-6'!HP49+'[2]AHTS-7'!HP49+'[2]AHTS-8'!HP49+'[3]CB-1'!HP49+'[3]CB-2'!HP49+'[3]CB-3'!HP49+'[3]CB-4'!HP49+'[3]CB-5'!HP49+'[3]CB-6'!HP49+'[3]CB-7'!HP49+'[3]CB-8'!HP49+'[3]CB-9'!HP49+'[3]CB-10'!HP49+'[3]CB-11'!HP49+'[3]CB-12'!HP49+'[3]CB-13'!HP49+'[3]CB-14'!HP49+'[3]CB-15'!HP49+'[3]CB-16'!HP49+'[3]CB-17'!HP49+'[3]CB-18'!HP49+'[3]CB-19'!HP49+'[3]CB-20'!HP49+'[3]CB-21'!HP49+'[3]CB-22'!HP49+'[3]CB-23'!HP49+'[3]CB-24'!HP49+'[4]LCT-1'!HP49+'[4]LCT-2'!HP49+'[4]LCT-3'!HP49+'[4]LCT-4'!HP49+'[4]LCT-5'!HP49+'[4]LCT-6'!HP49+'[4]LCT-7'!HP49+'[4]LCT-8'!HP49+'[5]TB-1'!HP49+'[5]TB-2'!HP49+'[5]TB-3'!HP49+'[5]TB-4'!HP49+'[5]TB-5'!HP49+'[5]TB-6'!HP49+'[5]TB-7'!HP49+'[5]TB-8'!HP49+'[5]TB-9'!HP49+'[5]TB-10'!HP49+'[6]DSV-1'!HP49+'[6]DSV-2'!HP49+'[6]DSV-3'!HP49+'[7]TUB-1'!HP49+'[7]TUB-2'!HP49+'[8]Barge-1'!HP49+'[8]Barge-2'!HP49+'[8]Barge-3'!HP49+'[8]Barge-4'!HP49 -> 60429262 | BA11: ='[2]AHTS-1'!HP11+'[2]AHTS-2'!HP11+'[2]AHTS-3'!HP11+'[2]AHTS-4'!HP11+'[2]AHTS-5'!HP11+'[2]AHTS-6'!HP11+'[2]AHTS-7'!HP11+'[2]AHTS-8'!HP11+'[3]CB-1'!HP11+'[3]CB-2'!HP11+'[3]CB-3'!HP11+'[3]CB-4'!HP11+'[3]CB-5'!HP11+'[3]CB-6'!HP11+'[3]CB-7'!HP11+'[3]CB-8'!HP11+'[3]CB-9'!HP11+'[3]CB-10'!HP11+'[3]CB-11'!HP11+'[3]CB-12'!HP11+'[3]CB-13'!HP11+'[3]CB-14'!HP11+'[3]CB-15'!HP11+'[3]CB-16'!HP11+'[3]CB-17'!HP11+'[3]CB-18'!HP11+'[3]CB-19'!HP11+'[3]CB-20'!HP11+'[3]CB-21'!HP11+'[3]CB-22'!HP11+'[3]CB-23'!HP11+'[3]CB-24'!HP11+'[4]LCT-1'!HP11+'[4]LCT-2'!HP11+'[4]LCT-3'!HP11+'[4]LCT-4'!HP11+'[4]LCT-5'!HP11+'[4]LCT-6'!HP11+'[4]LCT-7'!HP11+'[4]LCT-8'!HP11+'[5]TB-1'!HP11+'[5]TB-2'!HP11+'[5]TB-3'!HP11+'[5]TB-4'!HP11+'[5]TB-5'!HP11+'[5]TB-6'!HP11+'[5]TB-7'!HP11+'[5]TB-8'!HP11+'[5]TB-9'!HP11+'[5]TB-10'!HP11+'[6]DSV-1'!HP11+'[6]DSV-2'!HP11+'[6]DSV-3'!HP11+'[7]TUB-1'!HP11+'[7]TUB-2'!HP11+'[8]Barge-1'!HP11+'[8]Barge-2'!HP11+'[8]Barge-3'!HP11+'[8]Barge-4'!HP11 -> 82325000 | BB11: ='[2]AHTS-1'!HP82+'[2]AHTS-2'!HP82+'[2]AHTS-3'!HP82+'[2]AHTS-4'!HP82+'[2]AHTS-5'!HP82+'[2]AHTS-6'!HP82+'[2]AHTS-7'!HP82+'[2]AHTS-8'!HP82+'[3]CB-1'!HP82+'[3]CB-2'!HP82+'[3]CB-3'!HP82+'[3]CB-4'!HP82+'[3]CB-5'!HP82+'[3]CB-6'!HP82+'[3]CB-7'!HP82+'[3]CB-8'!HP82+'[3]CB-9'!HP82+'[3]CB-10'!HP82+'[3]CB-11'!HP82+'[3]CB-12'!HP82+'[3]CB-13'!HP82+'[3]CB-14'!HP82+'[3]CB-15'!HP82+'[3]CB-16'!HP82+'[3]CB-17'!HP82+'[3]CB-18'!HP82+'[3]CB-19'!HP82+'[3]CB-20'!HP82+'[3]CB-21'!HP82+'[3]CB-22'!HP82+'[3]CB-23'!HP82+'[3]CB-24'!HP82+'[4]LCT-1'!HP82+'[4]LCT-2'!HP82+'[4]LCT-3'!HP82+'[4]LCT-4'!HP82+'[4]LCT-5'!HP82+'[4]LCT-6'!HP82+'[4]LCT-7'!HP82+'[4]LCT-8'!HP82+'[5]TB-1'!HP82+'[5]TB-2'!HP82+'[5]TB-3'!HP82+'[5]TB-4'!HP82+'[5]TB-5'!HP82+'[5]TB-6'!HP82+'[5]TB-7'!HP82+'[5]TB-8'!HP82+'[5]TB-9'!HP82+'[5]TB-10'!HP82+'[6]DSV-1'!HP82+'[6]DSV-2'!HP82+'[6]DSV-3'!HP82+'[7]TUB-1'!HP82+'[7]TUB-2'!HP82+'[8]Barge-1'!HP82+'[8]Barge-2'!HP82+'[8]Barge-3'!HP82+'[8]Barge-4'!HP82 -> 0 | BC11: ='[2]AHTS-1'!HQ49+'[2]AHTS-2'!HQ49+'[2]AHTS-3'!HQ49+'[2]AHTS-4'!HQ49+'[2]AHTS-5'!HQ49+'[2]AHTS-6'!HQ49+'[2]AHTS-7'!HQ49+'[2]AHTS-8'!HQ49+'[3]CB-1'!HQ49+'[3]CB-2'!HQ49+'[3]CB-3'!HQ49+'[3]CB-4'!HQ49+'[3]CB-5'!HQ49+'[3]CB-6'!HQ49+'[3]CB-7'!HQ49+'[3]CB-8'!HQ49+'[3]CB-9'!HQ49+'[3]CB-10'!HQ49+'[3]CB-11'!HQ49+'[3]CB-12'!HQ49+'[3]CB-13'!HQ49+'[3]CB-14'!HQ49+'[3]CB-15'!HQ49+'[3]CB-16'!HQ49+'[3]CB-17'!HQ49+'[3]CB-18'!HQ49+'[3]CB-19'!HQ49+'[3]CB-20'!HQ49+'[3]CB-21'!HQ49+'[3]CB-22'!HQ49+'[3]CB-23'!HQ49+'[3]CB-24'!HQ49+'[4]LCT-1'!HQ49+'[4]LCT-2'!HQ49+'[4]LCT-3'!HQ49+'[4]LCT-4'!HQ49+'[4]LCT-5'!HQ49+'[4]LCT-6'!HQ49+'[4]LCT-7'!HQ49+'[4]LCT-8'!HQ49+'[5]TB-1'!HQ49+'[5]TB-2'!HQ49+'[5]TB-3'!HQ49+'[5]TB-4'!HQ49+'[5]TB-5'!HQ49+'[5]TB-6'!HQ49+'[5]TB-7'!HQ49+'[5]TB-8'!HQ49+'[5]TB-9'!HQ49+'[5]TB-10'!HQ49+'[6]DSV-1'!HQ49+'[6]DSV-2'!HQ49+'[6]DSV-3'!HQ49+'[7]TUB-1'!HQ49+'[7]TUB-2'!HQ49+'[8]Barge-1'!HQ49+'[8]Barge-2'!HQ49+'[8]Barge-3'!HQ49+'[8]Barge-4'!HQ49 -> 12887700 | BD11: ='[2]AHTS-1'!HQ11+'[2]AHTS-2'!HQ11+'[2]AHTS-3'!HQ11+'[2]AHTS-4'!HQ11+'[2]AHTS-5'!HQ11+'[2]AHTS-6'!HQ11+'[2]AHTS-7'!HQ11+'[2]AHTS-8'!HQ11+'[3]CB-1'!HQ11+'[3]CB-2'!HQ11+'[3]CB-3'!HQ11+'[3]CB-4'!HQ11+'[3]CB-5'!HQ11+'[3]CB-6'!HQ11+'[3]CB-7'!HQ11+'[3]CB-8'!HQ11+'[3]CB-9'!HQ11+'[3]CB-10'!HQ11+'[3]CB-11'!HQ11+'[3]CB-12'!HQ11+'[3]CB-13'!HQ11+'[3]CB-14'!HQ11+'[3]CB-15'!HQ11+'[3]CB-16'!HQ11+'[3]CB-17'!HQ11+'[3]CB-18'!HQ11+'[3]CB-19'!HQ11+'[3]CB-20'!HQ11+'[3]CB-21'!HQ11+'[3]CB-22'!HQ11+'[3]CB-23'!HQ11+'[3]CB-24'!HQ11+'[4]LCT-1'!HQ11+'[4]LCT-2'!HQ11+'[4]LCT-3'!HQ11+'[4]LCT-4'!HQ11+'[4]LCT-5'!HQ11+'[4]LCT-6'!HQ11+'[4]LCT-7'!HQ11+'[4]LCT-8'!HQ11+'[5]TB-1'!HQ11+'[5]TB-2'!HQ11+'[5]TB-3'!HQ11+'[5]TB-4'!HQ11+'[5]TB-5'!HQ11+'[5]TB-6'!HQ11+'[5]TB-7'!HQ11+'[5]TB-8'!HQ11+'[5]TB-9'!HQ11+'[5]TB-10'!HQ11+'[6]DSV-1'!HQ11+'[6]DSV-2'!HQ11+'[6]DSV-3'!HQ11+'[7]TUB-1'!HQ11+'[7]TUB-2'!HQ11+'[8]Barge-1'!HQ11+'[8]Barge-2'!HQ11+'[8]Barge-3'!HQ11+'[8]Barge-4'!HQ11 -> 12750000 | BE11: ='[2]AHTS-1'!HQ82+'[2]AHTS-2'!HQ82+'[2]AHTS-3'!HQ82+'[2]AHTS-4'!HQ82+'[2]AHTS-5'!HQ82+'[2]AHTS-6'!HQ82+'[2]AHTS-7'!HQ82+'[2]AHTS-8'!HQ82+'[3]CB-1'!HQ82+'[3]CB-2'!HQ82+'[3]CB-3'!HQ82+'[3]CB-4'!HQ82+'[3]CB-5'!HQ82+'[3]CB-6'!HQ82+'[3]CB-7'!HQ82+'[3]CB-8'!HQ82+'[3]CB-9'!HQ82+'[3]CB-10'!HQ82+'[3]CB-11'!HQ82+'[3]CB-12'!HQ82+'[3]CB-13'!HQ82+'[3]CB-14'!HQ82+'[3]CB-15'!HQ82+'[3]CB-16'!HQ82+'[3]CB-17'!HQ82+'[3]CB-18'!HQ82+'[3]CB-19'!HQ82+'[3]CB-20'!HQ82+'[3]CB-21'!HQ82+'[3]CB-22'!HQ82+'[3]CB-23'!HQ82+'[3]CB-24'!HQ82+'[4]LCT-1'!HQ82+'[4]LCT-2'!HQ82+'[4]LCT-3'!HQ82+'[4]LCT-4'!HQ82+'[4]LCT-5'!HQ82+'[4]LCT-6'!HQ82+'[4]LCT-7'!HQ82+'[4]LCT-8'!HQ82+'[5]TB-1'!HQ82+'[5]TB-2'!HQ82+'[5]TB-3'!HQ82+'[5]TB-4'!HQ82+'[5]TB-5'!HQ82+'[5]TB-6'!HQ82+'[5]TB-7'!HQ82+'[5]TB-8'!HQ82+'[5]TB-9'!HQ82+'[5]TB-10'!HQ82+'[6]DSV-1'!HQ82+'[6]DSV-2'!HQ82+'[6]DSV-3'!HQ82+'[7]TUB-1'!HQ82+'[7]TUB-2'!HQ82+'[8]Barge-1'!HQ82+'[8]Barge-2'!HQ82+'[8]Barge-3'!HQ82+'[8]Barge-4'!HQ82 -> 0 | BF11: ='[2]AHTS-1'!HR49+'[2]AHTS-2'!HR49+'[2]AHTS-3'!HR49+'[2]AHTS-4'!HR49+'[2]AHTS-5'!HR49+'[2]AHTS-6'!HR49+'[2]AHTS-7'!HR49+'[2]AHTS-8'!HR49+'[3]CB-1'!HR49+'[3]CB-2'!HR49+'[3]CB-3'!HR49+'[3]CB-4'!HR49+'[3]CB-5'!HR49+'[3]CB-6'!HR49+'[3]CB-7'!HR49+'[3]CB-8'!HR49+'[3]CB-9'!HR49+'[3]CB-10'!HR49+'[3]CB-11'!HR49+'[3]CB-12'!HR49+'[3]CB-13'!HR49+'[3]CB-14'!HR49+'[3]CB-15'!HR49+'[3]CB-16'!HR49+'[3]CB-17'!HR49+'[3]CB-18'!HR49+'[3]CB-19'!HR49+'[3]CB-20'!HR49+'[3]CB-21'!HR49+'[3]CB-22'!HR49+'[3]CB-23'!HR49+'[3]CB-24'!HR49+'[4]LCT-1'!HR49+'[4]LCT-2'!HR49+'[4]LCT-3'!HR49+'[4]LCT-4'!HR49+'[4]LCT-5'!HR49+'[4]LCT-6'!HR49+'[4]LCT-7'!HR49+'[4]LCT-8'!HR49+'[5]TB-1'!HR49+'[5]TB-2'!HR49+'[5]TB-3'!HR49+'[5]TB-4'!HR49+'[5]TB-5'!HR49+'[5]TB-6'!HR49+'[5]TB-7'!HR49+'[5]TB-8'!HR49+'[5]TB-9'!HR49+'[5]TB-10'!HR49+'[6]DSV-1'!HR49+'[6]DSV-2'!HR49+'[6]DSV-3'!HR49+'[7]TUB-1'!HR49+'[7]TUB-2'!HR49+'[8]Barge-1'!HR49+'[8]Barge-2'!HR49+'[8]Barge-3'!HR49+'[8]Barge-4'!HR49 -> 0 | BG11: ='[2]AHTS-1'!HR11+'[2]AHTS-2'!HR11+'[2]AHTS-3'!HR11+'[2]AHTS-4'!HR11+'[2]AHTS-5'!HR11+'[2]AHTS-6'!HR11+'[2]AHTS-7'!HR11+'[2]AHTS-8'!HR11+'[3]CB-1'!HR11+'[3]CB-2'!HR11+'[3]CB-3'!HR11+'[3]CB-4'!HR11+'[3]CB-5'!HR11+'[3]CB-6'!HR11+'[3]CB-7'!HR11+'[3]CB-8'!HR11+'[3]CB-9'!HR11+'[3]CB-10'!HR11+'[3]CB-11'!HR11+'[3]CB-12'!HR11+'[3]CB-13'!HR11+'[3]CB-14'!HR11+'[3]CB-15'!HR11+'[3]CB-16'!HR11+'[3]CB-17'!HR11+'[3]CB-18'!HR11+'[3]CB-19'!HR11+'[3]CB-20'!HR11+'[3]CB-21'!HR11+'[3]CB-22'!HR11+'[3]CB-23'!HR11+'[3]CB-24'!HR11+'[4]LCT-1'!HR11+'[4]LCT-2'!HR11+'[4]LCT-3'!HR11+'[4]LCT-4'!HR11+'[4]LCT-5'!HR11+'[4]LCT-6'!HR11+'[4]LCT-7'!HR11+'[4]LCT-8'!HR11+'[5]TB-1'!HR11+'[5]TB-2'!HR11+'[5]TB-3'!HR11+'[5]TB-4'!HR11+'[5]TB-5'!HR11+'[5]TB-6'!HR11+'[5]TB-7'!HR11+'[5]TB-8'!HR11+'[5]TB-9'!HR11+'[5]TB-10'!HR11+'[6]DSV-1'!HR11+'[6]DSV-2'!HR11+'[6]DSV-3'!HR11+'[7]TUB-1'!HR11+'[7]TUB-2'!HR11+'[8]Barge-1'!HR11+'[8]Barge-2'!HR11+'[8]Barge-3'!HR11+'[8]Barge-4'!HR11 -> 0 | BH11: ='[2]AHTS-1'!HR82+'[2]AHTS-2'!HR82+'[2]AHTS-3'!HR82+'[2]AHTS-4'!HR82+'[2]AHTS-5'!HR82+'[2]AHTS-6'!HR82+'[2]AHTS-7'!HR82+'[2]AHTS-8'!HR82+'[3]CB-1'!HR82+'[3]CB-2'!HR82+'[3]CB-3'!HR82+'[3]CB-4'!HR82+'[3]CB-5'!HR82+'[3]CB-6'!HR82+'[3]CB-7'!HR82+'[3]CB-8'!HR82+'[3]CB-9'!HR82+'[3]CB-10'!HR82+'[3]CB-11'!HR82+'[3]CB-12'!HR82+'[3]CB-13'!HR82+'[3]CB-14'!HR82+'[3]CB-15'!HR82+'[3]CB-16'!HR82+'[3]CB-17'!HR82+'[3]CB-18'!HR82+'[3]CB-19'!HR82+'[3]CB-20'!HR82+'[3]CB-21'!HR82+'[3]CB-22'!HR82+'[3]CB-23'!HR82+'[3]CB-24'!HR82+'[4]LCT-1'!HR82+'[4]LCT-2'!HR82+'[4]LCT-3'!HR82+'[4]LCT-4'!HR82+'[4]LCT-5'!HR82+'[4]LCT-6'!HR82+'[4]LCT-7'!HR82+'[4]LCT-8'!HR82+'[5]TB-1'!HR82+'[5]TB-2'!HR82+'[5]TB-3'!HR82+'[5]TB-4'!HR82+'[5]TB-5'!HR82+'[5]TB-6'!HR82+'[5]TB-7'!HR82+'[5]TB-8'!HR82+'[5]TB-9'!HR82+'[5]TB-10'!HR82+'[6]DSV-1'!HR82+'[6]DSV-2'!HR82+'[6]DSV-3'!HR82+'[7]TUB-1'!HR82+'[7]TUB-2'!HR82+'[8]Barge-1'!HR82+'[8]Barge-2'!HR82+'[8]Barge-3'!HR82+'[8]Barge-4'!HR82 -> 0 | BI11: ='[2]AHTS-1'!HS49+'[2]AHTS-2'!HS49+'[2]AHTS-3'!HS49+'[2]AHTS-4'!HS49+'[2]AHTS-5'!HS49+'[2]AHTS-6'!HS49+'[2]AHTS-7'!HS49+'[2]AHTS-8'!HS49+'[3]CB-1'!HS49+'[3]CB-2'!HS49+'[3]CB-3'!HS49+'[3]CB-4'!HS49+'[3]CB-5'!HS49+'[3]CB-6'!HS49+'[3]CB-7'!HS49+'[3]CB-8'!HS49+'[3]CB-9'!HS49+'[3]CB-10'!HS49+'[3]CB-11'!HS49+'[3]CB-12'!HS49+'[3]CB-13'!HS49+'[3]CB-14'!HS49+'[3]CB-15'!HS49+'[3]CB-16'!HS49+'[3]CB-17'!HS49+'[3]CB-18'!HS49+'[3]CB-19'!HS49+'[3]CB-20'!HS49+'[3]CB-21'!HS49+'[3]CB-22'!HS49+'[3]CB-23'!HS49+'[3]CB-24'!HS49+'[4]LCT-1'!HS49+'[4]LCT-2'!HS49+'[4]LCT-3'!HS49+'[4]LCT-4'!HS49+'[4]LCT-5'!HS49+'[4]LCT-6'!HS49+'[4]LCT-7'!HS49+'[4]LCT-8'!HS49+'[5]TB-1'!HS49+'[5]TB-2'!HS49+'[5]TB-3'!HS49+'[5]TB-4'!HS49+'[5]TB-5'!HS49+'[5]TB-6'!HS49+'[5]TB-7'!HS49+'[5]TB-8'!HS49+'[5]TB-9'!HS49+'[5]TB-10'!HS49+'[6]DSV-1'!HS49+'[6]DSV-2'!HS49+'[6]DSV-3'!HS49+'[7]TUB-1'!HS49+'[7]TUB-2'!HS49+'[8]Barge-1'!HS49+'[8]Barge-2'!HS49+'[8]Barge-3'!HS49+'[8]Barge-4'!HS49 -> 0 | BJ11: ='[2]AHTS-1'!HS11+'[2]AHTS-2'!HS11+'[2]AHTS-3'!HS11+'[2]AHTS-4'!HS11+'[2]AHTS-5'!HS11+'[2]AHTS-6'!HS11+'[2]AHTS-7'!HS11+'[2]AHTS-8'!HS11+'[3]CB-1'!HS11+'[3]CB-2'!HS11+'[3]CB-3'!HS11+'[3]CB-4'!HS11+'[3]CB-5'!HS11+'[3]CB-6'!HS11+'[3]CB-7'!HS11+'[3]CB-8'!HS11+'[3]CB-9'!HS11+'[3]CB-10'!HS11+'[3]CB-11'!HS11+'[3]CB-12'!HS11+'[3]CB-13'!HS11+'[3]CB-14'!HS11+'[3]CB-15'!HS11+'[3]CB-16'!HS11+'[3]CB-17'!HS11+'[3]CB-18'!HS11+'[3]CB-19'!HS11+'[3]CB-20'!HS11+'[3]CB-21'!HS11+'[3]CB-22'!HS11+'[3]CB-23'!HS11+'[3]CB-24'!HS11+'[4]LCT-1'!HS11+'[4]LCT-2'!HS11+'[4]LCT-3'!HS11+'[4]LCT-4'!HS11+'[4]LCT-5'!HS11+'[4]LCT-6'!HS11+'[4]LCT-7'!HS11+'[4]LCT-8'!HS11+'[5]TB-1'!HS11+'[5]TB-2'!HS11+'[5]TB-3'!HS11+'[5]TB-4'!HS11+'[5]TB-5'!HS11+'[5]TB-6'!HS11+'[5]TB-7'!HS11+'[5]TB-8'!HS11+'[5]TB-9'!HS11+'[5]TB-10'!HS11+'[6]DSV-1'!HS11+'[6]DSV-2'!HS11+'[6]DSV-3'!HS11+'[7]TUB-1'!HS11+'[7]TUB-2'!HS11+'[8]Barge-1'!HS11+'[8]Barge-2'!HS11+'[8]Barge-3'!HS11+'[8]Barge-4'!HS11 -> 0 | BK11: ='[2]AHTS-1'!HS82+'[2]AHTS-2'!HS82+'[2]AHTS-3'!HS82+'[2]AHTS-4'!HS82+'[2]AHTS-5'!HS82+'[2]AHTS-6'!HS82+'[2]AHTS-7'!HS82+'[2]AHTS-8'!HS82+'[3]CB-1'!HS82+'[3]CB-2'!HS82+'[3]CB-3'!HS82+'[3]CB-4'!HS82+'[3]CB-5'!HS82+'[3]CB-6'!HS82+'[3]CB-7'!HS82+'[3]CB-8'!HS82+'[3]CB-9'!HS82+'[3]CB-10'!HS82+'[3]CB-11'!HS82+'[3]CB-12'!HS82+'[3]CB-13'!HS82+'[3]CB-14'!HS82+'[3]CB-15'!HS82+'[3]CB-16'!HS82+'[3]CB-17'!HS82+'[3]CB-18'!HS82+'[3]CB-19'!HS82+'[3]CB-20'!HS82+'[3]CB-21'!HS82+'[3]CB-22'!HS82+'[3]CB-23'!HS82+'[3]CB-24'!HS82+'[4]LCT-1'!HS82+'[4]LCT-2'!HS82+'[4]LCT-3'!HS82+'[4]LCT-4'!HS82+'[4]LCT-5'!HS82+'[4]LCT-6'!HS82+'[4]LCT-7'!HS82+'[4]LCT-8'!HS82+'[5]TB-1'!HS82+'[5]TB-2'!HS82+'[5]TB-3'!HS82+'[5]TB-4'!HS82+'[5]TB-5'!HS82+'[5]TB-6'!HS82+'[5]TB-7'!HS82+'[5]TB-8'!HS82+'[5]TB-9'!HS82+'[5]TB-10'!HS82+'[6]DSV-1'!HS82+'[6]DSV-2'!HS82+'[6]DSV-3'!HS82+'[7]TUB-1'!HS82+'[7]TUB-2'!HS82+'[8]Barge-1'!HS82+'[8]Barge-2'!HS82+'[8]Barge-3'!HS82+'[8]Barge-4'!HS82 -> 0 | BL11: ='[2]AHTS-1'!HT49+'[2]AHTS-2'!HT49+'[2]AHTS-3'!HT49+'[2]AHTS-4'!HT49+'[2]AHTS-5'!HT49+'[2]AHTS-6'!HT49+'[2]AHTS-7'!HT49+'[2]AHTS-8'!HT49+'[3]CB-1'!HT49+'[3]CB-2'!HT49+'[3]CB-3'!HT49+'[3]CB-4'!HT49+'[3]CB-5'!HT49+'[3]CB-6'!HT49+'[3]CB-7'!HT49+'[3]CB-8'!HT49+'[3]CB-9'!HT49+'[3]CB-10'!HT49+'[3]CB-11'!HT49+'[3]CB-12'!HT49+'[3]CB-13'!HT49+'[3]CB-14'!HT49+'[3]CB-15'!HT49+'[3]CB-16'!HT49+'[3]CB-17'!HT49+'[3]CB-18'!HT49+'[3]CB-19'!HT49+'[3]CB-20'!HT49+'[3]CB-21'!HT49+'[3]CB-22'!HT49+'[3]CB-23'!HT49+'[3]CB-24'!HT49+'[4]LCT-1'!HT49+'[4]LCT-2'!HT49+'[4]LCT-3'!HT49+'[4]LCT-4'!HT49+'[4]LCT-5'!HT49+'[4]LCT-6'!HT49+'[4]LCT-7'!HT49+'[4]LCT-8'!HT49+'[5]TB-1'!HT49+'[5]TB-2'!HT49+'[5]TB-3'!HT49+'[5]TB-4'!HT49+'[5]TB-5'!HT49+'[5]TB-6'!HT49+'[5]TB-7'!HT49+'[5]TB-8'!HT49+'[5]TB-9'!HT49+'[5]TB-10'!HT49+'[6]DSV-1'!HT49+'[6]DSV-2'!HT49+'[6]DSV-3'!HT49+'[7]TUB-1'!HT49+'[7]TUB-2'!HT49+'[8]Barge-1'!HT49+'[8]Barge-2'!HT49+'[8]Barge-3'!HT49+'[8]Barge-4'!HT49 -> 0 | BM11: ='[2]AHTS-1'!HT11+'[2]AHTS-2'!HT11+'[2]AHTS-3'!HT11+'[2]AHTS-4'!HT11+'[2]AHTS-5'!HT11+'[2]AHTS-6'!HT11+'[2]AHTS-7'!HT11+'[2]AHTS-8'!HT11+'[3]CB-1'!HT11+'[3]CB-2'!HT11+'[3]CB-3'!HT11+'[3]CB-4'!HT11+'[3]CB-5'!HT11+'[3]CB-6'!HT11+'[3]CB-7'!HT11+'[3]CB-8'!HT11+'[3]CB-9'!HT11+'[3]CB-10'!HT11+'[3]CB-11'!HT11+'[3]CB-12'!HT11+'[3]CB-13'!HT11+'[3]CB-14'!HT11+'[3]CB-15'!HT11+'[3]CB-16'!HT11+'[3]CB-17'!HT11+'[3]CB-18'!HT11+'[3]CB-19'!HT11+'[3]CB-20'!HT11+'[3]CB-21'!HT11+'[3]CB-22'!HT11+'[3]CB-23'!HT11+'[3]CB-24'!HT11+'[4]LCT-1'!HT11+'[4]LCT-2'!HT11+'[4]LCT-3'!HT11+'[4]LCT-4'!HT11+'[4]LCT-5'!HT11+'[4]LCT-6'!HT11+'[4]LCT-7'!HT11+'[4]LCT-8'!HT11+'[5]TB-1'!HT11+'[5]TB-2'!HT11+'[5]TB-3'!HT11+'[5]TB-4'!HT11+'[5]TB-5'!HT11+'[5]TB-6'!HT11+'[5]TB-7'!HT11+'[5]TB-8'!HT11+'[5]TB-9'!HT11+'[5]TB-10'!HT11+'[6]DSV-1'!HT11+'[6]DSV-2'!HT11+'[6]DSV-3'!HT11+'[7]TUB-1'!HT11+'[7]TUB-2'!HT11+'[8]Barge-1'!HT11+'[8]Barge-2'!HT11+'[8]Barge-3'!HT11+'[8]Barge-4'!HT11 -> 0 | BN11: ='[2]AHTS-1'!HT82+'[2]AHTS-2'!HT82+'[2]AHTS-3'!HT82+'[2]AHTS-4'!HT82+'[2]AHTS-5'!HT82+'[2]AHTS-6'!HT82+'[2]AHTS-7'!HT82+'[2]AHTS-8'!HT82+'[3]CB-1'!HT82+'[3]CB-2'!HT82+'[3]CB-3'!HT82+'[3]CB-4'!HT82+'[3]CB-5'!HT82+'[3]CB-6'!HT82+'[3]CB-7'!HT82+'[3]CB-8'!HT82+'[3]CB-9'!HT82+'[3]CB-10'!HT82+'[3]CB-11'!HT82+'[3]CB-12'!HT82+'[3]CB-13'!HT82+'[3]CB-14'!HT82+'[3]CB-15'!HT82+'[3]CB-16'!HT82+'[3]CB-17'!HT82+'[3]CB-18'!HT82+'[3]CB-19'!HT82+'[3]CB-20'!HT82+'[3]CB-21'!HT82+'[3]CB-22'!HT82+'[3]CB-23'!HT82+'[3]CB-24'!HT82+'[4]LCT-1'!HT82+'[4]LCT-2'!HT82+'[4]LCT-3'!HT82+'[4]LCT-4'!HT82+'[4]LCT-5'!HT82+'[4]LCT-6'!HT82+'[4]LCT-7'!HT82+'[4]LCT-8'!HT82+'[5]TB-1'!HT82+'[5]TB-2'!HT82+'[5]TB-3'!HT82+'[5]TB-4'!HT82+'[5]TB-5'!HT82+'[5]TB-6'!HT82+'[5]TB-7'!HT82+'[5]TB-8'!HT82+'[5]TB-9'!HT82+'[5]TB-10'!HT82+'[6]DSV-1'!HT82+'[6]DSV-2'!HT82+'[6]DSV-3'!HT82+'[7]TUB-1'!HT82+'[7]TUB-2'!HT82+'[8]Barge-1'!HT82+'[8]Barge-2'!HT82+'[8]Barge-3'!HT82+'[8]Barge-4'!HT82 -> 0 | BO11: ='[2]AHTS-1'!HU49+'[2]AHTS-2'!HU49+'[2]AHTS-3'!HU49+'[2]AHTS-4'!HU49+'[2]AHTS-5'!HU49+'[2]AHTS-6'!HU49+'[2]AHTS-7'!HU49+'[2]AHTS-8'!HU49+'[3]CB-1'!HU49+'[3]CB-2'!HU49+'[3]CB-3'!HU49+'[3]CB-4'!HU49+'[3]CB-5'!HU49+'[3]CB-6'!HU49+'[3]CB-7'!HU49+'[3]CB-8'!HU49+'[3]CB-9'!HU49+'[3]CB-10'!HU49+'[3]CB-11'!HU49+'[3]CB-12'!HU49+'[3]CB-13'!HU49+'[3]CB-14'!HU49+'[3]CB-15'!HU49+'[3]CB-16'!HU49+'[3]CB-17'!HU49+'[3]CB-18'!HU49+'[3]CB-19'!HU49+'[3]CB-20'!HU49+'[3]CB-21'!HU49+'[3]CB-22'!HU49+'[3]CB-23'!HU49+'[3]CB-24'!HU49+'[4]LCT-1'!HU49+'[4]LCT-2'!HU49+'[4]LCT-3'!HU49+'[4]LCT-4'!HU49+'[4]LCT-5'!HU49+'[4]LCT-6'!HU49+'[4]LCT-7'!HU49+'[4]LCT-8'!HU49+'[5]TB-1'!HU49+'[5]TB-2'!HU49+'[5]TB-3'!HU49+'[5]TB-4'!HU49+'[5]TB-5'!HU49+'[5]TB-6'!HU49+'[5]TB-7'!HU49+'[5]TB-8'!HU49+'[5]TB-9'!HU49+'[5]TB-10'!HU49+'[6]DSV-1'!HU49+'[6]DSV-2'!HU49+'[6]DSV-3'!HU49+'[7]TUB-1'!HU49+'[7]TUB-2'!HU49+'[8]Barge-1'!HU49+'[8]Barge-2'!HU49+'[8]Barge-3'!HU49+'[8]Barge-4'!HU49 -> 9353541.7 | BP11: ='[2]AHTS-1'!HU11+'[2]AHTS-2'!HU11+'[2]AHTS-3'!HU11+'[2]AHTS-4'!HU11+'[2]AHTS-5'!HU11+'[2]AHTS-6'!HU11+'[2]AHTS-7'!HU11+'[2]AHTS-8'!HU11+'[3]CB-1'!HU11+'[3]CB-2'!HU11+'[3]CB-3'!HU11+'[3]CB-4'!HU11+'[3]CB-5'!HU11+'[3]CB-6'!HU11+'[3]CB-7'!HU11+'[3]CB-8'!HU11+'[3]CB-9'!HU11+'[3]CB-10'!HU11+'[3]CB-11'!HU11+'[3]CB-12'!HU11+'[3]CB-13'!HU11+'[3]CB-14'!HU11+'[3]CB-15'!HU11+'[3]CB-16'!HU11+'[3]CB-17'!HU11+'[3]CB-18'!HU11+'[3]CB-19'!HU11+'[3]CB-20'!HU11+'[3]CB-21'!HU11+'[3]CB-22'!HU11+'[3]CB-23'!HU11+'[3]CB-24'!HU11+'[4]LCT-1'!HU11+'[4]LCT-2'!HU11+'[4]LCT-3'!HU11+'[4]LCT-4'!HU11+'[4]LCT-5'!HU11+'[4]LCT-6'!HU11+'[4]LCT-7'!HU11+'[4]LCT-8'!HU11+'[5]TB-1'!HU11+'[5]TB-2'!HU11+'[5]TB-3'!HU11+'[5]TB-4'!HU11+'[5]TB-5'!HU11+'[5]TB-6'!HU11+'[5]TB-7'!HU11+'[5]TB-8'!HU11+'[5]TB-9'!HU11+'[5]TB-10'!HU11+'[6]DSV-1'!HU11+'[6]DSV-2'!HU11+'[6]DSV-3'!HU11+'[7]TUB-1'!HU11+'[7]TUB-2'!HU11+'[8]Barge-1'!HU11+'[8]Barge-2'!HU11+'[8]Barge-3'!HU11+'[8]Barge-4'!HU11 -> 7289583.3 | BQ11: ='[2]AHTS-1'!HU82+'[2]AHTS-2'!HU82+'[2]AHTS-3'!HU82+'[2]AHTS-4'!HU82+'[2]AHTS-5'!HU82+'[2]AHTS-6'!HU82+'[2]AHTS-7'!HU82+'[2]AHTS-8'!HU82+'[3]CB-1'!HU82+'[3]CB-2'!HU82+'[3]CB-3'!HU82+'[3]CB-4'!HU82+'[3]CB-5'!HU82+'[3]CB-6'!HU82+'[3]CB-7'!HU82+'[3]CB-8'!HU82+'[3]CB-9'!HU82+'[3]CB-10'!HU82+'[3]CB-11'!HU82+'[3]CB-12'!HU82+'[3]CB-13'!HU82+'[3]CB-14'!HU82+'[3]CB-15'!HU82+'[3]CB-16'!HU82+'[3]CB-17'!HU82+'[3]CB-18'!HU82+'[3]CB-19'!HU82+'[3]CB-20'!HU82+'[3]CB-21'!HU82+'[3]CB-22'!HU82+'[3]CB-23'!HU82+'[3]CB-24'!HU82+'[4]LCT-1'!HU82+'[4]LCT-2'!HU82+'[4]LCT-3'!HU82+'[4]LCT-4'!HU82+'[4]LCT-5'!HU82+'[4]LCT-6'!HU82+'[4]LCT-7'!HU82+'[4]LCT-8'!HU82+'[5]TB-1'!HU82+'[5]TB-2'!HU82+'[5]TB-3'!HU82+'[5]TB-4'!HU82+'[5]TB-5'!HU82+'[5]TB-6'!HU82+'[5]TB-7'!HU82+'[5]TB-8'!HU82+'[5]TB-9'!HU82+'[5]TB-10'!HU82+'[6]DSV-1'!HU82+'[6]DSV-2'!HU82+'[6]DSV-3'!HU82+'[7]TUB-1'!HU82+'[7]TUB-2'!HU82+'[8]Barge-1'!HU82+'[8]Barge-2'!HU82+'[8]Barge-3'!HU82+'[8]Barge-4'!HU82 -> 0 | BR11: ='[2]AHTS-1'!HV49+'[2]AHTS-2'!HV49+'[2]AHTS-3'!HV49+'[2]AHTS-4'!HV49+'[2]AHTS-5'!HV49+'[2]AHTS-6'!HV49+'[2]AHTS-7'!HV49+'[2]AHTS-8'!HV49+'[3]CB-1'!HV49+'[3]CB-2'!HV49+'[3]CB-3'!HV49+'[3]CB-4'!HV49+'[3]CB-5'!HV49+'[3]CB-6'!HV49+'[3]CB-7'!HV49+'[3]CB-8'!HV49+'[3]CB-9'!HV49+'[3]CB-10'!HV49+'[3]CB-11'!HV49+'[3]CB-12'!HV49+'[3]CB-13'!HV49+'[3]CB-14'!HV49+'[3]CB-15'!HV49+'[3]CB-16'!HV49+'[3]CB-17'!HV49+'[3]CB-18'!HV49+'[3]CB-19'!HV49+'[3]CB-20'!HV49+'[3]CB-21'!HV49+'[3]CB-22'!HV49+'[3]CB-23'!HV49+'[3]CB-24'!HV49+'[4]LCT-1'!HV49+'[4]LCT-2'!HV49+'[4]LCT-3'!HV49+'[4]LCT-4'!HV49+'[4]LCT-5'!HV49+'[4]LCT-6'!HV49+'[4]LCT-7'!HV49+'[4]LCT-8'!HV49+'[5]TB-1'!HV49+'[5]TB-2'!HV49+'[5]TB-3'!HV49+'[5]TB-4'!HV49+'[5]TB-5'!HV49+'[5]TB-6'!HV49+'[5]TB-7'!HV49+'[5]TB-8'!HV49+'[5]TB-9'!HV49+'[5]TB-10'!HV49+'[6]DSV-1'!HV49+'[6]DSV-2'!HV49+'[6]DSV-3'!HV49+'[7]TUB-1'!HV49+'[7]TUB-2'!HV49+'[8]Barge-1'!HV49+'[8]Barge-2'!HV49+'[8]Barge-3'!HV49+'[8]Barge-4'!HV49 -> 0 | BS11: ='[2]AHTS-1'!HV11+'[2]AHTS-2'!HV11+'[2]AHTS-3'!HV11+'[2]AHTS-4'!HV11+'[2]AHTS-5'!HV11+'[2]AHTS-6'!HV11+'[2]AHTS-7'!HV11+'[2]AHTS-8'!HV11+'[3]CB-1'!HV11+'[3]CB-2'!HV11+'[3]CB-3'!HV11+'[3]CB-4'!HV11+'[3]CB-5'!HV11+'[3]CB-6'!HV11+'[3]CB-7'!HV11+'[3]CB-8'!HV11+'[3]CB-9'!HV11+'[3]CB-10'!HV11+'[3]CB-11'!HV11+'[3]CB-12'!HV11+'[3]CB-13'!HV11+'[3]CB-14'!HV11+'[3]CB-15'!HV11+'[3]CB-16'!HV11+'[3]CB-17'!HV11+'[3]CB-18'!HV11+'[3]CB-19'!HV11+'[3]CB-20'!HV11+'[3]CB-21'!HV11+'[3]CB-22'!HV11+'[3]CB-23'!HV11+'[3]CB-24'!HV11+'[4]LCT-1'!HV11+'[4]LCT-2'!HV11+'[4]LCT-3'!HV11+'[4]LCT-4'!HV11+'[4]LCT-5'!HV11+'[4]LCT-6'!HV11+'[4]LCT-7'!HV11+'[4]LCT-8'!HV11+'[5]TB-1'!HV11+'[5]TB-2'!HV11+'[5]TB-3'!HV11+'[5]TB-4'!HV11+'[5]TB-5'!HV11+'[5]TB-6'!HV11+'[5]TB-7'!HV11+'[5]TB-8'!HV11+'[5]TB-9'!HV11+'[5]TB-10'!HV11+'[6]DSV-1'!HV11+'[6]DSV-2'!HV11+'[6]DSV-3'!HV11+'[7]TUB-1'!HV11+'[7]TUB-2'!HV11+'[8]Barge-1'!HV11+'[8]Barge-2'!HV11+'[8]Barge-3'!HV11+'[8]Barge-4'!HV11 -> 0 | BT11: ='[2]AHTS-1'!HV82+'[2]AHTS-2'!HV82+'[2]AHTS-3'!HV82+'[2]AHTS-4'!HV82+'[2]AHTS-5'!HV82+'[2]AHTS-6'!HV82+'[2]AHTS-7'!HV82+'[2]AHTS-8'!HV82+'[3]CB-1'!HV82+'[3]CB-2'!HV82+'[3]CB-3'!HV82+'[3]CB-4'!HV82+'[3]CB-5'!HV82+'[3]CB-6'!HV82+'[3]CB-7'!HV82+'[3]CB-8'!HV82+'[3]CB-9'!HV82+'[3]CB-10'!HV82+'[3]CB-11'!HV82+'[3]CB-12'!HV82+'[3]CB-13'!HV82+'[3]CB-14'!HV82+'[3]CB-15'!HV82+'[3]CB-16'!HV82+'[3]CB-17'!HV82+'[3]CB-18'!HV82+'[3]CB-19'!HV82+'[3]CB-20'!HV82+'[3]CB-21'!HV82+'[3]CB-22'!HV82+'[3]CB-23'!HV82+'[3]CB-24'!HV82+'[4]LCT-1'!HV82+'[4]LCT-2'!HV82+'[4]LCT-3'!HV82+'[4]LCT-4'!HV82+'[4]LCT-5'!HV82+'[4]LCT-6'!HV82+'[4]LCT-7'!HV82+'[4]LCT-8'!HV82+'[5]TB-1'!HV82+'[5]TB-2'!HV82+'[5]TB-3'!HV82+'[5]TB-4'!HV82+'[5]TB-5'!HV82+'[5]TB-6'!HV82+'[5]TB-7'!HV82+'[5]TB-8'!HV82+'[5]TB-9'!HV82+'[5]TB-10'!HV82+'[6]DSV-1'!HV82+'[6]DSV-2'!HV82+'[6]DSV-3'!HV82+'[7]TUB-1'!HV82+'[7]TUB-2'!HV82+'[8]Barge-1'!HV82+'[8]Barge-2'!HV82+'[8]Barge-3'!HV82+'[8]Barge-4'!HV82 -> 0 | BU11: ='[2]AHTS-1'!HW49+'[2]AHTS-2'!HW49+'[2]AHTS-3'!HW49+'[2]AHTS-4'!HW49+'[2]AHTS-5'!HW49+'[2]AHTS-6'!HW49+'[2]AHTS-7'!HW49+'[2]AHTS-8'!HW49+'[3]CB-1'!HW49+'[3]CB-2'!HW49+'[3]CB-3'!HW49+'[3]CB-4'!HW49+'[3]CB-5'!HW49+'[3]CB-6'!HW49+'[3]CB-7'!HW49+'[3]CB-8'!HW49+'[3]CB-9'!HW49+'[3]CB-10'!HW49+'[3]CB-11'!HW49+'[3]CB-12'!HW49+'[3]CB-13'!HW49+'[3]CB-14'!HW49+'[3]CB-15'!HW49+'[3]CB-16'!HW49+'[3]CB-17'!HW49+'[3]CB-18'!HW49+'[3]CB-19'!HW49+'[3]CB-20'!HW49+'[3]CB-21'!HW49+'[3]CB-22'!HW49+'[3]CB-23'!HW49+'[3]CB-24'!HW49+'[4]LCT-1'!HW49+'[4]LCT-2'!HW49+'[4]LCT-3'!HW49+'[4]LCT-4'!HW49+'[4]LCT-5'!HW49+'[4]LCT-6'!HW49+'[4]LCT-7'!HW49+'[4]LCT-8'!HW49+'[5]TB-1'!HW49+'[5]TB-2'!HW49+'[5]TB-3'!HW49+'[5]TB-4'!HW49+'[5]TB-5'!HW49+'[5]TB-6'!HW49+'[5]TB-7'!HW49+'[5]TB-8'!HW49+'[5]TB-9'!HW49+'[5]TB-10'!HW49+'[6]DSV-1'!HW49+'[6]DSV-2'!HW49+'[6]DSV-3'!HW49+'[7]TUB-1'!HW49+'[7]TUB-2'!HW49+'[8]Barge-1'!HW49+'[8]Barge-2'!HW49+'[8]Barge-3'!HW49+'[8]Barge-4'!HW49 -> 0 | BV11: ='[2]AHTS-1'!HW11+'[2]AHTS-2'!HW11+'[2]AHTS-3'!HW11+'[2]AHTS-4'!HW11+'[2]AHTS-5'!HW11+'[2]AHTS-6'!HW11+'[2]AHTS-7'!HW11+'[2]AHTS-8'!HW11+'[3]CB-1'!HW11+'[3]CB-2'!HW11+'[3]CB-3'!HW11+'[3]CB-4'!HW11+'[3]CB-5'!HW11+'[3]CB-6'!HW11+'[3]CB-7'!HW11+'[3]CB-8'!HW11+'[3]CB-9'!HW11+'[3]CB-10'!HW11+'[3]CB-11'!HW11+'[3]CB-12'!HW11+'[3]CB-13'!HW11+'[3]CB-14'!HW11+'[3]CB-15'!HW11+'[3]CB-16'!HW11+'[3]CB-17'!HW11+'[3]CB-18'!HW11+'[3]CB-19'!HW11+'[3]CB-20'!HW11+'[3]CB-21'!HW11+'[3]CB-22'!HW11+'[3]CB-23'!HW11+'[3]CB-24'!HW11+'[4]LCT-1'!HW11+'[4]LCT-2'!HW11+'[4]LCT-3'!HW11+'[4]LCT-4'!HW11+'[4]LCT-5'!HW11+'[4]LCT-6'!HW11+'[4]LCT-7'!HW11+'[4]LCT-8'!HW11+'[5]TB-1'!HW11+'[5]TB-2'!HW11+'[5]TB-3'!HW11+'[5]TB-4'!HW11+'[5]TB-5'!HW11+'[5]TB-6'!HW11+'[5]TB-7'!HW11+'[5]TB-8'!HW11+'[5]TB-9'!HW11+'[5]TB-10'!HW11+'[6]DSV-1'!HW11+'[6]DSV-2'!HW11+'[6]DSV-3'!HW11+'[7]TUB-1'!HW11+'[7]TUB-2'!HW11+'[8]Barge-1'!HW11+'[8]Barge-2'!HW11+'[8]Barge-3'!HW11+'[8]Barge-4'!HW11 -> 0 | BW11: ='[2]AHTS-1'!HW82+'[2]AHTS-2'!HW82+'[2]AHTS-3'!HW82+'[2]AHTS-4'!HW82+'[2]AHTS-5'!HW82+'[2]AHTS-6'!HW82+'[2]AHTS-7'!HW82+'[2]AHTS-8'!HW82+'[3]CB-1'!HW82+'[3]CB-2'!HW82+'[3]CB-3'!HW82+'[3]CB-4'!HW82+'[3]CB-5'!HW82+'[3]CB-6'!HW82+'[3]CB-7'!HW82+'[3]CB-8'!HW82+'[3]CB-9'!HW82+'[3]CB-10'!HW82+'[3]CB-11'!HW82+'[3]CB-12'!HW82+'[3]CB-13'!HW82+'[3]CB-14'!HW82+'[3]CB-15'!HW82+'[3]CB-16'!HW82+'[3]CB-17'!HW82+'[3]CB-18'!HW82+'[3]CB-19'!HW82+'[3]CB-20'!HW82+'[3]CB-21'!HW82+'[3]CB-22'!HW82+'[3]CB-23'!HW82+'[3]CB-24'!HW82+'[4]LCT-1'!HW82+'[4]LCT-2'!HW82+'[4]LCT-3'!HW82+'[4]LCT-4'!HW82+'[4]LCT-5'!HW82+'[4]LCT-6'!HW82+'[4]LCT-7'!HW82+'[4]LCT-8'!HW82+'[5]TB-1'!HW82+'[5]TB-2'!HW82+'[5]TB-3'!HW82+'[5]TB-4'!HW82+'[5]TB-5'!HW82+'[5]TB-6'!HW82+'[5]TB-7'!HW82+'[5]TB-8'!HW82+'[5]TB-9'!HW82+'[5]TB-10'!HW82+'[6]DSV-1'!HW82+'[6]DSV-2'!HW82+'[6]DSV-3'!HW82+'[7]TUB-1'!HW82+'[7]TUB-2'!HW82+'[8]Barge-1'!HW82+'[8]Barge-2'!HW82+'[8]Barge-3'!HW82+'[8]Barge-4'!HW82 -> 0 | BX11: ='[2]AHTS-1'!HX49+'[2]AHTS-2'!HX49+'[2]AHTS-3'!HX49+'[2]AHTS-4'!HX49+'[2]AHTS-5'!HX49+'[2]AHTS-6'!HX49+'[2]AHTS-7'!HX49+'[2]AHTS-8'!HX49+'[3]CB-1'!HX49+'[3]CB-2'!HX49+'[3]CB-3'!HX49+'[3]CB-4'!HX49+'[3]CB-5'!HX49+'[3]CB-6'!HX49+'[3]CB-7'!HX49+'[3]CB-8'!HX49+'[3]CB-9'!HX49+'[3]CB-10'!HX49+'[3]CB-11'!HX49+'[3]CB-12'!HX49+'[3]CB-13'!HX49+'[3]CB-14'!HX49+'[3]CB-15'!HX49+'[3]CB-16'!HX49+'[3]CB-17'!HX49+'[3]CB-18'!HX49+'[3]CB-19'!HX49+'[3]CB-20'!HX49+'[3]CB-21'!HX49+'[3]CB-22'!HX49+'[3]CB-23'!HX49+'[3]CB-24'!HX49+'[4]LCT-1'!HX49+'[4]LCT-2'!HX49+'[4]LCT-3'!HX49+'[4]LCT-4'!HX49+'[4]LCT-5'!HX49+'[4]LCT-6'!HX49+'[4]LCT-7'!HX49+'[4]LCT-8'!HX49+'[5]TB-1'!HX49+'[5]TB-2'!HX49+'[5]TB-3'!HX49+'[5]TB-4'!HX49+'[5]TB-5'!HX49+'[5]TB-6'!HX49+'[5]TB-7'!HX49+'[5]TB-8'!HX49+'[5]TB-9'!HX49+'[5]TB-10'!HX49+'[6]DSV-1'!HX49+'[6]DSV-2'!HX49+'[6]DSV-3'!HX49+'[7]TUB-1'!HX49+'[7]TUB-2'!HX49+'[8]Barge-1'!HX49+'[8]Barge-2'!HX49+'[8]Barge-3'!HX49+'[8]Barge-4'!HX49 -> 0 | BY11: ='[2]AHTS-1'!HX11+'[2]AHTS-2'!HX11+'[2]AHTS-3'!HX11+'[2]AHTS-4'!HX11+'[2]AHTS-5'!HX11+'[2]AHTS-6'!HX11+'[2]AHTS-7'!HX11+'[2]AHTS-8'!HX11+'[3]CB-1'!HX11+'[3]CB-2'!HX11+'[3]CB-3'!HX11+'[3]CB-4'!HX11+'[3]CB-5'!HX11+'[3]CB-6'!HX11+'[3]CB-7'!HX11+'[3]CB-8'!HX11+'[3]CB-9'!HX11+'[3]CB-10'!HX11+'[3]CB-11'!HX11+'[3]CB-12'!HX11+'[3]CB-13'!HX11+'[3]CB-14'!HX11+'[3]CB-15'!HX11+'[3]CB-16'!HX11+'[3]CB-17'!HX11+'[3]CB-18'!HX11+'[3]CB-19'!HX11+'[3]CB-20'!HX11+'[3]CB-21'!HX11+'[3]CB-22'!HX11+'[3]CB-23'!HX11+'[3]CB-24'!HX11+'[4]LCT-1'!HX11+'[4]LCT-2'!HX11+'[4]LCT-3'!HX11+'[4]LCT-4'!HX11+'[4]LCT-5'!HX11+'[4]LCT-6'!HX11+'[4]LCT-7'!HX11+'[4]LCT-8'!HX11+'[5]TB-1'!HX11+'[5]TB-2'!HX11+'[5]TB-3'!HX11+'[5]TB-4'!HX11+'[5]TB-5'!HX11+'[5]TB-6'!HX11+'[5]TB-7'!HX11+'[5]TB-8'!HX11+'[5]TB-9'!HX11+'[5]TB-10'!HX11+'[6]DSV-1'!HX11+'[6]DSV-2'!HX11+'[6]DSV-3'!HX11+'[7]TUB-1'!HX11+'[7]TUB-2'!HX11+'[8]Barge-1'!HX11+'[8]Barge-2'!HX11+'[8]Barge-3'!HX11+'[8]Barge-4'!HX11 -> 0 | BZ11: ='[2]AHTS-1'!HX82+'[2]AHTS-2'!HX82+'[2]AHTS-3'!HX82+'[2]AHTS-4'!HX82+'[2]AHTS-5'!HX82+'[2]AHTS-6'!HX82+'[2]AHTS-7'!HX82+'[2]AHTS-8'!HX82+'[3]CB-1'!HX82+'[3]CB-2'!HX82+'[3]CB-3'!HX82+'[3]CB-4'!HX82+'[3]CB-5'!HX82+'[3]CB-6'!HX82+'[3]CB-7'!HX82+'[3]CB-8'!HX82+'[3]CB-9'!HX82+'[3]CB-10'!HX82+'[3]CB-11'!HX82+'[3]CB-12'!HX82+'[3]CB-13'!HX82+'[3]CB-14'!HX82+'[3]CB-15'!HX82+'[3]CB-16'!HX82+'[3]CB-17'!HX82+'[3]CB-18'!HX82+'[3]CB-19'!HX82+'[3]CB-20'!HX82+'[3]CB-21'!HX82+'[3]CB-22'!HX82+'[3]CB-23'!HX82+'[3]CB-24'!HX82+'[4]LCT-1'!HX82+'[4]LCT-2'!HX82+'[4]LCT-3'!HX82+'[4]LCT-4'!HX82+'[4]LCT-5'!HX82+'[4]LCT-6'!HX82+'[4]LCT-7'!HX82+'[4]LCT-8'!HX82+'[5]TB-1'!HX82+'[5]TB-2'!HX82+'[5]TB-3'!HX82+'[5]TB-4'!HX82+'[5]TB-5'!HX82+'[5]TB-6'!HX82+'[5]TB-7'!HX82+'[5]TB-8'!HX82+'[5]TB-9'!HX82+'[5]TB-10'!HX82+'[6]DSV-1'!HX82+'[6]DSV-2'!HX82+'[6]DSV-3'!HX82+'[7]TUB-1'!HX82+'[7]TUB-2'!HX82+'[8]Barge-1'!HX82+'[8]Barge-2'!HX82+'[8]Barge-3'!HX82+'[8]Barge-4'!HX82 -> 0 | CA11: ='[2]AHTS-1'!HY49+'[2]AHTS-2'!HY49+'[2]AHTS-3'!HY49+'[2]AHTS-4'!HY49+'[2]AHTS-5'!HY49+'[2]AHTS-6'!HY49+'[2]AHTS-7'!HY49+'[2]AHTS-8'!HY49+'[3]CB-1'!HY49+'[3]CB-2'!HY49+'[3]CB-3'!HY49+'[3]CB-4'!HY49+'[3]CB-5'!HY49+'[3]CB-6'!HY49+'[3]CB-7'!HY49+'[3]CB-8'!HY49+'[3]CB-9'!HY49+'[3]CB-10'!HY49+'[3]CB-11'!HY49+'[3]CB-12'!HY49+'[3]CB-13'!HY49+'[3]CB-14'!HY49+'[3]CB-15'!HY49+'[3]CB-16'!HY49+'[3]CB-17'!HY49+'[3]CB-18'!HY49+'[3]CB-19'!HY49+'[3]CB-20'!HY49+'[3]CB-21'!HY49+'[3]CB-22'!HY49+'[3]CB-23'!HY49+'[3]CB-24'!HY49+'[4]LCT-1'!HY49+'[4]LCT-2'!HY49+'[4]LCT-3'!HY49+'[4]LCT-4'!HY49+'[4]LCT-5'!HY49+'[4]LCT-6'!HY49+'[4]LCT-7'!HY49+'[4]LCT-8'!HY49+'[5]TB-1'!HY49+'[5]TB-2'!HY49+'[5]TB-3'!HY49+'[5]TB-4'!HY49+'[5]TB-5'!HY49+'[5]TB-6'!HY49+'[5]TB-7'!HY49+'[5]TB-8'!HY49+'[5]TB-9'!HY49+'[5]TB-10'!HY49+'[6]DSV-1'!HY49+'[6]DSV-2'!HY49+'[6]DSV-3'!HY49+'[7]TUB-1'!HY49+'[7]TUB-2'!HY49+'[8]Barge-1'!HY49+'[8]Barge-2'!HY49+'[8]Barge-3'!HY49+'[8]Barge-4'!HY49 -> 0 | CB11: ='[2]AHTS-1'!HY11+'[2]AHTS-2'!HY11+'[2]AHTS-3'!HY11+'[2]AHTS-4'!HY11+'[2]AHTS-5'!HY11+'[2]AHTS-6'!HY11+'[2]AHTS-7'!HY11+'[2]AHTS-8'!HY11+'[3]CB-1'!HY11+'[3]CB-2'!HY11+'[3]CB-3'!HY11+'[3]CB-4'!HY11+'[3]CB-5'!HY11+'[3]CB-6'!HY11+'[3]CB-7'!HY11+'[3]CB-8'!HY11+'[3]CB-9'!HY11+'[3]CB-10'!HY11+'[3]CB-11'!HY11+'[3]CB-12'!HY11+'[3]CB-13'!HY11+'[3]CB-14'!HY11+'[3]CB-15'!HY11+'[3]CB-16'!HY11+'[3]CB-17'!HY11+'[3]CB-18'!HY11+'[3]CB-19'!HY11+'[3]CB-20'!HY11+'[3]CB-21'!HY11+'[3]CB-22'!HY11+'[3]CB-23'!HY11+'[3]CB-24'!HY11+'[4]LCT-1'!HY11+'[4]LCT-2'!HY11+'[4]LCT-3'!HY11+'[4]LCT-4'!HY11+'[4]LCT-5'!HY11+'[4]LCT-6'!HY11+'[4]LCT-7'!HY11+'[4]LCT-8'!HY11+'[5]TB-1'!HY11+'[5]TB-2'!HY11+'[5]TB-3'!HY11+'[5]TB-4'!HY11+'[5]TB-5'!HY11+'[5]TB-6'!HY11+'[5]TB-7'!HY11+'[5]TB-8'!HY11+'[5]TB-9'!HY11+'[5]TB-10'!HY11+'[6]DSV-1'!HY11+'[6]DSV-2'!HY11+'[6]DSV-3'!HY11+'[7]TUB-1'!HY11+'[7]TUB-2'!HY11+'[8]Barge-1'!HY11+'[8]Barge-2'!HY11+'[8]Barge-3'!HY11+'[8]Barge-4'!HY11 -> 0 | CC11: ='[2]AHTS-1'!HY82+'[2]AHTS-2'!HY82+'[2]AHTS-3'!HY82+'[2]AHTS-4'!HY82+'[2]AHTS-5'!HY82+'[2]AHTS-6'!HY82+'[2]AHTS-7'!HY82+'[2]AHTS-8'!HY82+'[3]CB-1'!HY82+'[3]CB-2'!HY82+'[3]CB-3'!HY82+'[3]CB-4'!HY82+'[3]CB-5'!HY82+'[3]CB-6'!HY82+'[3]CB-7'!HY82+'[3]CB-8'!HY82+'[3]CB-9'!HY82+'[3]CB-10'!HY82+'[3]CB-11'!HY82+'[3]CB-12'!HY82+'[3]CB-13'!HY82+'[3]CB-14'!HY82+'[3]CB-15'!HY82+'[3]CB-16'!HY82+'[3]CB-17'!HY82+'[3]CB-18'!HY82+'[3]CB-19'!HY82+'[3]CB-20'!HY82+'[3]CB-21'!HY82+'[3]CB-22'!HY82+'[3]CB-23'!HY82+'[3]CB-24'!HY82+'[4]LCT-1'!HY82+'[4]LCT-2'!HY82+'[4]LCT-3'!HY82+'[4]LCT-4'!HY82+'[4]LCT-5'!HY82+'[4]LCT-6'!HY82+'[4]LCT-7'!HY82+'[4]LCT-8'!HY82+'[5]TB-1'!HY82+'[5]TB-2'!HY82+'[5]TB-3'!HY82+'[5]TB-4'!HY82+'[5]TB-5'!HY82+'[5]TB-6'!HY82+'[5]TB-7'!HY82+'[5]TB-8'!HY82+'[5]TB-9'!HY82+'[5]TB-10'!HY82+'[6]DSV-1'!HY82+'[6]DSV-2'!HY82+'[6]DSV-3'!HY82+'[7]TUB-1'!HY82+'[7]TUB-2'!HY82+'[8]Barge-1'!HY82+'[8]Barge-2'!HY82+'[8]Barge-3'!HY82+'[8]Barge-4'!HY82 -> 0 | CD11: ='[2]AHTS-1'!HZ49+'[2]AHTS-2'!HZ49+'[2]AHTS-3'!HZ49+'[2]AHTS-4'!HZ49+'[2]AHTS-5'!HZ49+'[2]AHTS-6'!HZ49+'[2]AHTS-7'!HZ49+'[2]AHTS-8'!HZ49+'[3]CB-1'!HZ49+'[3]CB-2'!HZ49+'[3]CB-3'!HZ49+'[3]CB-4'!HZ49+'[3]CB-5'!HZ49+'[3]CB-6'!HZ49+'[3]CB-7'!HZ49+'[3]CB-8'!HZ49+'[3]CB-9'!HZ49+'[3]CB-10'!HZ49+'[3]CB-11'!HZ49+'[3]CB-12'!HZ49+'[3]CB-13'!HZ49+'[3]CB-14'!HZ49+'[3]CB-15'!HZ49+'[3]CB-16'!HZ49+'[3]CB-17'!HZ49+'[3]CB-18'!HZ49+'[3]CB-19'!HZ49+'[3]CB-20'!HZ49+'[3]CB-21'!HZ49+'[3]CB-22'!HZ49+'[3]CB-23'!HZ49+'[3]CB-24'!HZ49+'[4]LCT-1'!HZ49+'[4]LCT-2'!HZ49+'[4]LCT-3'!HZ49+'[4]LCT-4'!HZ49+'[4]LCT-5'!HZ49+'[4]LCT-6'!HZ49+'[4]LCT-7'!HZ49+'[4]LCT-8'!HZ49+'[5]TB-1'!HZ49+'[5]TB-2'!HZ49+'[5]TB-3'!HZ49+'[5]TB-4'!HZ49+'[5]TB-5'!HZ49+'[5]TB-6'!HZ49+'[5]TB-7'!HZ49+'[5]TB-8'!HZ49+'[5]TB-9'!HZ49+'[5]TB-10'!HZ49+'[6]DSV-1'!HZ49+'[6]DSV-2'!HZ49+'[6]DSV-3'!HZ49+'[7]TUB-1'!HZ49+'[7]TUB-2'!HZ49+'[8]Barge-1'!HZ49+'[8]Barge-2'!HZ49+'[8]Barge-3'!HZ49+'[8]Barge-4'!HZ49 -> 0 | CE11: ='[2]AHTS-1'!HZ11+'[2]AHTS-2'!HZ11+'[2]AHTS-3'!HZ11+'[2]AHTS-4'!HZ11+'[2]AHTS-5'!HZ11+'[2]AHTS-6'!HZ11+'[2]AHTS-7'!HZ11+'[2]AHTS-8'!HZ11+'[3]CB-1'!HZ11+'[3]CB-2'!HZ11+'[3]CB-3'!HZ11+'[3]CB-4'!HZ11+'[3]CB-5'!HZ11+'[3]CB-6'!HZ11+'[3]CB-7'!HZ11+'[3]CB-8'!HZ11+'[3]CB-9'!HZ11+'[3]CB-10'!HZ11+'[3]CB-11'!HZ11+'[3]CB-12'!HZ11+'[3]CB-13'!HZ11+'[3]CB-14'!HZ11+'[3]CB-15'!HZ11+'[3]CB-16'!HZ11+'[3]CB-17'!HZ11+'[3]CB-18'!HZ11+'[3]CB-19'!HZ11+'[3]CB-20'!HZ11+'[3]CB-21'!HZ11+'[3]CB-22'!HZ11+'[3]CB-23'!HZ11+'[3]CB-24'!HZ11+'[4]LCT-1'!HZ11+'[4]LCT-2'!HZ11+'[4]LCT-3'!HZ11+'[4]LCT-4'!HZ11+'[4]LCT-5'!HZ11+'[4]LCT-6'!HZ11+'[4]LCT-7'!HZ11+'[4]LCT-8'!HZ11+'[5]TB-1'!HZ11+'[5]TB-2'!HZ11+'[5]TB-3'!HZ11+'[5]TB-4'!HZ11+'[5]TB-5'!HZ11+'[5]TB-6'!HZ11+'[5]TB-7'!HZ11+'[5]TB-8'!HZ11+'[5]TB-9'!HZ11+'[5]TB-10'!HZ11+'[6]DSV-1'!HZ11+'[6]DSV-2'!HZ11+'[6]DSV-3'!HZ11+'[7]TUB-1'!HZ11+'[7]TUB-2'!HZ11+'[8]Barge-1'!HZ11+'[8]Barge-2'!HZ11+'[8]Barge-3'!HZ11+'[8]Barge-4'!HZ11 -> 0 | CF11: ='[2]AHTS-1'!HZ82+'[2]AHTS-2'!HZ82+'[2]AHTS-3'!HZ82+'[2]AHTS-4'!HZ82+'[2]AHTS-5'!HZ82+'[2]AHTS-6'!HZ82+'[2]AHTS-7'!HZ82+'[2]AHTS-8'!HZ82+'[3]CB-1'!HZ82+'[3]CB-2'!HZ82+'[3]CB-3'!HZ82+'[3]CB-4'!HZ82+'[3]CB-5'!HZ82+'[3]CB-6'!HZ82+'[3]CB-7'!HZ82+'[3]CB-8'!HZ82+'[3]CB-9'!HZ82+'[3]CB-10'!HZ82+'[3]CB-11'!HZ82+'[3]CB-12'!HZ82+'[3]CB-13'!HZ82+'[3]CB-14'!HZ82+'[3]CB-15'!HZ82+'[3]CB-16'!HZ82+'[3]CB-17'!HZ82+'[3]CB-18'!HZ82+'[3]CB-19'!HZ82+'[3]CB-20'!HZ82+'[3]CB-21'!HZ82+'[3]CB-22'!HZ82+'[3]CB-23'!HZ82+'[3]CB-24'!HZ82+'[4]LCT-1'!HZ82+'[4]LCT-2'!HZ82+'[4]LCT-3'!HZ82+'[4]LCT-4'!HZ82+'[4]LCT-5'!HZ82+'[4]LCT-6'!HZ82+'[4]LCT-7'!HZ82+'[4]LCT-8'!HZ82+'[5]TB-1'!HZ82+'[5]TB-2'!HZ82+'[5]TB-3'!HZ82+'[5]TB-4'!HZ82+'[5]TB-5'!HZ82+'[5]TB-6'!HZ82+'[5]TB-7'!HZ82+'[5]TB-8'!HZ82+'[5]TB-9'!HZ82+'[5]TB-10'!HZ82+'[6]DSV-1'!HZ82+'[6]DSV-2'!HZ82+'[6]DSV-3'!HZ82+'[7]TUB-1'!HZ82+'[7]TUB-2'!HZ82+'[8]Barge-1'!HZ82+'[8]Barge-2'!HZ82+'[8]Barge-3'!HZ82+'[8]Barge-4'!HZ82 -> 0
A12: =[1]Control!AZ12 -> 45987 | C12: ='[2]AHTS-1'!AG12+'[2]AHTS-2'!AG12+'[2]AHTS-3'!AG12+'[2]AHTS-4'!AG12+'[2]AHTS-5'!AG12+'[2]AHTS-6'!AG12+'[2]AHTS-7'!AG12+'[2]AHTS-8'!AG12+'[3]CB-1'!AG12+'[3]CB-2'!AG12+'[3]CB-3'!AG12+'[3]CB-4'!AG12+'[3]CB-5'!AG12+'[3]CB-6'!AG12+'[3]CB-7'!AG12+'[3]CB-8'!AG12+'[3]CB-9'!AG12+'[3]CB-10'!AG12+'[3]CB-11'!AG12+'[3]CB-12'!AG12+'[3]CB-13'!AG12+'[3]CB-14'!AG12+'[3]CB-15'!AG12+'[3]CB-16'!AG12+'[3]CB-17'!AG12+'[3]CB-18'!AG12+'[3]CB-19'!AG12+'[3]CB-20'!AG12+'[3]CB-21'!AG12+'[3]CB-22'!AG12+'[3]CB-23'!AG12+'[3]CB-24'!AG12+'[4]LCT-1'!AG12+'[4]LCT-2'!AG12+'[4]LCT-3'!AG12+'[4]LCT-4'!AG12+'[4]LCT-5'!AG12+'[4]LCT-6'!AG12+'[4]LCT-7'!AG12+'[4]LCT-8'!AG12+'[5]TB-1'!AG12+'[5]TB-2'!AG12+'[5]TB-3'!AG12+'[5]TB-4'!AG12+'[5]TB-5'!AG12+'[5]TB-6'!AG12+'[5]TB-7'!AG12+'[5]TB-8'!AG12+'[5]TB-9'!AG12+'[5]TB-10'!AG12+'[6]DSV-1'!AG12+'[6]DSV-2'!AG12+'[6]DSV-3'!AG12+'[7]TUB-1'!AG12+'[7]TUB-2'!AG12+'[8]Barge-1'!AG12+'[8]Barge-2'!AG12+'[8]Barge-3'!AG12+'[8]Barge-4'!AG12 -> 0 | D12: ='[2]AHTS-1'!BC12+'[2]AHTS-2'!BC12+'[2]AHTS-3'!BC12+'[2]AHTS-4'!BC12+'[2]AHTS-5'!BC12+'[2]AHTS-6'!BC12+'[2]AHTS-7'!BC12+'[2]AHTS-8'!BC12+'[3]CB-1'!BC12+'[3]CB-2'!BC12+'[3]CB-3'!BC12+'[3]CB-4'!BC12+'[3]CB-5'!BC12+'[3]CB-6'!BC12+'[3]CB-7'!BC12+'[3]CB-8'!BC12+'[3]CB-9'!BC12+'[3]CB-10'!BC12+'[3]CB-11'!BC12+'[3]CB-12'!BC12+'[3]CB-13'!BC12+'[3]CB-14'!BC12+'[3]CB-15'!BC12+'[3]CB-16'!BC12+'[3]CB-17'!BC12+'[3]CB-18'!BC12+'[3]CB-19'!BC12+'[3]CB-20'!BC12+'[3]CB-21'!BC12+'[3]CB-22'!BC12+'[3]CB-23'!BC12+'[3]CB-24'!BC12+'[4]LCT-1'!BC12+'[4]LCT-2'!BC12+'[4]LCT-3'!BC12+'[4]LCT-4'!BC12+'[4]LCT-5'!BC12+'[4]LCT-6'!BC12+'[4]LCT-7'!BC12+'[4]LCT-8'!BC12+'[5]TB-1'!BC12+'[5]TB-2'!BC12+'[5]TB-3'!BC12+'[5]TB-4'!BC12+'[5]TB-5'!BC12+'[5]TB-6'!BC12+'[5]TB-7'!BC12+'[5]TB-8'!BC12+'[5]TB-9'!BC12+'[5]TB-10'!BC12+'[6]DSV-1'!BC12+'[6]DSV-2'!BC12+'[6]DSV-3'!BC12+'[7]TUB-1'!BC12+'[7]TUB-2'!BC12+'[8]Barge-1'!BC12+'[8]Barge-2'!BC12+'[8]Barge-3'!BC12+'[8]Barge-4'!BC12 -> 0 | E12: ='[2]AHTS-1'!BY12+'[2]AHTS-2'!BY12+'[2]AHTS-3'!BY12+'[2]AHTS-4'!BY12+'[2]AHTS-5'!BY12+'[2]AHTS-6'!BY12+'[2]AHTS-7'!BY12+'[2]AHTS-8'!BY12+'[3]CB-1'!BY12+'[3]CB-2'!BY12+'[3]CB-3'!BY12+'[3]CB-4'!BY12+'[3]CB-5'!BY12+'[3]CB-6'!BY12+'[3]CB-7'!BY12+'[3]CB-8'!BY12+'[3]CB-9'!BY12+'[3]CB-10'!BY12+'[3]CB-11'!BY12+'[3]CB-12'!BY12+'[3]CB-13'!BY12+'[3]CB-14'!BY12+'[3]CB-15'!BY12+'[3]CB-16'!BY12+'[3]CB-17'!BY12+'[3]CB-18'!BY12+'[3]CB-19'!BY12+'[3]CB-20'!BY12+'[3]CB-21'!BY12+'[3]CB-22'!BY12+'[3]CB-23'!BY12+'[3]CB-24'!BY12+'[4]LCT-1'!BY12+'[4]LCT-2'!BY12+'[4]LCT-3'!BY12+'[4]LCT-4'!BY12+'[4]LCT-5'!BY12+'[4]LCT-6'!BY12+'[4]LCT-7'!BY12+'[4]LCT-8'!BY12+'[5]TB-1'!BY12+'[5]TB-2'!BY12+'[5]TB-3'!BY12+'[5]TB-4'!BY12+'[5]TB-5'!BY12+'[5]TB-6'!BY12+'[5]TB-7'!BY12+'[5]TB-8'!BY12+'[5]TB-9'!BY12+'[5]TB-10'!BY12+'[6]DSV-1'!BY12+'[6]DSV-2'!BY12+'[6]DSV-3'!BY12+'[7]TUB-1'!BY12+'[7]TUB-2'!BY12+'[8]Barge-1'!BY12+'[8]Barge-2'!BY12+'[8]Barge-3'!BY12+'[8]Barge-4'!BY12 -> 0 | F12: ='[2]AHTS-1'!AH12+'[2]AHTS-2'!AH12+'[2]AHTS-3'!AH12+'[2]AHTS-4'!AH12+'[2]AHTS-5'!AH12+'[2]AHTS-6'!AH12+'[2]AHTS-7'!AH12+'[2]AHTS-8'!AH12+'[3]CB-1'!AH12+'[3]CB-2'!AH12+'[3]CB-3'!AH12+'[3]CB-4'!AH12+'[3]CB-5'!AH12+'[3]CB-6'!AH12+'[3]CB-7'!AH12+'[3]CB-8'!AH12+'[3]CB-9'!AH12+'[3]CB-10'!AH12+'[3]CB-11'!AH12+'[3]CB-12'!AH12+'[3]CB-13'!AH12+'[3]CB-14'!AH12+'[3]CB-15'!AH12+'[3]CB-16'!AH12+'[3]CB-17'!AH12+'[3]CB-18'!AH12+'[3]CB-19'!AH12+'[3]CB-20'!AH12+'[3]CB-21'!AH12+'[3]CB-22'!AH12+'[3]CB-23'!AH12+'[3]CB-24'!AH12+'[4]LCT-1'!AH12+'[4]LCT-2'!AH12+'[4]LCT-3'!AH12+'[4]LCT-4'!AH12+'[4]LCT-5'!AH12+'[4]LCT-6'!AH12+'[4]LCT-7'!AH12+'[4]LCT-8'!AH12+'[5]TB-1'!AH12+'[5]TB-2'!AH12+'[5]TB-3'!AH12+'[5]TB-4'!AH12+'[5]TB-5'!AH12+'[5]TB-6'!AH12+'[5]TB-7'!AH12+'[5]TB-8'!AH12+'[5]TB-9'!AH12+'[5]TB-10'!AH12+'[6]DSV-1'!AH12+'[6]DSV-2'!AH12+'[6]DSV-3'!AH12+'[7]TUB-1'!AH12+'[7]TUB-2'!AH12+'[8]Barge-1'!AH12+'[8]Barge-2'!AH12+'[8]Barge-3'!AH12+'[8]Barge-4'!AH12 -> 0 | G12: ='[2]AHTS-1'!BD12+'[2]AHTS-2'!BD12+'[2]AHTS-3'!BD12+'[2]AHTS-4'!BD12+'[2]AHTS-5'!BD12+'[2]AHTS-6'!BD12+'[2]AHTS-7'!BD12+'[2]AHTS-8'!BD12+'[3]CB-1'!BD12+'[3]CB-2'!BD12+'[3]CB-3'!BD12+'[3]CB-4'!BD12+'[3]CB-5'!BD12+'[3]CB-6'!BD12+'[3]CB-7'!BD12+'[3]CB-8'!BD12+'[3]CB-9'!BD12+'[3]CB-10'!BD12+'[3]CB-11'!BD12+'[3]CB-12'!BD12+'[3]CB-13'!BD12+'[3]CB-14'!BD12+'[3]CB-15'!BD12+'[3]CB-16'!BD12+'[3]CB-17'!BD12+'[3]CB-18'!BD12+'[3]CB-19'!BD12+'[3]CB-20'!BD12+'[3]CB-21'!BD12+'[3]CB-22'!BD12+'[3]CB-23'!BD12+'[3]CB-24'!BD12+'[4]LCT-1'!BD12+'[4]LCT-2'!BD12+'[4]LCT-3'!BD12+'[4]LCT-4'!BD12+'[4]LCT-5'!BD12+'[4]LCT-6'!BD12+'[4]LCT-7'!BD12+'[4]LCT-8'!BD12+'[5]TB-1'!BD12+'[5]TB-2'!BD12+'[5]TB-3'!BD12+'[5]TB-4'!BD12+'[5]TB-5'!BD12+'[5]TB-6'!BD12+'[5]TB-7'!BD12+'[5]TB-8'!BD12+'[5]TB-9'!BD12+'[5]TB-10'!BD12+'[6]DSV-1'!BD12+'[6]DSV-2'!BD12+'[6]DSV-3'!BD12+'[7]TUB-1'!BD12+'[7]TUB-2'!BD12+'[8]Barge-1'!BD12+'[8]Barge-2'!BD12+'[8]Barge-3'!BD12+'[8]Barge-4'!BD12 -> 0 | H12: ='[2]AHTS-1'!BZ12+'[2]AHTS-2'!BZ12+'[2]AHTS-3'!BZ12+'[2]AHTS-4'!BZ12+'[2]AHTS-5'!BZ12+'[2]AHTS-6'!BZ12+'[2]AHTS-7'!BZ12+'[2]AHTS-8'!BZ12+'[3]CB-1'!BZ12+'[3]CB-2'!BZ12+'[3]CB-3'!BZ12+'[3]CB-4'!BZ12+'[3]CB-5'!BZ12+'[3]CB-6'!BZ12+'[3]CB-7'!BZ12+'[3]CB-8'!BZ12+'[3]CB-9'!BZ12+'[3]CB-10'!BZ12+'[3]CB-11'!BZ12+'[3]CB-12'!BZ12+'[3]CB-13'!BZ12+'[3]CB-14'!BZ12+'[3]CB-15'!BZ12+'[3]CB-16'!BZ12+'[3]CB-17'!BZ12+'[3]CB-18'!BZ12+'[3]CB-19'!BZ12+'[3]CB-20'!BZ12+'[3]CB-21'!BZ12+'[3]CB-22'!BZ12+'[3]CB-23'!BZ12+'[3]CB-24'!BZ12+'[4]LCT-1'!BZ12+'[4]LCT-2'!BZ12+'[4]LCT-3'!BZ12+'[4]LCT-4'!BZ12+'[4]LCT-5'!BZ12+'[4]LCT-6'!BZ12+'[4]LCT-7'!BZ12+'[4]LCT-8'!BZ12+'[5]TB-1'!BZ12+'[5]TB-2'!BZ12+'[5]TB-3'!BZ12+'[5]TB-4'!BZ12+'[5]TB-5'!BZ12+'[5]TB-6'!BZ12+'[5]TB-7'!BZ12+'[5]TB-8'!BZ12+'[5]TB-9'!BZ12+'[5]TB-10'!BZ12+'[6]DSV-1'!BZ12+'[6]DSV-2'!BZ12+'[6]DSV-3'!BZ12+'[7]TUB-1'!BZ12+'[7]TUB-2'!BZ12+'[8]Barge-1'!BZ12+'[8]Barge-2'!BZ12+'[8]Barge-3'!BZ12+'[8]Barge-4'!BZ12 -> 0 | I12: ='[2]AHTS-1'!AI12+'[2]AHTS-2'!AI12+'[2]AHTS-3'!AI12+'[2]AHTS-4'!AI12+'[2]AHTS-5'!AI12+'[2]AHTS-6'!AI12+'[2]AHTS-7'!AI12+'[2]AHTS-8'!AI12+'[3]CB-1'!AI12+'[3]CB-2'!AI12+'[3]CB-3'!AI12+'[3]CB-4'!AI12+'[3]CB-5'!AI12+'[3]CB-6'!AI12+'[3]CB-7'!AI12+'[3]CB-8'!AI12+'[3]CB-9'!AI12+'[3]CB-10'!AI12+'[3]CB-11'!AI12+'[3]CB-12'!AI12+'[3]CB-13'!AI12+'[3]CB-14'!AI12+'[3]CB-15'!AI12+'[3]CB-16'!AI12+'[3]CB-17'!AI12+'[3]CB-18'!AI12+'[3]CB-19'!AI12+'[3]CB-20'!AI12+'[3]CB-21'!AI12+'[3]CB-22'!AI12+'[3]CB-23'!AI12+'[3]CB-24'!AI12+'[4]LCT-1'!AI12+'[4]LCT-2'!AI12+'[4]LCT-3'!AI12+'[4]LCT-4'!AI12+'[4]LCT-5'!AI12+'[4]LCT-6'!AI12+'[4]LCT-7'!AI12+'[4]LCT-8'!AI12+'[5]TB-1'!AI12+'[5]TB-2'!AI12+'[5]TB-3'!AI12+'[5]TB-4'!AI12+'[5]TB-5'!AI12+'[5]TB-6'!AI12+'[5]TB-7'!AI12+'[5]TB-8'!AI12+'[5]TB-9'!AI12+'[5]TB-10'!AI12+'[6]DSV-1'!AI12+'[6]DSV-2'!AI12+'[6]DSV-3'!AI12+'[7]TUB-1'!AI12+'[7]TUB-2'!AI12+'[8]Barge-1'!AI12+'[8]Barge-2'!AI12+'[8]Barge-3'!AI12+'[8]Barge-4'!AI12 -> 4960.1825 | J12: ='[2]AHTS-1'!BE12+'[2]AHTS-2'!BE12+'[2]AHTS-3'!BE12+'[2]AHTS-4'!BE12+'[2]AHTS-5'!BE12+'[2]AHTS-6'!BE12+'[2]AHTS-7'!BE12+'[2]AHTS-8'!BE12+'[3]CB-1'!BE12+'[3]CB-2'!BE12+'[3]CB-3'!BE12+'[3]CB-4'!BE12+'[3]CB-5'!BE12+'[3]CB-6'!BE12+'[3]CB-7'!BE12+'[3]CB-8'!BE12+'[3]CB-9'!BE12+'[3]CB-10'!BE12+'[3]CB-11'!BE12+'[3]CB-12'!BE12+'[3]CB-13'!BE12+'[3]CB-14'!BE12+'[3]CB-15'!BE12+'[3]CB-16'!BE12+'[3]CB-17'!BE12+'[3]CB-18'!BE12+'[3]CB-19'!BE12+'[3]CB-20'!BE12+'[3]CB-21'!BE12+'[3]CB-22'!BE12+'[3]CB-23'!BE12+'[3]CB-24'!BE12+'[4]LCT-1'!BE12+'[4]LCT-2'!BE12+'[4]LCT-3'!BE12+'[4]LCT-4'!BE12+'[4]LCT-5'!BE12+'[4]LCT-6'!BE12+'[4]LCT-7'!BE12+'[4]LCT-8'!BE12+'[5]TB-1'!BE12+'[5]TB-2'!BE12+'[5]TB-3'!BE12+'[5]TB-4'!BE12+'[5]TB-5'!BE12+'[5]TB-6'!BE12+'[5]TB-7'!BE12+'[5]TB-8'!BE12+'[5]TB-9'!BE12+'[5]TB-10'!BE12+'[6]DSV-1'!BE12+'[6]DSV-2'!BE12+'[6]DSV-3'!BE12+'[7]TUB-1'!BE12+'[7]TUB-2'!BE12+'[8]Barge-1'!BE12+'[8]Barge-2'!BE12+'[8]Barge-3'!BE12+'[8]Barge-4'!BE12 -> 5352.2298 | K12: ='[2]AHTS-1'!CA12+'[2]AHTS-2'!CA12+'[2]AHTS-3'!CA12+'[2]AHTS-4'!CA12+'[2]AHTS-5'!CA12+'[2]AHTS-6'!CA12+'[2]AHTS-7'!CA12+'[2]AHTS-8'!CA12+'[3]CB-1'!CA12+'[3]CB-2'!CA12+'[3]CB-3'!CA12+'[3]CB-4'!CA12+'[3]CB-5'!CA12+'[3]CB-6'!CA12+'[3]CB-7'!CA12+'[3]CB-8'!CA12+'[3]CB-9'!CA12+'[3]CB-10'!CA12+'[3]CB-11'!CA12+'[3]CB-12'!CA12+'[3]CB-13'!CA12+'[3]CB-14'!CA12+'[3]CB-15'!CA12+'[3]CB-16'!CA12+'[3]CB-17'!CA12+'[3]CB-18'!CA12+'[3]CB-19'!CA12+'[3]CB-20'!CA12+'[3]CB-21'!CA12+'[3]CB-22'!CA12+'[3]CB-23'!CA12+'[3]CB-24'!CA12+'[4]LCT-1'!CA12+'[4]LCT-2'!CA12+'[4]LCT-3'!CA12+'[4]LCT-4'!CA12+'[4]LCT-5'!CA12+'[4]LCT-6'!CA12+'[4]LCT-7'!CA12+'[4]LCT-8'!CA12+'[5]TB-1'!CA12+'[5]TB-2'!CA12+'[5]TB-3'!CA12+'[5]TB-4'!CA12+'[5]TB-5'!CA12+'[5]TB-6'!CA12+'[5]TB-7'!CA12+'[5]TB-8'!CA12+'[5]TB-9'!CA12+'[5]TB-10'!CA12+'[6]DSV-1'!CA12+'[6]DSV-2'!CA12+'[6]DSV-3'!CA12+'[7]TUB-1'!CA12+'[7]TUB-2'!CA12+'[8]Barge-1'!CA12+'[8]Barge-2'!CA12+'[8]Barge-3'!CA12+'[8]Barge-4'!CA12 -> 0 | L12: ='[2]AHTS-1'!AJ12+'[2]AHTS-2'!AJ12+'[2]AHTS-3'!AJ12+'[2]AHTS-4'!AJ12+'[2]AHTS-5'!AJ12+'[2]AHTS-6'!AJ12+'[2]AHTS-7'!AJ12+'[2]AHTS-8'!AJ12+'[3]CB-1'!AJ12+'[3]CB-2'!AJ12+'[3]CB-3'!AJ12+'[3]CB-4'!AJ12+'[3]CB-5'!AJ12+'[3]CB-6'!AJ12+'[3]CB-7'!AJ12+'[3]CB-8'!AJ12+'[3]CB-9'!AJ12+'[3]CB-10'!AJ12+'[3]CB-11'!AJ12+'[3]CB-12'!AJ12+'[3]CB-13'!AJ12+'[3]CB-14'!AJ12+'[3]CB-15'!AJ12+'[3]CB-16'!AJ12+'[3]CB-17'!AJ12+'[3]CB-18'!AJ12+'[3]CB-19'!AJ12+'[3]CB-20'!AJ12+'[3]CB-21'!AJ12+'[3]CB-22'!AJ12+'[3]CB-23'!AJ12+'[3]CB-24'!AJ12+'[4]LCT-1'!AJ12+'[4]LCT-2'!AJ12+'[4]LCT-3'!AJ12+'[4]LCT-4'!AJ12+'[4]LCT-5'!AJ12+'[4]LCT-6'!AJ12+'[4]LCT-7'!AJ12+'[4]LCT-8'!AJ12+'[5]TB-1'!AJ12+'[5]TB-2'!AJ12+'[5]TB-3'!AJ12+'[5]TB-4'!AJ12+'[5]TB-5'!AJ12+'[5]TB-6'!AJ12+'[5]TB-7'!AJ12+'[5]TB-8'!AJ12+'[5]TB-9'!AJ12+'[5]TB-10'!AJ12+'[6]DSV-1'!AJ12+'[6]DSV-2'!AJ12+'[6]DSV-3'!AJ12+'[7]TUB-1'!AJ12+'[7]TUB-2'!AJ12+'[8]Barge-1'!AJ12+'[8]Barge-2'!AJ12+'[8]Barge-3'!AJ12+'[8]Barge-4'!AJ12 -> 537.67889 | M12: ='[2]AHTS-1'!BF12+'[2]AHTS-2'!BF12+'[2]AHTS-3'!BF12+'[2]AHTS-4'!BF12+'[2]AHTS-5'!BF12+'[2]AHTS-6'!BF12+'[2]AHTS-7'!BF12+'[2]AHTS-8'!BF12+'[3]CB-1'!BF12+'[3]CB-2'!BF12+'[3]CB-3'!BF12+'[3]CB-4'!BF12+'[3]CB-5'!BF12+'[3]CB-6'!BF12+'[3]CB-7'!BF12+'[3]CB-8'!BF12+'[3]CB-9'!BF12+'[3]CB-10'!BF12+'[3]CB-11'!BF12+'[3]CB-12'!BF12+'[3]CB-13'!BF12+'[3]CB-14'!BF12+'[3]CB-15'!BF12+'[3]CB-16'!BF12+'[3]CB-17'!BF12+'[3]CB-18'!BF12+'[3]CB-19'!BF12+'[3]CB-20'!BF12+'[3]CB-21'!BF12+'[3]CB-22'!BF12+'[3]CB-23'!BF12+'[3]CB-24'!BF12+'[4]LCT-1'!BF12+'[4]LCT-2'!BF12+'[4]LCT-3'!BF12+'[4]LCT-4'!BF12+'[4]LCT-5'!BF12+'[4]LCT-6'!BF12+'[4]LCT-7'!BF12+'[4]LCT-8'!BF12+'[5]TB-1'!BF12+'[5]TB-2'!BF12+'[5]TB-3'!BF12+'[5]TB-4'!BF12+'[5]TB-5'!BF12+'[5]TB-6'!BF12+'[5]TB-7'!BF12+'[5]TB-8'!BF12+'[5]TB-9'!BF12+'[5]TB-10'!BF12+'[6]DSV-1'!BF12+'[6]DSV-2'!BF12+'[6]DSV-3'!BF12+'[7]TUB-1'!BF12+'[7]TUB-2'!BF12+'[8]Barge-1'!BF12+'[8]Barge-2'!BF12+'[8]Barge-3'!BF12+'[8]Barge-4'!BF12 -> 543.86077 | N12: ='[2]AHTS-1'!CB12+'[2]AHTS-2'!CB12+'[2]AHTS-3'!CB12+'[2]AHTS-4'!CB12+'[2]AHTS-5'!CB12+'[2]AHTS-6'!CB12+'[2]AHTS-7'!CB12+'[2]AHTS-8'!CB12+'[3]CB-1'!CB12+'[3]CB-2'!CB12+'[3]CB-3'!CB12+'[3]CB-4'!CB12+'[3]CB-5'!CB12+'[3]CB-6'!CB12+'[3]CB-7'!CB12+'[3]CB-8'!CB12+'[3]CB-9'!CB12+'[3]CB-10'!CB12+'[3]CB-11'!CB12+'[3]CB-12'!CB12+'[3]CB-13'!CB12+'[3]CB-14'!CB12+'[3]CB-15'!CB12+'[3]CB-16'!CB12+'[3]CB-17'!CB12+'[3]CB-18'!CB12+'[3]CB-19'!CB12+'[3]CB-20'!CB12+'[3]CB-21'!CB12+'[3]CB-22'!CB12+'[3]CB-23'!CB12+'[3]CB-24'!CB12+'[4]LCT-1'!CB12+'[4]LCT-2'!CB12+'[4]LCT-3'!CB12+'[4]LCT-4'!CB12+'[4]LCT-5'!CB12+'[4]LCT-6'!CB12+'[4]LCT-7'!CB12+'[4]LCT-8'!CB12+'[5]TB-1'!CB12+'[5]TB-2'!CB12+'[5]TB-3'!CB12+'[5]TB-4'!CB12+'[5]TB-5'!CB12+'[5]TB-6'!CB12+'[5]TB-7'!CB12+'[5]TB-8'!CB12+'[5]TB-9'!CB12+'[5]TB-10'!CB12+'[6]DSV-1'!CB12+'[6]DSV-2'!CB12+'[6]DSV-3'!CB12+'[7]TUB-1'!CB12+'[7]TUB-2'!CB12+'[8]Barge-1'!CB12+'[8]Barge-2'!CB12+'[8]Barge-3'!CB12+'[8]Barge-4'!CB12 -> 0 | O12: ='[2]AHTS-1'!AK12+'[2]AHTS-2'!AK12+'[2]AHTS-3'!AK12+'[2]AHTS-4'!AK12+'[2]AHTS-5'!AK12+'[2]AHTS-6'!AK12+'[2]AHTS-7'!AK12+'[2]AHTS-8'!AK12+'[3]CB-1'!AK12+'[3]CB-2'!AK12+'[3]CB-3'!AK12+'[3]CB-4'!AK12+'[3]CB-5'!AK12+'[3]CB-6'!AK12+'[3]CB-7'!AK12+'[3]CB-8'!AK12+'[3]CB-9'!AK12+'[3]CB-10'!AK12+'[3]CB-11'!AK12+'[3]CB-12'!AK12+'[3]CB-13'!AK12+'[3]CB-14'!AK12+'[3]CB-15'!AK12+'[3]CB-16'!AK12+'[3]CB-17'!AK12+'[3]CB-18'!AK12+'[3]CB-19'!AK12+'[3]CB-20'!AK12+'[3]CB-21'!AK12+'[3]CB-22'!AK12+'[3]CB-23'!AK12+'[3]CB-24'!AK12+'[4]LCT-1'!AK12+'[4]LCT-2'!AK12+'[4]LCT-3'!AK12+'[4]LCT-4'!AK12+'[4]LCT-5'!AK12+'[4]LCT-6'!AK12+'[4]LCT-7'!AK12+'[4]LCT-8'!AK12+'[5]TB-1'!AK12+'[5]TB-2'!AK12+'[5]TB-3'!AK12+'[5]TB-4'!AK12+'[5]TB-5'!AK12+'[5]TB-6'!AK12+'[5]TB-7'!AK12+'[5]TB-8'!AK12+'[5]TB-9'!AK12+'[5]TB-10'!AK12+'[6]DSV-1'!AK12+'[6]DSV-2'!AK12+'[6]DSV-3'!AK12+'[7]TUB-1'!AK12+'[7]TUB-2'!AK12+'[8]Barge-1'!AK12+'[8]Barge-2'!AK12+'[8]Barge-3'!AK12+'[8]Barge-4'!AK12 -> 0 | P12: ='[2]AHTS-1'!BG12+'[2]AHTS-2'!BG12+'[2]AHTS-3'!BG12+'[2]AHTS-4'!BG12+'[2]AHTS-5'!BG12+'[2]AHTS-6'!BG12+'[2]AHTS-7'!BG12+'[2]AHTS-8'!BG12+'[3]CB-1'!BG12+'[3]CB-2'!BG12+'[3]CB-3'!BG12+'[3]CB-4'!BG12+'[3]CB-5'!BG12+'[3]CB-6'!BG12+'[3]CB-7'!BG12+'[3]CB-8'!BG12+'[3]CB-9'!BG12+'[3]CB-10'!BG12+'[3]CB-11'!BG12+'[3]CB-12'!BG12+'[3]CB-13'!BG12+'[3]CB-14'!BG12+'[3]CB-15'!BG12+'[3]CB-16'!BG12+'[3]CB-17'!BG12+'[3]CB-18'!BG12+'[3]CB-19'!BG12+'[3]CB-20'!BG12+'[3]CB-21'!BG12+'[3]CB-22'!BG12+'[3]CB-23'!BG12+'[3]CB-24'!BG12+'[4]LCT-1'!BG12+'[4]LCT-2'!BG12+'[4]LCT-3'!BG12+'[4]LCT-4'!BG12+'[4]LCT-5'!BG12+'[4]LCT-6'!BG12+'[4]LCT-7'!BG12+'[4]LCT-8'!BG12+'[5]TB-1'!BG12+'[5]TB-2'!BG12+'[5]TB-3'!BG12+'[5]TB-4'!BG12+'[5]TB-5'!BG12+'[5]TB-6'!BG12+'[5]TB-7'!BG12+'[5]TB-8'!BG12+'[5]TB-9'!BG12+'[5]TB-10'!BG12+'[6]DSV-1'!BG12+'[6]DSV-2'!BG12+'[6]DSV-3'!BG12+'[7]TUB-1'!BG12+'[7]TUB-2'!BG12+'[8]Barge-1'!BG12+'[8]Barge-2'!BG12+'[8]Barge-3'!BG12+'[8]Barge-4'!BG12 -> 0 | Q12: ='[2]AHTS-1'!CC12+'[2]AHTS-2'!CC12+'[2]AHTS-3'!CC12+'[2]AHTS-4'!CC12+'[2]AHTS-5'!CC12+'[2]AHTS-6'!CC12+'[2]AHTS-7'!CC12+'[2]AHTS-8'!CC12+'[3]CB-1'!CC12+'[3]CB-2'!CC12+'[3]CB-3'!CC12+'[3]CB-4'!CC12+'[3]CB-5'!CC12+'[3]CB-6'!CC12+'[3]CB-7'!CC12+'[3]CB-8'!CC12+'[3]CB-9'!CC12+'[3]CB-10'!CC12+'[3]CB-11'!CC12+'[3]CB-12'!CC12+'[3]CB-13'!CC12+'[3]CB-14'!CC12+'[3]CB-15'!CC12+'[3]CB-16'!CC12+'[3]CB-17'!CC12+'[3]CB-18'!CC12+'[3]CB-19'!CC12+'[3]CB-20'!CC12+'[3]CB-21'!CC12+'[3]CB-22'!CC12+'[3]CB-23'!CC12+'[3]CB-24'!CC12+'[4]LCT-1'!CC12+'[4]LCT-2'!CC12+'[4]LCT-3'!CC12+'[4]LCT-4'!CC12+'[4]LCT-5'!CC12+'[4]LCT-6'!CC12+'[4]LCT-7'!CC12+'[4]LCT-8'!CC12+'[5]TB-1'!CC12+'[5]TB-2'!CC12+'[5]TB-3'!CC12+'[5]TB-4'!CC12+'[5]TB-5'!CC12+'[5]TB-6'!CC12+'[5]TB-7'!CC12+'[5]TB-8'!CC12+'[5]TB-9'!CC12+'[5]TB-10'!CC12+'[6]DSV-1'!CC12+'[6]DSV-2'!CC12+'[6]DSV-3'!CC12+'[7]TUB-1'!CC12+'[7]TUB-2'!CC12+'[8]Barge-1'!CC12+'[8]Barge-2'!CC12+'[8]Barge-3'!CC12+'[8]Barge-4'!CC12 -> 0 | R12: ='[2]AHTS-1'!AL12+'[2]AHTS-2'!AL12+'[2]AHTS-3'!AL12+'[2]AHTS-4'!AL12+'[2]AHTS-5'!AL12+'[2]AHTS-6'!AL12+'[2]AHTS-7'!AL12+'[2]AHTS-8'!AL12+'[3]CB-1'!AL12+'[3]CB-2'!AL12+'[3]CB-3'!AL12+'[3]CB-4'!AL12+'[3]CB-5'!AL12+'[3]CB-6'!AL12+'[3]CB-7'!AL12+'[3]CB-8'!AL12+'[3]CB-9'!AL12+'[3]CB-10'!AL12+'[3]CB-11'!AL12+'[3]CB-12'!AL12+'[3]CB-13'!AL12+'[3]CB-14'!AL12+'[3]CB-15'!AL12+'[3]CB-16'!AL12+'[3]CB-17'!AL12+'[3]CB-18'!AL12+'[3]CB-19'!AL12+'[3]CB-20'!AL12+'[3]CB-21'!AL12+'[3]CB-22'!AL12+'[3]CB-23'!AL12+'[3]CB-24'!AL12+'[4]LCT-1'!AL12+'[4]LCT-2'!AL12+'[4]LCT-3'!AL12+'[4]LCT-4'!AL12+'[4]LCT-5'!AL12+'[4]LCT-6'!AL12+'[4]LCT-7'!AL12+'[4]LCT-8'!AL12+'[5]TB-1'!AL12+'[5]TB-2'!AL12+'[5]TB-3'!AL12+'[5]TB-4'!AL12+'[5]TB-5'!AL12+'[5]TB-6'!AL12+'[5]TB-7'!AL12+'[5]TB-8'!AL12+'[5]TB-9'!AL12+'[5]TB-10'!AL12+'[6]DSV-1'!AL12+'[6]DSV-2'!AL12+'[6]DSV-3'!AL12+'[7]TUB-1'!AL12+'[7]TUB-2'!AL12+'[8]Barge-1'!AL12+'[8]Barge-2'!AL12+'[8]Barge-3'!AL12+'[8]Barge-4'!AL12 -> 0 | S12: ='[2]AHTS-1'!BH12+'[2]AHTS-2'!BH12+'[2]AHTS-3'!BH12+'[2]AHTS-4'!BH12+'[2]AHTS-5'!BH12+'[2]AHTS-6'!BH12+'[2]AHTS-7'!BH12+'[2]AHTS-8'!BH12+'[3]CB-1'!BH12+'[3]CB-2'!BH12+'[3]CB-3'!BH12+'[3]CB-4'!BH12+'[3]CB-5'!BH12+'[3]CB-6'!BH12+'[3]CB-7'!BH12+'[3]CB-8'!BH12+'[3]CB-9'!BH12+'[3]CB-10'!BH12+'[3]CB-11'!BH12+'[3]CB-12'!BH12+'[3]CB-13'!BH12+'[3]CB-14'!BH12+'[3]CB-15'!BH12+'[3]CB-16'!BH12+'[3]CB-17'!BH12+'[3]CB-18'!BH12+'[3]CB-19'!BH12+'[3]CB-20'!BH12+'[3]CB-21'!BH12+'[3]CB-22'!BH12+'[3]CB-23'!BH12+'[3]CB-24'!BH12+'[4]LCT-1'!BH12+'[4]LCT-2'!BH12+'[4]LCT-3'!BH12+'[4]LCT-4'!BH12+'[4]LCT-5'!BH12+'[4]LCT-6'!BH12+'[4]LCT-7'!BH12+'[4]LCT-8'!BH12+'[5]TB-1'!BH12+'[5]TB-2'!BH12+'[5]TB-3'!BH12+'[5]TB-4'!BH12+'[5]TB-5'!BH12+'[5]TB-6'!BH12+'[5]TB-7'!BH12+'[5]TB-8'!BH12+'[5]TB-9'!BH12+'[5]TB-10'!BH12+'[6]DSV-1'!BH12+'[6]DSV-2'!BH12+'[6]DSV-3'!BH12+'[7]TUB-1'!BH12+'[7]TUB-2'!BH12+'[8]Barge-1'!BH12+'[8]Barge-2'!BH12+'[8]Barge-3'!BH12+'[8]Barge-4'!BH12 -> 0 | T12: ='[2]AHTS-1'!CD12+'[2]AHTS-2'!CD12+'[2]AHTS-3'!CD12+'[2]AHTS-4'!CD12+'[2]AHTS-5'!CD12+'[2]AHTS-6'!CD12+'[2]AHTS-7'!CD12+'[2]AHTS-8'!CD12+'[3]CB-1'!CD12+'[3]CB-2'!CD12+'[3]CB-3'!CD12+'[3]CB-4'!CD12+'[3]CB-5'!CD12+'[3]CB-6'!CD12+'[3]CB-7'!CD12+'[3]CB-8'!CD12+'[3]CB-9'!CD12+'[3]CB-10'!CD12+'[3]CB-11'!CD12+'[3]CB-12'!CD12+'[3]CB-13'!CD12+'[3]CB-14'!CD12+'[3]CB-15'!CD12+'[3]CB-16'!CD12+'[3]CB-17'!CD12+'[3]CB-18'!CD12+'[3]CB-19'!CD12+'[3]CB-20'!CD12+'[3]CB-21'!CD12+'[3]CB-22'!CD12+'[3]CB-23'!CD12+'[3]CB-24'!CD12+'[4]LCT-1'!CD12+'[4]LCT-2'!CD12+'[4]LCT-3'!CD12+'[4]LCT-4'!CD12+'[4]LCT-5'!CD12+'[4]LCT-6'!CD12+'[4]LCT-7'!CD12+'[4]LCT-8'!CD12+'[5]TB-1'!CD12+'[5]TB-2'!CD12+'[5]TB-3'!CD12+'[5]TB-4'!CD12+'[5]TB-5'!CD12+'[5]TB-6'!CD12+'[5]TB-7'!CD12+'[5]TB-8'!CD12+'[5]TB-9'!CD12+'[5]TB-10'!CD12+'[6]DSV-1'!CD12+'[6]DSV-2'!CD12+'[6]DSV-3'!CD12+'[7]TUB-1'!CD12+'[7]TUB-2'!CD12+'[8]Barge-1'!CD12+'[8]Barge-2'!CD12+'[8]Barge-3'!CD12+'[8]Barge-4'!CD12 -> 0 | U12: ='[2]AHTS-1'!AM12+'[2]AHTS-2'!AM12+'[2]AHTS-3'!AM12+'[2]AHTS-4'!AM12+'[2]AHTS-5'!AM12+'[2]AHTS-6'!AM12+'[2]AHTS-7'!AM12+'[2]AHTS-8'!AM12+'[3]CB-1'!AM12+'[3]CB-2'!AM12+'[3]CB-3'!AM12+'[3]CB-4'!AM12+'[3]CB-5'!AM12+'[3]CB-6'!AM12+'[3]CB-7'!AM12+'[3]CB-8'!AM12+'[3]CB-9'!AM12+'[3]CB-10'!AM12+'[3]CB-11'!AM12+'[3]CB-12'!AM12+'[3]CB-13'!AM12+'[3]CB-14'!AM12+'[3]CB-15'!AM12+'[3]CB-16'!AM12+'[3]CB-17'!AM12+'[3]CB-18'!AM12+'[3]CB-19'!AM12+'[3]CB-20'!AM12+'[3]CB-21'!AM12+'[3]CB-22'!AM12+'[3]CB-23'!AM12+'[3]CB-24'!AM12+'[4]LCT-1'!AM12+'[4]LCT-2'!AM12+'[4]LCT-3'!AM12+'[4]LCT-4'!AM12+'[4]LCT-5'!AM12+'[4]LCT-6'!AM12+'[4]LCT-7'!AM12+'[4]LCT-8'!AM12+'[5]TB-1'!AM12+'[5]TB-2'!AM12+'[5]TB-3'!AM12+'[5]TB-4'!AM12+'[5]TB-5'!AM12+'[5]TB-6'!AM12+'[5]TB-7'!AM12+'[5]TB-8'!AM12+'[5]TB-9'!AM12+'[5]TB-10'!AM12+'[6]DSV-1'!AM12+'[6]DSV-2'!AM12+'[6]DSV-3'!AM12+'[7]TUB-1'!AM12+'[7]TUB-2'!AM12+'[8]Barge-1'!AM12+'[8]Barge-2'!AM12+'[8]Barge-3'!AM12+'[8]Barge-4'!AM12 -> 0 | V12: ='[2]AHTS-1'!BI12+'[2]AHTS-2'!BI12+'[2]AHTS-3'!BI12+'[2]AHTS-4'!BI12+'[2]AHTS-5'!BI12+'[2]AHTS-6'!BI12+'[2]AHTS-7'!BI12+'[2]AHTS-8'!BI12+'[3]CB-1'!BI12+'[3]CB-2'!BI12+'[3]CB-3'!BI12+'[3]CB-4'!BI12+'[3]CB-5'!BI12+'[3]CB-6'!BI12+'[3]CB-7'!BI12+'[3]CB-8'!BI12+'[3]CB-9'!BI12+'[3]CB-10'!BI12+'[3]CB-11'!BI12+'[3]CB-12'!BI12+'[3]CB-13'!BI12+'[3]CB-14'!BI12+'[3]CB-15'!BI12+'[3]CB-16'!BI12+'[3]CB-17'!BI12+'[3]CB-18'!BI12+'[3]CB-19'!BI12+'[3]CB-20'!BI12+'[3]CB-21'!BI12+'[3]CB-22'!BI12+'[3]CB-23'!BI12+'[3]CB-24'!BI12+'[4]LCT-1'!BI12+'[4]LCT-2'!BI12+'[4]LCT-3'!BI12+'[4]LCT-4'!BI12+'[4]LCT-5'!BI12+'[4]LCT-6'!BI12+'[4]LCT-7'!BI12+'[4]LCT-8'!BI12+'[5]TB-1'!BI12+'[5]TB-2'!BI12+'[5]TB-3'!BI12+'[5]TB-4'!BI12+'[5]TB-5'!BI12+'[5]TB-6'!BI12+'[5]TB-7'!BI12+'[5]TB-8'!BI12+'[5]TB-9'!BI12+'[5]TB-10'!BI12+'[6]DSV-1'!BI12+'[6]DSV-2'!BI12+'[6]DSV-3'!BI12+'[7]TUB-1'!BI12+'[7]TUB-2'!BI12+'[8]Barge-1'!BI12+'[8]Barge-2'!BI12+'[8]Barge-3'!BI12+'[8]Barge-4'!BI12 -> 0 | W12: ='[2]AHTS-1'!CE12+'[2]AHTS-2'!CE12+'[2]AHTS-3'!CE12+'[2]AHTS-4'!CE12+'[2]AHTS-5'!CE12+'[2]AHTS-6'!CE12+'[2]AHTS-7'!CE12+'[2]AHTS-8'!CE12+'[3]CB-1'!CE12+'[3]CB-2'!CE12+'[3]CB-3'!CE12+'[3]CB-4'!CE12+'[3]CB-5'!CE12+'[3]CB-6'!CE12+'[3]CB-7'!CE12+'[3]CB-8'!CE12+'[3]CB-9'!CE12+'[3]CB-10'!CE12+'[3]CB-11'!CE12+'[3]CB-12'!CE12+'[3]CB-13'!CE12+'[3]CB-14'!CE12+'[3]CB-15'!CE12+'[3]CB-16'!CE12+'[3]CB-17'!CE12+'[3]CB-18'!CE12+'[3]CB-19'!CE12+'[3]CB-20'!CE12+'[3]CB-21'!CE12+'[3]CB-22'!CE12+'[3]CB-23'!CE12+'[3]CB-24'!CE12+'[4]LCT-1'!CE12+'[4]LCT-2'!CE12+'[4]LCT-3'!CE12+'[4]LCT-4'!CE12+'[4]LCT-5'!CE12+'[4]LCT-6'!CE12+'[4]LCT-7'!CE12+'[4]LCT-8'!CE12+'[5]TB-1'!CE12+'[5]TB-2'!CE12+'[5]TB-3'!CE12+'[5]TB-4'!CE12+'[5]TB-5'!CE12+'[5]TB-6'!CE12+'[5]TB-7'!CE12+'[5]TB-8'!CE12+'[5]TB-9'!CE12+'[5]TB-10'!CE12+'[6]DSV-1'!CE12+'[6]DSV-2'!CE12+'[6]DSV-3'!CE12+'[7]TUB-1'!CE12+'[7]TUB-2'!CE12+'[8]Barge-1'!CE12+'[8]Barge-2'!CE12+'[8]Barge-3'!CE12+'[8]Barge-4'!CE12 -> 0 | X12: ='[2]AHTS-1'!AN12+'[2]AHTS-2'!AN12+'[2]AHTS-3'!AN12+'[2]AHTS-4'!AN12+'[2]AHTS-5'!AN12+'[2]AHTS-6'!AN12+'[2]AHTS-7'!AN12+'[2]AHTS-8'!AN12+'[3]CB-1'!AN12+'[3]CB-2'!AN12+'[3]CB-3'!AN12+'[3]CB-4'!AN12+'[3]CB-5'!AN12+'[3]CB-6'!AN12+'[3]CB-7'!AN12+'[3]CB-8'!AN12+'[3]CB-9'!AN12+'[3]CB-10'!AN12+'[3]CB-11'!AN12+'[3]CB-12'!AN12+'[3]CB-13'!AN12+'[3]CB-14'!AN12+'[3]CB-15'!AN12+'[3]CB-16'!AN12+'[3]CB-17'!AN12+'[3]CB-18'!AN12+'[3]CB-19'!AN12+'[3]CB-20'!AN12+'[3]CB-21'!AN12+'[3]CB-22'!AN12+'[3]CB-23'!AN12+'[3]CB-24'!AN12+'[4]LCT-1'!AN12+'[4]LCT-2'!AN12+'[4]LCT-3'!AN12+'[4]LCT-4'!AN12+'[4]LCT-5'!AN12+'[4]LCT-6'!AN12+'[4]LCT-7'!AN12+'[4]LCT-8'!AN12+'[5]TB-1'!AN12+'[5]TB-2'!AN12+'[5]TB-3'!AN12+'[5]TB-4'!AN12+'[5]TB-5'!AN12+'[5]TB-6'!AN12+'[5]TB-7'!AN12+'[5]TB-8'!AN12+'[5]TB-9'!AN12+'[5]TB-10'!AN12+'[6]DSV-1'!AN12+'[6]DSV-2'!AN12+'[6]DSV-3'!AN12+'[7]TUB-1'!AN12+'[7]TUB-2'!AN12+'[8]Barge-1'!AN12+'[8]Barge-2'!AN12+'[8]Barge-3'!AN12+'[8]Barge-4'!AN12 -> 919.05717 | Y12: ='[2]AHTS-1'!BJ12+'[2]AHTS-2'!BJ12+'[2]AHTS-3'!BJ12+'[2]AHTS-4'!BJ12+'[2]AHTS-5'!BJ12+'[2]AHTS-6'!BJ12+'[2]AHTS-7'!BJ12+'[2]AHTS-8'!BJ12+'[3]CB-1'!BJ12+'[3]CB-2'!BJ12+'[3]CB-3'!BJ12+'[3]CB-4'!BJ12+'[3]CB-5'!BJ12+'[3]CB-6'!BJ12+'[3]CB-7'!BJ12+'[3]CB-8'!BJ12+'[3]CB-9'!BJ12+'[3]CB-10'!BJ12+'[3]CB-11'!BJ12+'[3]CB-12'!BJ12+'[3]CB-13'!BJ12+'[3]CB-14'!BJ12+'[3]CB-15'!BJ12+'[3]CB-16'!BJ12+'[3]CB-17'!BJ12+'[3]CB-18'!BJ12+'[3]CB-19'!BJ12+'[3]CB-20'!BJ12+'[3]CB-21'!BJ12+'[3]CB-22'!BJ12+'[3]CB-23'!BJ12+'[3]CB-24'!BJ12+'[4]LCT-1'!BJ12+'[4]LCT-2'!BJ12+'[4]LCT-3'!BJ12+'[4]LCT-4'!BJ12+'[4]LCT-5'!BJ12+'[4]LCT-6'!BJ12+'[4]LCT-7'!BJ12+'[4]LCT-8'!BJ12+'[5]TB-1'!BJ12+'[5]TB-2'!BJ12+'[5]TB-3'!BJ12+'[5]TB-4'!BJ12+'[5]TB-5'!BJ12+'[5]TB-6'!BJ12+'[5]TB-7'!BJ12+'[5]TB-8'!BJ12+'[5]TB-9'!BJ12+'[5]TB-10'!BJ12+'[6]DSV-1'!BJ12+'[6]DSV-2'!BJ12+'[6]DSV-3'!BJ12+'[7]TUB-1'!BJ12+'[7]TUB-2'!BJ12+'[8]Barge-1'!BJ12+'[8]Barge-2'!BJ12+'[8]Barge-3'!BJ12+'[8]Barge-4'!BJ12 -> 698.16794 | Z12: ='[2]AHTS-1'!CF12+'[2]AHTS-2'!CF12+'[2]AHTS-3'!CF12+'[2]AHTS-4'!CF12+'[2]AHTS-5'!CF12+'[2]AHTS-6'!CF12+'[2]AHTS-7'!CF12+'[2]AHTS-8'!CF12+'[3]CB-1'!CF12+'[3]CB-2'!CF12+'[3]CB-3'!CF12+'[3]CB-4'!CF12+'[3]CB-5'!CF12+'[3]CB-6'!CF12+'[3]CB-7'!CF12+'[3]CB-8'!CF12+'[3]CB-9'!CF12+'[3]CB-10'!CF12+'[3]CB-11'!CF12+'[3]CB-12'!CF12+'[3]CB-13'!CF12+'[3]CB-14'!CF12+'[3]CB-15'!CF12+'[3]CB-16'!CF12+'[3]CB-17'!CF12+'[3]CB-18'!CF12+'[3]CB-19'!CF12+'[3]CB-20'!CF12+'[3]CB-21'!CF12+'[3]CB-22'!CF12+'[3]CB-23'!CF12+'[3]CB-24'!CF12+'[4]LCT-1'!CF12+'[4]LCT-2'!CF12+'[4]LCT-3'!CF12+'[4]LCT-4'!CF12+'[4]LCT-5'!CF12+'[4]LCT-6'!CF12+'[4]LCT-7'!CF12+'[4]LCT-8'!CF12+'[5]TB-1'!CF12+'[5]TB-2'!CF12+'[5]TB-3'!CF12+'[5]TB-4'!CF12+'[5]TB-5'!CF12+'[5]TB-6'!CF12+'[5]TB-7'!CF12+'[5]TB-8'!CF12+'[5]TB-9'!CF12+'[5]TB-10'!CF12+'[6]DSV-1'!CF12+'[6]DSV-2'!CF12+'[6]DSV-3'!CF12+'[7]TUB-1'!CF12+'[7]TUB-2'!CF12+'[8]Barge-1'!CF12+'[8]Barge-2'!CF12+'[8]Barge-3'!CF12+'[8]Barge-4'!CF12 -> 0 | AA12: ='[2]AHTS-1'!AO12+'[2]AHTS-2'!AO12+'[2]AHTS-3'!AO12+'[2]AHTS-4'!AO12+'[2]AHTS-5'!AO12+'[2]AHTS-6'!AO12+'[2]AHTS-7'!AO12+'[2]AHTS-8'!AO12+'[3]CB-1'!AO12+'[3]CB-2'!AO12+'[3]CB-3'!AO12+'[3]CB-4'!AO12+'[3]CB-5'!AO12+'[3]CB-6'!AO12+'[3]CB-7'!AO12+'[3]CB-8'!AO12+'[3]CB-9'!AO12+'[3]CB-10'!AO12+'[3]CB-11'!AO12+'[3]CB-12'!AO12+'[3]CB-13'!AO12+'[3]CB-14'!AO12+'[3]CB-15'!AO12+'[3]CB-16'!AO12+'[3]CB-17'!AO12+'[3]CB-18'!AO12+'[3]CB-19'!AO12+'[3]CB-20'!AO12+'[3]CB-21'!AO12+'[3]CB-22'!AO12+'[3]CB-23'!AO12+'[3]CB-24'!AO12+'[4]LCT-1'!AO12+'[4]LCT-2'!AO12+'[4]LCT-3'!AO12+'[4]LCT-4'!AO12+'[4]LCT-5'!AO12+'[4]LCT-6'!AO12+'[4]LCT-7'!AO12+'[4]LCT-8'!AO12+'[5]TB-1'!AO12+'[5]TB-2'!AO12+'[5]TB-3'!AO12+'[5]TB-4'!AO12+'[5]TB-5'!AO12+'[5]TB-6'!AO12+'[5]TB-7'!AO12+'[5]TB-8'!AO12+'[5]TB-9'!AO12+'[5]TB-10'!AO12+'[6]DSV-1'!AO12+'[6]DSV-2'!AO12+'[6]DSV-3'!AO12+'[7]TUB-1'!AO12+'[7]TUB-2'!AO12+'[8]Barge-1'!AO12+'[8]Barge-2'!AO12+'[8]Barge-3'!AO12+'[8]Barge-4'!AO12 -> 0 | AB12: ='[2]AHTS-1'!BK12+'[2]AHTS-2'!BK12+'[2]AHTS-3'!BK12+'[2]AHTS-4'!BK12+'[2]AHTS-5'!BK12+'[2]AHTS-6'!BK12+'[2]AHTS-7'!BK12+'[2]AHTS-8'!BK12+'[3]CB-1'!BK12+'[3]CB-2'!BK12+'[3]CB-3'!BK12+'[3]CB-4'!BK12+'[3]CB-5'!BK12+'[3]CB-6'!BK12+'[3]CB-7'!BK12+'[3]CB-8'!BK12+'[3]CB-9'!BK12+'[3]CB-10'!BK12+'[3]CB-11'!BK12+'[3]CB-12'!BK12+'[3]CB-13'!BK12+'[3]CB-14'!BK12+'[3]CB-15'!BK12+'[3]CB-16'!BK12+'[3]CB-17'!BK12+'[3]CB-18'!BK12+'[3]CB-19'!BK12+'[3]CB-20'!BK12+'[3]CB-21'!BK12+'[3]CB-22'!BK12+'[3]CB-23'!BK12+'[3]CB-24'!BK12+'[4]LCT-1'!BK12+'[4]LCT-2'!BK12+'[4]LCT-3'!BK12+'[4]LCT-4'!BK12+'[4]LCT-5'!BK12+'[4]LCT-6'!BK12+'[4]LCT-7'!BK12+'[4]LCT-8'!BK12+'[5]TB-1'!BK12+'[5]TB-2'!BK12+'[5]TB-3'!BK12+'[5]TB-4'!BK12+'[5]TB-5'!BK12+'[5]TB-6'!BK12+'[5]TB-7'!BK12+'[5]TB-8'!BK12+'[5]TB-9'!BK12+'[5]TB-10'!BK12+'[6]DSV-1'!BK12+'[6]DSV-2'!BK12+'[6]DSV-3'!BK12+'[7]TUB-1'!BK12+'[7]TUB-2'!BK12+'[8]Barge-1'!BK12+'[8]Barge-2'!BK12+'[8]Barge-3'!BK12+'[8]Barge-4'!BK12 -> 0 | AC12: ='[2]AHTS-1'!CG12+'[2]AHTS-2'!CG12+'[2]AHTS-3'!CG12+'[2]AHTS-4'!CG12+'[2]AHTS-5'!CG12+'[2]AHTS-6'!CG12+'[2]AHTS-7'!CG12+'[2]AHTS-8'!CG12+'[3]CB-1'!CG12+'[3]CB-2'!CG12+'[3]CB-3'!CG12+'[3]CB-4'!CG12+'[3]CB-5'!CG12+'[3]CB-6'!CG12+'[3]CB-7'!CG12+'[3]CB-8'!CG12+'[3]CB-9'!CG12+'[3]CB-10'!CG12+'[3]CB-11'!CG12+'[3]CB-12'!CG12+'[3]CB-13'!CG12+'[3]CB-14'!CG12+'[3]CB-15'!CG12+'[3]CB-16'!CG12+'[3]CB-17'!CG12+'[3]CB-18'!CG12+'[3]CB-19'!CG12+'[3]CB-20'!CG12+'[3]CB-21'!CG12+'[3]CB-22'!CG12+'[3]CB-23'!CG12+'[3]CB-24'!CG12+'[4]LCT-1'!CG12+'[4]LCT-2'!CG12+'[4]LCT-3'!CG12+'[4]LCT-4'!CG12+'[4]LCT-5'!CG12+'[4]LCT-6'!CG12+'[4]LCT-7'!CG12+'[4]LCT-8'!CG12+'[5]TB-1'!CG12+'[5]TB-2'!CG12+'[5]TB-3'!CG12+'[5]TB-4'!CG12+'[5]TB-5'!CG12+'[5]TB-6'!CG12+'[5]TB-7'!CG12+'[5]TB-8'!CG12+'[5]TB-9'!CG12+'[5]TB-10'!CG12+'[6]DSV-1'!CG12+'[6]DSV-2'!CG12+'[6]DSV-3'!CG12+'[7]TUB-1'!CG12+'[7]TUB-2'!CG12+'[8]Barge-1'!CG12+'[8]Barge-2'!CG12+'[8]Barge-3'!CG12+'[8]Barge-4'!CG12 -> 0 | AD12: ='[2]AHTS-1'!AP12+'[2]AHTS-2'!AP12+'[2]AHTS-3'!AP12+'[2]AHTS-4'!AP12+'[2]AHTS-5'!AP12+'[2]AHTS-6'!AP12+'[2]AHTS-7'!AP12+'[2]AHTS-8'!AP12+'[3]CB-1'!AP12+'[3]CB-2'!AP12+'[3]CB-3'!AP12+'[3]CB-4'!AP12+'[3]CB-5'!AP12+'[3]CB-6'!AP12+'[3]CB-7'!AP12+'[3]CB-8'!AP12+'[3]CB-9'!AP12+'[3]CB-10'!AP12+'[3]CB-11'!AP12+'[3]CB-12'!AP12+'[3]CB-13'!AP12+'[3]CB-14'!AP12+'[3]CB-15'!AP12+'[3]CB-16'!AP12+'[3]CB-17'!AP12+'[3]CB-18'!AP12+'[3]CB-19'!AP12+'[3]CB-20'!AP12+'[3]CB-21'!AP12+'[3]CB-22'!AP12+'[3]CB-23'!AP12+'[3]CB-24'!AP12+'[4]LCT-1'!AP12+'[4]LCT-2'!AP12+'[4]LCT-3'!AP12+'[4]LCT-4'!AP12+'[4]LCT-5'!AP12+'[4]LCT-6'!AP12+'[4]LCT-7'!AP12+'[4]LCT-8'!AP12+'[5]TB-1'!AP12+'[5]TB-2'!AP12+'[5]TB-3'!AP12+'[5]TB-4'!AP12+'[5]TB-5'!AP12+'[5]TB-6'!AP12+'[5]TB-7'!AP12+'[5]TB-8'!AP12+'[5]TB-9'!AP12+'[5]TB-10'!AP12+'[6]DSV-1'!AP12+'[6]DSV-2'!AP12+'[6]DSV-3'!AP12+'[7]TUB-1'!AP12+'[7]TUB-2'!AP12+'[8]Barge-1'!AP12+'[8]Barge-2'!AP12+'[8]Barge-3'!AP12+'[8]Barge-4'!AP12 -> 0 | AE12: ='[2]AHTS-1'!BL12+'[2]AHTS-2'!BL12+'[2]AHTS-3'!BL12+'[2]AHTS-4'!BL12+'[2]AHTS-5'!BL12+'[2]AHTS-6'!BL12+'[2]AHTS-7'!BL12+'[2]AHTS-8'!BL12+'[3]CB-1'!BL12+'[3]CB-2'!BL12+'[3]CB-3'!BL12+'[3]CB-4'!BL12+'[3]CB-5'!BL12+'[3]CB-6'!BL12+'[3]CB-7'!BL12+'[3]CB-8'!BL12+'[3]CB-9'!BL12+'[3]CB-10'!BL12+'[3]CB-11'!BL12+'[3]CB-12'!BL12+'[3]CB-13'!BL12+'[3]CB-14'!BL12+'[3]CB-15'!BL12+'[3]CB-16'!BL12+'[3]CB-17'!BL12+'[3]CB-18'!BL12+'[3]CB-19'!BL12+'[3]CB-20'!BL12+'[3]CB-21'!BL12+'[3]CB-22'!BL12+'[3]CB-23'!BL12+'[3]CB-24'!BL12+'[4]LCT-1'!BL12+'[4]LCT-2'!BL12+'[4]LCT-3'!BL12+'[4]LCT-4'!BL12+'[4]LCT-5'!BL12+'[4]LCT-6'!BL12+'[4]LCT-7'!BL12+'[4]LCT-8'!BL12+'[5]TB-1'!BL12+'[5]TB-2'!BL12+'[5]TB-3'!BL12+'[5]TB-4'!BL12+'[5]TB-5'!BL12+'[5]TB-6'!BL12+'[5]TB-7'!BL12+'[5]TB-8'!BL12+'[5]TB-9'!BL12+'[5]TB-10'!BL12+'[6]DSV-1'!BL12+'[6]DSV-2'!BL12+'[6]DSV-3'!BL12+'[7]TUB-1'!BL12+'[7]TUB-2'!BL12+'[8]Barge-1'!BL12+'[8]Barge-2'!BL12+'[8]Barge-3'!BL12+'[8]Barge-4'!BL12 -> 0 | AF12: ='[2]AHTS-1'!CH12+'[2]AHTS-2'!CH12+'[2]AHTS-3'!CH12+'[2]AHTS-4'!CH12+'[2]AHTS-5'!CH12+'[2]AHTS-6'!CH12+'[2]AHTS-7'!CH12+'[2]AHTS-8'!CH12+'[3]CB-1'!CH12+'[3]CB-2'!CH12+'[3]CB-3'!CH12+'[3]CB-4'!CH12+'[3]CB-5'!CH12+'[3]CB-6'!CH12+'[3]CB-7'!CH12+'[3]CB-8'!CH12+'[3]CB-9'!CH12+'[3]CB-10'!CH12+'[3]CB-11'!CH12+'[3]CB-12'!CH12+'[3]CB-13'!CH12+'[3]CB-14'!CH12+'[3]CB-15'!CH12+'[3]CB-16'!CH12+'[3]CB-17'!CH12+'[3]CB-18'!CH12+'[3]CB-19'!CH12+'[3]CB-20'!CH12+'[3]CB-21'!CH12+'[3]CB-22'!CH12+'[3]CB-23'!CH12+'[3]CB-24'!CH12+'[4]LCT-1'!CH12+'[4]LCT-2'!CH12+'[4]LCT-3'!CH12+'[4]LCT-4'!CH12+'[4]LCT-5'!CH12+'[4]LCT-6'!CH12+'[4]LCT-7'!CH12+'[4]LCT-8'!CH12+'[5]TB-1'!CH12+'[5]TB-2'!CH12+'[5]TB-3'!CH12+'[5]TB-4'!CH12+'[5]TB-5'!CH12+'[5]TB-6'!CH12+'[5]TB-7'!CH12+'[5]TB-8'!CH12+'[5]TB-9'!CH12+'[5]TB-10'!CH12+'[6]DSV-1'!CH12+'[6]DSV-2'!CH12+'[6]DSV-3'!CH12+'[7]TUB-1'!CH12+'[7]TUB-2'!CH12+'[8]Barge-1'!CH12+'[8]Barge-2'!CH12+'[8]Barge-3'!CH12+'[8]Barge-4'!CH12 -> 0 | AG12: ='[2]AHTS-1'!AQ12+'[2]AHTS-2'!AQ12+'[2]AHTS-3'!AQ12+'[2]AHTS-4'!AQ12+'[2]AHTS-5'!AQ12+'[2]AHTS-6'!AQ12+'[2]AHTS-7'!AQ12+'[2]AHTS-8'!AQ12+'[3]CB-1'!AQ12+'[3]CB-2'!AQ12+'[3]CB-3'!AQ12+'[3]CB-4'!AQ12+'[3]CB-5'!AQ12+'[3]CB-6'!AQ12+'[3]CB-7'!AQ12+'[3]CB-8'!AQ12+'[3]CB-9'!AQ12+'[3]CB-10'!AQ12+'[3]CB-11'!AQ12+'[3]CB-12'!AQ12+'[3]CB-13'!AQ12+'[3]CB-14'!AQ12+'[3]CB-15'!AQ12+'[3]CB-16'!AQ12+'[3]CB-17'!AQ12+'[3]CB-18'!AQ12+'[3]CB-19'!AQ12+'[3]CB-20'!AQ12+'[3]CB-21'!AQ12+'[3]CB-22'!AQ12+'[3]CB-23'!AQ12+'[3]CB-24'!AQ12+'[4]LCT-1'!AQ12+'[4]LCT-2'!AQ12+'[4]LCT-3'!AQ12+'[4]LCT-4'!AQ12+'[4]LCT-5'!AQ12+'[4]LCT-6'!AQ12+'[4]LCT-7'!AQ12+'[4]LCT-8'!AQ12+'[5]TB-1'!AQ12+'[5]TB-2'!AQ12+'[5]TB-3'!AQ12+'[5]TB-4'!AQ12+'[5]TB-5'!AQ12+'[5]TB-6'!AQ12+'[5]TB-7'!AQ12+'[5]TB-8'!AQ12+'[5]TB-9'!AQ12+'[5]TB-10'!AQ12+'[6]DSV-1'!AQ12+'[6]DSV-2'!AQ12+'[6]DSV-3'!AQ12+'[7]TUB-1'!AQ12+'[7]TUB-2'!AQ12+'[8]Barge-1'!AQ12+'[8]Barge-2'!AQ12+'[8]Barge-3'!AQ12+'[8]Barge-4'!AQ12 -> 0 | AH12: ='[2]AHTS-1'!BM12+'[2]AHTS-2'!BM12+'[2]AHTS-3'!BM12+'[2]AHTS-4'!BM12+'[2]AHTS-5'!BM12+'[2]AHTS-6'!BM12+'[2]AHTS-7'!BM12+'[2]AHTS-8'!BM12+'[3]CB-1'!BM12+'[3]CB-2'!BM12+'[3]CB-3'!BM12+'[3]CB-4'!BM12+'[3]CB-5'!BM12+'[3]CB-6'!BM12+'[3]CB-7'!BM12+'[3]CB-8'!BM12+'[3]CB-9'!BM12+'[3]CB-10'!BM12+'[3]CB-11'!BM12+'[3]CB-12'!BM12+'[3]CB-13'!BM12+'[3]CB-14'!BM12+'[3]CB-15'!BM12+'[3]CB-16'!BM12+'[3]CB-17'!BM12+'[3]CB-18'!BM12+'[3]CB-19'!BM12+'[3]CB-20'!BM12+'[3]CB-21'!BM12+'[3]CB-22'!BM12+'[3]CB-23'!BM12+'[3]CB-24'!BM12+'[4]LCT-1'!BM12+'[4]LCT-2'!BM12+'[4]LCT-3'!BM12+'[4]LCT-4'!BM12+'[4]LCT-5'!BM12+'[4]LCT-6'!BM12+'[4]LCT-7'!BM12+'[4]LCT-8'!BM12+'[5]TB-1'!BM12+'[5]TB-2'!BM12+'[5]TB-3'!BM12+'[5]TB-4'!BM12+'[5]TB-5'!BM12+'[5]TB-6'!BM12+'[5]TB-7'!BM12+'[5]TB-8'!BM12+'[5]TB-9'!BM12+'[5]TB-10'!BM12+'[6]DSV-1'!BM12+'[6]DSV-2'!BM12+'[6]DSV-3'!BM12+'[7]TUB-1'!BM12+'[7]TUB-2'!BM12+'[8]Barge-1'!BM12+'[8]Barge-2'!BM12+'[8]Barge-3'!BM12+'[8]Barge-4'!BM12 -> 0 | AI12: ='[2]AHTS-1'!CI12+'[2]AHTS-2'!CI12+'[2]AHTS-3'!CI12+'[2]AHTS-4'!CI12+'[2]AHTS-5'!CI12+'[2]AHTS-6'!CI12+'[2]AHTS-7'!CI12+'[2]AHTS-8'!CI12+'[3]CB-1'!CI12+'[3]CB-2'!CI12+'[3]CB-3'!CI12+'[3]CB-4'!CI12+'[3]CB-5'!CI12+'[3]CB-6'!CI12+'[3]CB-7'!CI12+'[3]CB-8'!CI12+'[3]CB-9'!CI12+'[3]CB-10'!CI12+'[3]CB-11'!CI12+'[3]CB-12'!CI12+'[3]CB-13'!CI12+'[3]CB-14'!CI12+'[3]CB-15'!CI12+'[3]CB-16'!CI12+'[3]CB-17'!CI12+'[3]CB-18'!CI12+'[3]CB-19'!CI12+'[3]CB-20'!CI12+'[3]CB-21'!CI12+'[3]CB-22'!CI12+'[3]CB-23'!CI12+'[3]CB-24'!CI12+'[4]LCT-1'!CI12+'[4]LCT-2'!CI12+'[4]LCT-3'!CI12+'[4]LCT-4'!CI12+'[4]LCT-5'!CI12+'[4]LCT-6'!CI12+'[4]LCT-7'!CI12+'[4]LCT-8'!CI12+'[5]TB-1'!CI12+'[5]TB-2'!CI12+'[5]TB-3'!CI12+'[5]TB-4'!CI12+'[5]TB-5'!CI12+'[5]TB-6'!CI12+'[5]TB-7'!CI12+'[5]TB-8'!CI12+'[5]TB-9'!CI12+'[5]TB-10'!CI12+'[6]DSV-1'!CI12+'[6]DSV-2'!CI12+'[6]DSV-3'!CI12+'[7]TUB-1'!CI12+'[7]TUB-2'!CI12+'[8]Barge-1'!CI12+'[8]Barge-2'!CI12+'[8]Barge-3'!CI12+'[8]Barge-4'!CI12 -> 0 | AJ12: ='[2]AHTS-1'!AR12+'[2]AHTS-2'!AR12+'[2]AHTS-3'!AR12+'[2]AHTS-4'!AR12+'[2]AHTS-5'!AR12+'[2]AHTS-6'!AR12+'[2]AHTS-7'!AR12+'[2]AHTS-8'!AR12+'[3]CB-1'!AR12+'[3]CB-2'!AR12+'[3]CB-3'!AR12+'[3]CB-4'!AR12+'[3]CB-5'!AR12+'[3]CB-6'!AR12+'[3]CB-7'!AR12+'[3]CB-8'!AR12+'[3]CB-9'!AR12+'[3]CB-10'!AR12+'[3]CB-11'!AR12+'[3]CB-12'!AR12+'[3]CB-13'!AR12+'[3]CB-14'!AR12+'[3]CB-15'!AR12+'[3]CB-16'!AR12+'[3]CB-17'!AR12+'[3]CB-18'!AR12+'[3]CB-19'!AR12+'[3]CB-20'!AR12+'[3]CB-21'!AR12+'[3]CB-22'!AR12+'[3]CB-23'!AR12+'[3]CB-24'!AR12+'[4]LCT-1'!AR12+'[4]LCT-2'!AR12+'[4]LCT-3'!AR12+'[4]LCT-4'!AR12+'[4]LCT-5'!AR12+'[4]LCT-6'!AR12+'[4]LCT-7'!AR12+'[4]LCT-8'!AR12+'[5]TB-1'!AR12+'[5]TB-2'!AR12+'[5]TB-3'!AR12+'[5]TB-4'!AR12+'[5]TB-5'!AR12+'[5]TB-6'!AR12+'[5]TB-7'!AR12+'[5]TB-8'!AR12+'[5]TB-9'!AR12+'[5]TB-10'!AR12+'[6]DSV-1'!AR12+'[6]DSV-2'!AR12+'[6]DSV-3'!AR12+'[7]TUB-1'!AR12+'[7]TUB-2'!AR12+'[8]Barge-1'!AR12+'[8]Barge-2'!AR12+'[8]Barge-3'!AR12+'[8]Barge-4'!AR12 -> 0 | AK12: ='[2]AHTS-1'!BN12+'[2]AHTS-2'!BN12+'[2]AHTS-3'!BN12+'[2]AHTS-4'!BN12+'[2]AHTS-5'!BN12+'[2]AHTS-6'!BN12+'[2]AHTS-7'!BN12+'[2]AHTS-8'!BN12+'[3]CB-1'!BN12+'[3]CB-2'!BN12+'[3]CB-3'!BN12+'[3]CB-4'!BN12+'[3]CB-5'!BN12+'[3]CB-6'!BN12+'[3]CB-7'!BN12+'[3]CB-8'!BN12+'[3]CB-9'!BN12+'[3]CB-10'!BN12+'[3]CB-11'!BN12+'[3]CB-12'!BN12+'[3]CB-13'!BN12+'[3]CB-14'!BN12+'[3]CB-15'!BN12+'[3]CB-16'!BN12+'[3]CB-17'!BN12+'[3]CB-18'!BN12+'[3]CB-19'!BN12+'[3]CB-20'!BN12+'[3]CB-21'!BN12+'[3]CB-22'!BN12+'[3]CB-23'!BN12+'[3]CB-24'!BN12+'[4]LCT-1'!BN12+'[4]LCT-2'!BN12+'[4]LCT-3'!BN12+'[4]LCT-4'!BN12+'[4]LCT-5'!BN12+'[4]LCT-6'!BN12+'[4]LCT-7'!BN12+'[4]LCT-8'!BN12+'[5]TB-1'!BN12+'[5]TB-2'!BN12+'[5]TB-3'!BN12+'[5]TB-4'!BN12+'[5]TB-5'!BN12+'[5]TB-6'!BN12+'[5]TB-7'!BN12+'[5]TB-8'!BN12+'[5]TB-9'!BN12+'[5]TB-10'!BN12+'[6]DSV-1'!BN12+'[6]DSV-2'!BN12+'[6]DSV-3'!BN12+'[7]TUB-1'!BN12+'[7]TUB-2'!BN12+'[8]Barge-1'!BN12+'[8]Barge-2'!BN12+'[8]Barge-3'!BN12+'[8]Barge-4'!BN12 -> 0 | AL12: ='[2]AHTS-1'!CJ12+'[2]AHTS-2'!CJ12+'[2]AHTS-3'!CJ12+'[2]AHTS-4'!CJ12+'[2]AHTS-5'!CJ12+'[2]AHTS-6'!CJ12+'[2]AHTS-7'!CJ12+'[2]AHTS-8'!CJ12+'[3]CB-1'!CJ12+'[3]CB-2'!CJ12+'[3]CB-3'!CJ12+'[3]CB-4'!CJ12+'[3]CB-5'!CJ12+'[3]CB-6'!CJ12+'[3]CB-7'!CJ12+'[3]CB-8'!CJ12+'[3]CB-9'!CJ12+'[3]CB-10'!CJ12+'[3]CB-11'!CJ12+'[3]CB-12'!CJ12+'[3]CB-13'!CJ12+'[3]CB-14'!CJ12+'[3]CB-15'!CJ12+'[3]CB-16'!CJ12+'[3]CB-17'!CJ12+'[3]CB-18'!CJ12+'[3]CB-19'!CJ12+'[3]CB-20'!CJ12+'[3]CB-21'!CJ12+'[3]CB-22'!CJ12+'[3]CB-23'!CJ12+'[3]CB-24'!CJ12+'[4]LCT-1'!CJ12+'[4]LCT-2'!CJ12+'[4]LCT-3'!CJ12+'[4]LCT-4'!CJ12+'[4]LCT-5'!CJ12+'[4]LCT-6'!CJ12+'[4]LCT-7'!CJ12+'[4]LCT-8'!CJ12+'[5]TB-1'!CJ12+'[5]TB-2'!CJ12+'[5]TB-3'!CJ12+'[5]TB-4'!CJ12+'[5]TB-5'!CJ12+'[5]TB-6'!CJ12+'[5]TB-7'!CJ12+'[5]TB-8'!CJ12+'[5]TB-9'!CJ12+'[5]TB-10'!CJ12+'[6]DSV-1'!CJ12+'[6]DSV-2'!CJ12+'[6]DSV-3'!CJ12+'[7]TUB-1'!CJ12+'[7]TUB-2'!CJ12+'[8]Barge-1'!CJ12+'[8]Barge-2'!CJ12+'[8]Barge-3'!CJ12+'[8]Barge-4'!CJ12 -> 0 | AM12: ='[2]AHTS-1'!AS12+'[2]AHTS-2'!AS12+'[2]AHTS-3'!AS12+'[2]AHTS-4'!AS12+'[2]AHTS-5'!AS12+'[2]AHTS-6'!AS12+'[2]AHTS-7'!AS12+'[2]AHTS-8'!AS12+'[3]CB-1'!AS12+'[3]CB-2'!AS12+'[3]CB-3'!AS12+'[3]CB-4'!AS12+'[3]CB-5'!AS12+'[3]CB-6'!AS12+'[3]CB-7'!AS12+'[3]CB-8'!AS12+'[3]CB-9'!AS12+'[3]CB-10'!AS12+'[3]CB-11'!AS12+'[3]CB-12'!AS12+'[3]CB-13'!AS12+'[3]CB-14'!AS12+'[3]CB-15'!AS12+'[3]CB-16'!AS12+'[3]CB-17'!AS12+'[3]CB-18'!AS12+'[3]CB-19'!AS12+'[3]CB-20'!AS12+'[3]CB-21'!AS12+'[3]CB-22'!AS12+'[3]CB-23'!AS12+'[3]CB-24'!AS12+'[4]LCT-1'!AS12+'[4]LCT-2'!AS12+'[4]LCT-3'!AS12+'[4]LCT-4'!AS12+'[4]LCT-5'!AS12+'[4]LCT-6'!AS12+'[4]LCT-7'!AS12+'[4]LCT-8'!AS12+'[5]TB-1'!AS12+'[5]TB-2'!AS12+'[5]TB-3'!AS12+'[5]TB-4'!AS12+'[5]TB-5'!AS12+'[5]TB-6'!AS12+'[5]TB-7'!AS12+'[5]TB-8'!AS12+'[5]TB-9'!AS12+'[5]TB-10'!AS12+'[6]DSV-1'!AS12+'[6]DSV-2'!AS12+'[6]DSV-3'!AS12+'[7]TUB-1'!AS12+'[7]TUB-2'!AS12+'[8]Barge-1'!AS12+'[8]Barge-2'!AS12+'[8]Barge-3'!AS12+'[8]Barge-4'!AS12 -> 0 | AN12: ='[2]AHTS-1'!BO12+'[2]AHTS-2'!BO12+'[2]AHTS-3'!BO12+'[2]AHTS-4'!BO12+'[2]AHTS-5'!BO12+'[2]AHTS-6'!BO12+'[2]AHTS-7'!BO12+'[2]AHTS-8'!BO12+'[3]CB-1'!BO12+'[3]CB-2'!BO12+'[3]CB-3'!BO12+'[3]CB-4'!BO12+'[3]CB-5'!BO12+'[3]CB-6'!BO12+'[3]CB-7'!BO12+'[3]CB-8'!BO12+'[3]CB-9'!BO12+'[3]CB-10'!BO12+'[3]CB-11'!BO12+'[3]CB-12'!BO12+'[3]CB-13'!BO12+'[3]CB-14'!BO12+'[3]CB-15'!BO12+'[3]CB-16'!BO12+'[3]CB-17'!BO12+'[3]CB-18'!BO12+'[3]CB-19'!BO12+'[3]CB-20'!BO12+'[3]CB-21'!BO12+'[3]CB-22'!BO12+'[3]CB-23'!BO12+'[3]CB-24'!BO12+'[4]LCT-1'!BO12+'[4]LCT-2'!BO12+'[4]LCT-3'!BO12+'[4]LCT-4'!BO12+'[4]LCT-5'!BO12+'[4]LCT-6'!BO12+'[4]LCT-7'!BO12+'[4]LCT-8'!BO12+'[5]TB-1'!BO12+'[5]TB-2'!BO12+'[5]TB-3'!BO12+'[5]TB-4'!BO12+'[5]TB-5'!BO12+'[5]TB-6'!BO12+'[5]TB-7'!BO12+'[5]TB-8'!BO12+'[5]TB-9'!BO12+'[5]TB-10'!BO12+'[6]DSV-1'!BO12+'[6]DSV-2'!BO12+'[6]DSV-3'!BO12+'[7]TUB-1'!BO12+'[7]TUB-2'!BO12+'[8]Barge-1'!BO12+'[8]Barge-2'!BO12+'[8]Barge-3'!BO12+'[8]Barge-4'!BO12 -> 0 | AO12: ='[2]AHTS-1'!CK12+'[2]AHTS-2'!CK12+'[2]AHTS-3'!CK12+'[2]AHTS-4'!CK12+'[2]AHTS-5'!CK12+'[2]AHTS-6'!CK12+'[2]AHTS-7'!CK12+'[2]AHTS-8'!CK12+'[3]CB-1'!CK12+'[3]CB-2'!CK12+'[3]CB-3'!CK12+'[3]CB-4'!CK12+'[3]CB-5'!CK12+'[3]CB-6'!CK12+'[3]CB-7'!CK12+'[3]CB-8'!CK12+'[3]CB-9'!CK12+'[3]CB-10'!CK12+'[3]CB-11'!CK12+'[3]CB-12'!CK12+'[3]CB-13'!CK12+'[3]CB-14'!CK12+'[3]CB-15'!CK12+'[3]CB-16'!CK12+'[3]CB-17'!CK12+'[3]CB-18'!CK12+'[3]CB-19'!CK12+'[3]CB-20'!CK12+'[3]CB-21'!CK12+'[3]CB-22'!CK12+'[3]CB-23'!CK12+'[3]CB-24'!CK12+'[4]LCT-1'!CK12+'[4]LCT-2'!CK12+'[4]LCT-3'!CK12+'[4]LCT-4'!CK12+'[4]LCT-5'!CK12+'[4]LCT-6'!CK12+'[4]LCT-7'!CK12+'[4]LCT-8'!CK12+'[5]TB-1'!CK12+'[5]TB-2'!CK12+'[5]TB-3'!CK12+'[5]TB-4'!CK12+'[5]TB-5'!CK12+'[5]TB-6'!CK12+'[5]TB-7'!CK12+'[5]TB-8'!CK12+'[5]TB-9'!CK12+'[5]TB-10'!CK12+'[6]DSV-1'!CK12+'[6]DSV-2'!CK12+'[6]DSV-3'!CK12+'[7]TUB-1'!CK12+'[7]TUB-2'!CK12+'[8]Barge-1'!CK12+'[8]Barge-2'!CK12+'[8]Barge-3'!CK12+'[8]Barge-4'!CK12 -> 0 | AR12: =[1]Control!$AZ12 -> 45987 | AT12: ='[2]AHTS-1'!HN50+'[2]AHTS-2'!HN50+'[2]AHTS-3'!HN50+'[2]AHTS-4'!HN50+'[2]AHTS-5'!HN50+'[2]AHTS-6'!HN50+'[2]AHTS-7'!HN50+'[2]AHTS-8'!HN50+'[3]CB-1'!HN50+'[3]CB-2'!HN50+'[3]CB-3'!HN50+'[3]CB-4'!HN50+'[3]CB-5'!HN50+'[3]CB-6'!HN50+'[3]CB-7'!HN50+'[3]CB-8'!HN50+'[3]CB-9'!HN50+'[3]CB-10'!HN50+'[3]CB-11'!HN50+'[3]CB-12'!HN50+'[3]CB-13'!HN50+'[3]CB-14'!HN50+'[3]CB-15'!HN50+'[3]CB-16'!HN50+'[3]CB-17'!HN50+'[3]CB-18'!HN50+'[3]CB-19'!HN50+'[3]CB-20'!HN50+'[3]CB-21'!HN50+'[3]CB-22'!HN50+'[3]CB-23'!HN50+'[3]CB-24'!HN50+'[4]LCT-1'!HN50+'[4]LCT-2'!HN50+'[4]LCT-3'!HN50+'[4]LCT-4'!HN50+'[4]LCT-5'!HN50+'[4]LCT-6'!HN50+'[4]LCT-7'!HN50+'[4]LCT-8'!HN50+'[5]TB-1'!HN50+'[5]TB-2'!HN50+'[5]TB-3'!HN50+'[5]TB-4'!HN50+'[5]TB-5'!HN50+'[5]TB-6'!HN50+'[5]TB-7'!HN50+'[5]TB-8'!HN50+'[5]TB-9'!HN50+'[5]TB-10'!HN50+'[6]DSV-1'!HN50+'[6]DSV-2'!HN50+'[6]DSV-3'!HN50+'[7]TUB-1'!HN50+'[7]TUB-2'!HN50+'[8]Barge-1'!HN50+'[8]Barge-2'!HN50+'[8]Barge-3'!HN50+'[8]Barge-4'!HN50 -> 0 | AU12: ='[2]AHTS-1'!HN12+'[2]AHTS-2'!HN12+'[2]AHTS-3'!HN12+'[2]AHTS-4'!HN12+'[2]AHTS-5'!HN12+'[2]AHTS-6'!HN12+'[2]AHTS-7'!HN12+'[2]AHTS-8'!HN12+'[3]CB-1'!HN12+'[3]CB-2'!HN12+'[3]CB-3'!HN12+'[3]CB-4'!HN12+'[3]CB-5'!HN12+'[3]CB-6'!HN12+'[3]CB-7'!HN12+'[3]CB-8'!HN12+'[3]CB-9'!HN12+'[3]CB-10'!HN12+'[3]CB-11'!HN12+'[3]CB-12'!HN12+'[3]CB-13'!HN12+'[3]CB-14'!HN12+'[3]CB-15'!HN12+'[3]CB-16'!HN12+'[3]CB-17'!HN12+'[3]CB-18'!HN12+'[3]CB-19'!HN12+'[3]CB-20'!HN12+'[3]CB-21'!HN12+'[3]CB-22'!HN12+'[3]CB-23'!HN12+'[3]CB-24'!HN12+'[4]LCT-1'!HN12+'[4]LCT-2'!HN12+'[4]LCT-3'!HN12+'[4]LCT-4'!HN12+'[4]LCT-5'!HN12+'[4]LCT-6'!HN12+'[4]LCT-7'!HN12+'[4]LCT-8'!HN12+'[5]TB-1'!HN12+'[5]TB-2'!HN12+'[5]TB-3'!HN12+'[5]TB-4'!HN12+'[5]TB-5'!HN12+'[5]TB-6'!HN12+'[5]TB-7'!HN12+'[5]TB-8'!HN12+'[5]TB-9'!HN12+'[5]TB-10'!HN12+'[6]DSV-1'!HN12+'[6]DSV-2'!HN12+'[6]DSV-3'!HN12+'[7]TUB-1'!HN12+'[7]TUB-2'!HN12+'[8]Barge-1'!HN12+'[8]Barge-2'!HN12+'[8]Barge-3'!HN12+'[8]Barge-4'!HN12 -> 0 | AV12: ='[2]AHTS-1'!HN83+'[2]AHTS-2'!HN83+'[2]AHTS-3'!HN83+'[2]AHTS-4'!HN83+'[2]AHTS-5'!HN83+'[2]AHTS-6'!HN83+'[2]AHTS-7'!HN83+'[2]AHTS-8'!HN83+'[3]CB-1'!HN83+'[3]CB-2'!HN83+'[3]CB-3'!HN83+'[3]CB-4'!HN83+'[3]CB-5'!HN83+'[3]CB-6'!HN83+'[3]CB-7'!HN83+'[3]CB-8'!HN83+'[3]CB-9'!HN83+'[3]CB-10'!HN83+'[3]CB-11'!HN83+'[3]CB-12'!HN83+'[3]CB-13'!HN83+'[3]CB-14'!HN83+'[3]CB-15'!HN83+'[3]CB-16'!HN83+'[3]CB-17'!HN83+'[3]CB-18'!HN83+'[3]CB-19'!HN83+'[3]CB-20'!HN83+'[3]CB-21'!HN83+'[3]CB-22'!HN83+'[3]CB-23'!HN83+'[3]CB-24'!HN83+'[4]LCT-1'!HN83+'[4]LCT-2'!HN83+'[4]LCT-3'!HN83+'[4]LCT-4'!HN83+'[4]LCT-5'!HN83+'[4]LCT-6'!HN83+'[4]LCT-7'!HN83+'[4]LCT-8'!HN83+'[5]TB-1'!HN83+'[5]TB-2'!HN83+'[5]TB-3'!HN83+'[5]TB-4'!HN83+'[5]TB-5'!HN83+'[5]TB-6'!HN83+'[5]TB-7'!HN83+'[5]TB-8'!HN83+'[5]TB-9'!HN83+'[5]TB-10'!HN83+'[6]DSV-1'!HN83+'[6]DSV-2'!HN83+'[6]DSV-3'!HN83+'[7]TUB-1'!HN83+'[7]TUB-2'!HN83+'[8]Barge-1'!HN83+'[8]Barge-2'!HN83+'[8]Barge-3'!HN83+'[8]Barge-4'!HN83 -> 0 | AW12: ='[2]AHTS-1'!HO50+'[2]AHTS-2'!HO50+'[2]AHTS-3'!HO50+'[2]AHTS-4'!HO50+'[2]AHTS-5'!HO50+'[2]AHTS-6'!HO50+'[2]AHTS-7'!HO50+'[2]AHTS-8'!HO50+'[3]CB-1'!HO50+'[3]CB-2'!HO50+'[3]CB-3'!HO50+'[3]CB-4'!HO50+'[3]CB-5'!HO50+'[3]CB-6'!HO50+'[3]CB-7'!HO50+'[3]CB-8'!HO50+'[3]CB-9'!HO50+'[3]CB-10'!HO50+'[3]CB-11'!HO50+'[3]CB-12'!HO50+'[3]CB-13'!HO50+'[3]CB-14'!HO50+'[3]CB-15'!HO50+'[3]CB-16'!HO50+'[3]CB-17'!HO50+'[3]CB-18'!HO50+'[3]CB-19'!HO50+'[3]CB-20'!HO50+'[3]CB-21'!HO50+'[3]CB-22'!HO50+'[3]CB-23'!HO50+'[3]CB-24'!HO50+'[4]LCT-1'!HO50+'[4]LCT-2'!HO50+'[4]LCT-3'!HO50+'[4]LCT-4'!HO50+'[4]LCT-5'!HO50+'[4]LCT-6'!HO50+'[4]LCT-7'!HO50+'[4]LCT-8'!HO50+'[5]TB-1'!HO50+'[5]TB-2'!HO50+'[5]TB-3'!HO50+'[5]TB-4'!HO50+'[5]TB-5'!HO50+'[5]TB-6'!HO50+'[5]TB-7'!HO50+'[5]TB-8'!HO50+'[5]TB-9'!HO50+'[5]TB-10'!HO50+'[6]DSV-1'!HO50+'[6]DSV-2'!HO50+'[6]DSV-3'!HO50+'[7]TUB-1'!HO50+'[7]TUB-2'!HO50+'[8]Barge-1'!HO50+'[8]Barge-2'!HO50+'[8]Barge-3'!HO50+'[8]Barge-4'!HO50 -> 0 | AX12: ='[2]AHTS-1'!HO12+'[2]AHTS-2'!HO12+'[2]AHTS-3'!HO12+'[2]AHTS-4'!HO12+'[2]AHTS-5'!HO12+'[2]AHTS-6'!HO12+'[2]AHTS-7'!HO12+'[2]AHTS-8'!HO12+'[3]CB-1'!HO12+'[3]CB-2'!HO12+'[3]CB-3'!HO12+'[3]CB-4'!HO12+'[3]CB-5'!HO12+'[3]CB-6'!HO12+'[3]CB-7'!HO12+'[3]CB-8'!HO12+'[3]CB-9'!HO12+'[3]CB-10'!HO12+'[3]CB-11'!HO12+'[3]CB-12'!HO12+'[3]CB-13'!HO12+'[3]CB-14'!HO12+'[3]CB-15'!HO12+'[3]CB-16'!HO12+'[3]CB-17'!HO12+'[3]CB-18'!HO12+'[3]CB-19'!HO12+'[3]CB-20'!HO12+'[3]CB-21'!HO12+'[3]CB-22'!HO12+'[3]CB-23'!HO12+'[3]CB-24'!HO12+'[4]LCT-1'!HO12+'[4]LCT-2'!HO12+'[4]LCT-3'!HO12+'[4]LCT-4'!HO12+'[4]LCT-5'!HO12+'[4]LCT-6'!HO12+'[4]LCT-7'!HO12+'[4]LCT-8'!HO12+'[5]TB-1'!HO12+'[5]TB-2'!HO12+'[5]TB-3'!HO12+'[5]TB-4'!HO12+'[5]TB-5'!HO12+'[5]TB-6'!HO12+'[5]TB-7'!HO12+'[5]TB-8'!HO12+'[5]TB-9'!HO12+'[5]TB-10'!HO12+'[6]DSV-1'!HO12+'[6]DSV-2'!HO12+'[6]DSV-3'!HO12+'[7]TUB-1'!HO12+'[7]TUB-2'!HO12+'[8]Barge-1'!HO12+'[8]Barge-2'!HO12+'[8]Barge-3'!HO12+'[8]Barge-4'!HO12 -> 0 | AY12: ='[2]AHTS-1'!HO83+'[2]AHTS-2'!HO83+'[2]AHTS-3'!HO83+'[2]AHTS-4'!HO83+'[2]AHTS-5'!HO83+'[2]AHTS-6'!HO83+'[2]AHTS-7'!HO83+'[2]AHTS-8'!HO83+'[3]CB-1'!HO83+'[3]CB-2'!HO83+'[3]CB-3'!HO83+'[3]CB-4'!HO83+'[3]CB-5'!HO83+'[3]CB-6'!HO83+'[3]CB-7'!HO83+'[3]CB-8'!HO83+'[3]CB-9'!HO83+'[3]CB-10'!HO83+'[3]CB-11'!HO83+'[3]CB-12'!HO83+'[3]CB-13'!HO83+'[3]CB-14'!HO83+'[3]CB-15'!HO83+'[3]CB-16'!HO83+'[3]CB-17'!HO83+'[3]CB-18'!HO83+'[3]CB-19'!HO83+'[3]CB-20'!HO83+'[3]CB-21'!HO83+'[3]CB-22'!HO83+'[3]CB-23'!HO83+'[3]CB-24'!HO83+'[4]LCT-1'!HO83+'[4]LCT-2'!HO83+'[4]LCT-3'!HO83+'[4]LCT-4'!HO83+'[4]LCT-5'!HO83+'[4]LCT-6'!HO83+'[4]LCT-7'!HO83+'[4]LCT-8'!HO83+'[5]TB-1'!HO83+'[5]TB-2'!HO83+'[5]TB-3'!HO83+'[5]TB-4'!HO83+'[5]TB-5'!HO83+'[5]TB-6'!HO83+'[5]TB-7'!HO83+'[5]TB-8'!HO83+'[5]TB-9'!HO83+'[5]TB-10'!HO83+'[6]DSV-1'!HO83+'[6]DSV-2'!HO83+'[6]DSV-3'!HO83+'[7]TUB-1'!HO83+'[7]TUB-2'!HO83+'[8]Barge-1'!HO83+'[8]Barge-2'!HO83+'[8]Barge-3'!HO83+'[8]Barge-4'!HO83 -> 0 | AZ12: ='[2]AHTS-1'!HP50+'[2]AHTS-2'!HP50+'[2]AHTS-3'!HP50+'[2]AHTS-4'!HP50+'[2]AHTS-5'!HP50+'[2]AHTS-6'!HP50+'[2]AHTS-7'!HP50+'[2]AHTS-8'!HP50+'[3]CB-1'!HP50+'[3]CB-2'!HP50+'[3]CB-3'!HP50+'[3]CB-4'!HP50+'[3]CB-5'!HP50+'[3]CB-6'!HP50+'[3]CB-7'!HP50+'[3]CB-8'!HP50+'[3]CB-9'!HP50+'[3]CB-10'!HP50+'[3]CB-11'!HP50+'[3]CB-12'!HP50+'[3]CB-13'!HP50+'[3]CB-14'!HP50+'[3]CB-15'!HP50+'[3]CB-16'!HP50+'[3]CB-17'!HP50+'[3]CB-18'!HP50+'[3]CB-19'!HP50+'[3]CB-20'!HP50+'[3]CB-21'!HP50+'[3]CB-22'!HP50+'[3]CB-23'!HP50+'[3]CB-24'!HP50+'[4]LCT-1'!HP50+'[4]LCT-2'!HP50+'[4]LCT-3'!HP50+'[4]LCT-4'!HP50+'[4]LCT-5'!HP50+'[4]LCT-6'!HP50+'[4]LCT-7'!HP50+'[4]LCT-8'!HP50+'[5]TB-1'!HP50+'[5]TB-2'!HP50+'[5]TB-3'!HP50+'[5]TB-4'!HP50+'[5]TB-5'!HP50+'[5]TB-6'!HP50+'[5]TB-7'!HP50+'[5]TB-8'!HP50+'[5]TB-9'!HP50+'[5]TB-10'!HP50+'[6]DSV-1'!HP50+'[6]DSV-2'!HP50+'[6]DSV-3'!HP50+'[7]TUB-1'!HP50+'[7]TUB-2'!HP50+'[8]Barge-1'!HP50+'[8]Barge-2'!HP50+'[8]Barge-3'!HP50+'[8]Barge-4'!HP50 -> 77522692 | BA12: ='[2]AHTS-1'!HP12+'[2]AHTS-2'!HP12+'[2]AHTS-3'!HP12+'[2]AHTS-4'!HP12+'[2]AHTS-5'!HP12+'[2]AHTS-6'!HP12+'[2]AHTS-7'!HP12+'[2]AHTS-8'!HP12+'[3]CB-1'!HP12+'[3]CB-2'!HP12+'[3]CB-3'!HP12+'[3]CB-4'!HP12+'[3]CB-5'!HP12+'[3]CB-6'!HP12+'[3]CB-7'!HP12+'[3]CB-8'!HP12+'[3]CB-9'!HP12+'[3]CB-10'!HP12+'[3]CB-11'!HP12+'[3]CB-12'!HP12+'[3]CB-13'!HP12+'[3]CB-14'!HP12+'[3]CB-15'!HP12+'[3]CB-16'!HP12+'[3]CB-17'!HP12+'[3]CB-18'!HP12+'[3]CB-19'!HP12+'[3]CB-20'!HP12+'[3]CB-21'!HP12+'[3]CB-22'!HP12+'[3]CB-23'!HP12+'[3]CB-24'!HP12+'[4]LCT-1'!HP12+'[4]LCT-2'!HP12+'[4]LCT-3'!HP12+'[4]LCT-4'!HP12+'[4]LCT-5'!HP12+'[4]LCT-6'!HP12+'[4]LCT-7'!HP12+'[4]LCT-8'!HP12+'[5]TB-1'!HP12+'[5]TB-2'!HP12+'[5]TB-3'!HP12+'[5]TB-4'!HP12+'[5]TB-5'!HP12+'[5]TB-6'!HP12+'[5]TB-7'!HP12+'[5]TB-8'!HP12+'[5]TB-9'!HP12+'[5]TB-10'!HP12+'[6]DSV-1'!HP12+'[6]DSV-2'!HP12+'[6]DSV-3'!HP12+'[7]TUB-1'!HP12+'[7]TUB-2'!HP12+'[8]Barge-1'!HP12+'[8]Barge-2'!HP12+'[8]Barge-3'!HP12+'[8]Barge-4'!HP12 -> 83650000 | BB12: ='[2]AHTS-1'!HP83+'[2]AHTS-2'!HP83+'[2]AHTS-3'!HP83+'[2]AHTS-4'!HP83+'[2]AHTS-5'!HP83+'[2]AHTS-6'!HP83+'[2]AHTS-7'!HP83+'[2]AHTS-8'!HP83+'[3]CB-1'!HP83+'[3]CB-2'!HP83+'[3]CB-3'!HP83+'[3]CB-4'!HP83+'[3]CB-5'!HP83+'[3]CB-6'!HP83+'[3]CB-7'!HP83+'[3]CB-8'!HP83+'[3]CB-9'!HP83+'[3]CB-10'!HP83+'[3]CB-11'!HP83+'[3]CB-12'!HP83+'[3]CB-13'!HP83+'[3]CB-14'!HP83+'[3]CB-15'!HP83+'[3]CB-16'!HP83+'[3]CB-17'!HP83+'[3]CB-18'!HP83+'[3]CB-19'!HP83+'[3]CB-20'!HP83+'[3]CB-21'!HP83+'[3]CB-22'!HP83+'[3]CB-23'!HP83+'[3]CB-24'!HP83+'[4]LCT-1'!HP83+'[4]LCT-2'!HP83+'[4]LCT-3'!HP83+'[4]LCT-4'!HP83+'[4]LCT-5'!HP83+'[4]LCT-6'!HP83+'[4]LCT-7'!HP83+'[4]LCT-8'!HP83+'[5]TB-1'!HP83+'[5]TB-2'!HP83+'[5]TB-3'!HP83+'[5]TB-4'!HP83+'[5]TB-5'!HP83+'[5]TB-6'!HP83+'[5]TB-7'!HP83+'[5]TB-8'!HP83+'[5]TB-9'!HP83+'[5]TB-10'!HP83+'[6]DSV-1'!HP83+'[6]DSV-2'!HP83+'[6]DSV-3'!HP83+'[7]TUB-1'!HP83+'[7]TUB-2'!HP83+'[8]Barge-1'!HP83+'[8]Barge-2'!HP83+'[8]Barge-3'!HP83+'[8]Barge-4'!HP83 -> 0 | BC12: ='[2]AHTS-1'!HQ50+'[2]AHTS-2'!HQ50+'[2]AHTS-3'!HQ50+'[2]AHTS-4'!HQ50+'[2]AHTS-5'!HQ50+'[2]AHTS-6'!HQ50+'[2]AHTS-7'!HQ50+'[2]AHTS-8'!HQ50+'[3]CB-1'!HQ50+'[3]CB-2'!HQ50+'[3]CB-3'!HQ50+'[3]CB-4'!HQ50+'[3]CB-5'!HQ50+'[3]CB-6'!HQ50+'[3]CB-7'!HQ50+'[3]CB-8'!HQ50+'[3]CB-9'!HQ50+'[3]CB-10'!HQ50+'[3]CB-11'!HQ50+'[3]CB-12'!HQ50+'[3]CB-13'!HQ50+'[3]CB-14'!HQ50+'[3]CB-15'!HQ50+'[3]CB-16'!HQ50+'[3]CB-17'!HQ50+'[3]CB-18'!HQ50+'[3]CB-19'!HQ50+'[3]CB-20'!HQ50+'[3]CB-21'!HQ50+'[3]CB-22'!HQ50+'[3]CB-23'!HQ50+'[3]CB-24'!HQ50+'[4]LCT-1'!HQ50+'[4]LCT-2'!HQ50+'[4]LCT-3'!HQ50+'[4]LCT-4'!HQ50+'[4]LCT-5'!HQ50+'[4]LCT-6'!HQ50+'[4]LCT-7'!HQ50+'[4]LCT-8'!HQ50+'[5]TB-1'!HQ50+'[5]TB-2'!HQ50+'[5]TB-3'!HQ50+'[5]TB-4'!HQ50+'[5]TB-5'!HQ50+'[5]TB-6'!HQ50+'[5]TB-7'!HQ50+'[5]TB-8'!HQ50+'[5]TB-9'!HQ50+'[5]TB-10'!HQ50+'[6]DSV-1'!HQ50+'[6]DSV-2'!HQ50+'[6]DSV-3'!HQ50+'[7]TUB-1'!HQ50+'[7]TUB-2'!HQ50+'[8]Barge-1'!HQ50+'[8]Barge-2'!HQ50+'[8]Barge-3'!HQ50+'[8]Barge-4'!HQ50 -> 8403383.3 | BD12: ='[2]AHTS-1'!HQ12+'[2]AHTS-2'!HQ12+'[2]AHTS-3'!HQ12+'[2]AHTS-4'!HQ12+'[2]AHTS-5'!HQ12+'[2]AHTS-6'!HQ12+'[2]AHTS-7'!HQ12+'[2]AHTS-8'!HQ12+'[3]CB-1'!HQ12+'[3]CB-2'!HQ12+'[3]CB-3'!HQ12+'[3]CB-4'!HQ12+'[3]CB-5'!HQ12+'[3]CB-6'!HQ12+'[3]CB-7'!HQ12+'[3]CB-8'!HQ12+'[3]CB-9'!HQ12+'[3]CB-10'!HQ12+'[3]CB-11'!HQ12+'[3]CB-12'!HQ12+'[3]CB-13'!HQ12+'[3]CB-14'!HQ12+'[3]CB-15'!HQ12+'[3]CB-16'!HQ12+'[3]CB-17'!HQ12+'[3]CB-18'!HQ12+'[3]CB-19'!HQ12+'[3]CB-20'!HQ12+'[3]CB-21'!HQ12+'[3]CB-22'!HQ12+'[3]CB-23'!HQ12+'[3]CB-24'!HQ12+'[4]LCT-1'!HQ12+'[4]LCT-2'!HQ12+'[4]LCT-3'!HQ12+'[4]LCT-4'!HQ12+'[4]LCT-5'!HQ12+'[4]LCT-6'!HQ12+'[4]LCT-7'!HQ12+'[4]LCT-8'!HQ12+'[5]TB-1'!HQ12+'[5]TB-2'!HQ12+'[5]TB-3'!HQ12+'[5]TB-4'!HQ12+'[5]TB-5'!HQ12+'[5]TB-6'!HQ12+'[5]TB-7'!HQ12+'[5]TB-8'!HQ12+'[5]TB-9'!HQ12+'[5]TB-10'!HQ12+'[6]DSV-1'!HQ12+'[6]DSV-2'!HQ12+'[6]DSV-3'!HQ12+'[7]TUB-1'!HQ12+'[7]TUB-2'!HQ12+'[8]Barge-1'!HQ12+'[8]Barge-2'!HQ12+'[8]Barge-3'!HQ12+'[8]Barge-4'!HQ12 -> 8500000 | BE12: ='[2]AHTS-1'!HQ83+'[2]AHTS-2'!HQ83+'[2]AHTS-3'!HQ83+'[2]AHTS-4'!HQ83+'[2]AHTS-5'!HQ83+'[2]AHTS-6'!HQ83+'[2]AHTS-7'!HQ83+'[2]AHTS-8'!HQ83+'[3]CB-1'!HQ83+'[3]CB-2'!HQ83+'[3]CB-3'!HQ83+'[3]CB-4'!HQ83+'[3]CB-5'!HQ83+'[3]CB-6'!HQ83+'[3]CB-7'!HQ83+'[3]CB-8'!HQ83+'[3]CB-9'!HQ83+'[3]CB-10'!HQ83+'[3]CB-11'!HQ83+'[3]CB-12'!HQ83+'[3]CB-13'!HQ83+'[3]CB-14'!HQ83+'[3]CB-15'!HQ83+'[3]CB-16'!HQ83+'[3]CB-17'!HQ83+'[3]CB-18'!HQ83+'[3]CB-19'!HQ83+'[3]CB-20'!HQ83+'[3]CB-21'!HQ83+'[3]CB-22'!HQ83+'[3]CB-23'!HQ83+'[3]CB-24'!HQ83+'[4]LCT-1'!HQ83+'[4]LCT-2'!HQ83+'[4]LCT-3'!HQ83+'[4]LCT-4'!HQ83+'[4]LCT-5'!HQ83+'[4]LCT-6'!HQ83+'[4]LCT-7'!HQ83+'[4]LCT-8'!HQ83+'[5]TB-1'!HQ83+'[5]TB-2'!HQ83+'[5]TB-3'!HQ83+'[5]TB-4'!HQ83+'[5]TB-5'!HQ83+'[5]TB-6'!HQ83+'[5]TB-7'!HQ83+'[5]TB-8'!HQ83+'[5]TB-9'!HQ83+'[5]TB-10'!HQ83+'[6]DSV-1'!HQ83+'[6]DSV-2'!HQ83+'[6]DSV-3'!HQ83+'[7]TUB-1'!HQ83+'[7]TUB-2'!HQ83+'[8]Barge-1'!HQ83+'[8]Barge-2'!HQ83+'[8]Barge-3'!HQ83+'[8]Barge-4'!HQ83 -> 0 | BF12: ='[2]AHTS-1'!HR50+'[2]AHTS-2'!HR50+'[2]AHTS-3'!HR50+'[2]AHTS-4'!HR50+'[2]AHTS-5'!HR50+'[2]AHTS-6'!HR50+'[2]AHTS-7'!HR50+'[2]AHTS-8'!HR50+'[3]CB-1'!HR50+'[3]CB-2'!HR50+'[3]CB-3'!HR50+'[3]CB-4'!HR50+'[3]CB-5'!HR50+'[3]CB-6'!HR50+'[3]CB-7'!HR50+'[3]CB-8'!HR50+'[3]CB-9'!HR50+'[3]CB-10'!HR50+'[3]CB-11'!HR50+'[3]CB-12'!HR50+'[3]CB-13'!HR50+'[3]CB-14'!HR50+'[3]CB-15'!HR50+'[3]CB-16'!HR50+'[3]CB-17'!HR50+'[3]CB-18'!HR50+'[3]CB-19'!HR50+'[3]CB-20'!HR50+'[3]CB-21'!HR50+'[3]CB-22'!HR50+'[3]CB-23'!HR50+'[3]CB-24'!HR50+'[4]LCT-1'!HR50+'[4]LCT-2'!HR50+'[4]LCT-3'!HR50+'[4]LCT-4'!HR50+'[4]LCT-5'!HR50+'[4]LCT-6'!HR50+'[4]LCT-7'!HR50+'[4]LCT-8'!HR50+'[5]TB-1'!HR50+'[5]TB-2'!HR50+'[5]TB-3'!HR50+'[5]TB-4'!HR50+'[5]TB-5'!HR50+'[5]TB-6'!HR50+'[5]TB-7'!HR50+'[5]TB-8'!HR50+'[5]TB-9'!HR50+'[5]TB-10'!HR50+'[6]DSV-1'!HR50+'[6]DSV-2'!HR50+'[6]DSV-3'!HR50+'[7]TUB-1'!HR50+'[7]TUB-2'!HR50+'[8]Barge-1'!HR50+'[8]Barge-2'!HR50+'[8]Barge-3'!HR50+'[8]Barge-4'!HR50 -> 0 | BG12: ='[2]AHTS-1'!HR12+'[2]AHTS-2'!HR12+'[2]AHTS-3'!HR12+'[2]AHTS-4'!HR12+'[2]AHTS-5'!HR12+'[2]AHTS-6'!HR12+'[2]AHTS-7'!HR12+'[2]AHTS-8'!HR12+'[3]CB-1'!HR12+'[3]CB-2'!HR12+'[3]CB-3'!HR12+'[3]CB-4'!HR12+'[3]CB-5'!HR12+'[3]CB-6'!HR12+'[3]CB-7'!HR12+'[3]CB-8'!HR12+'[3]CB-9'!HR12+'[3]CB-10'!HR12+'[3]CB-11'!HR12+'[3]CB-12'!HR12+'[3]CB-13'!HR12+'[3]CB-14'!HR12+'[3]CB-15'!HR12+'[3]CB-16'!HR12+'[3]CB-17'!HR12+'[3]CB-18'!HR12+'[3]CB-19'!HR12+'[3]CB-20'!HR12+'[3]CB-21'!HR12+'[3]CB-22'!HR12+'[3]CB-23'!HR12+'[3]CB-24'!HR12+'[4]LCT-1'!HR12+'[4]LCT-2'!HR12+'[4]LCT-3'!HR12+'[4]LCT-4'!HR12+'[4]LCT-5'!HR12+'[4]LCT-6'!HR12+'[4]LCT-7'!HR12+'[4]LCT-8'!HR12+'[5]TB-1'!HR12+'[5]TB-2'!HR12+'[5]TB-3'!HR12+'[5]TB-4'!HR12+'[5]TB-5'!HR12+'[5]TB-6'!HR12+'[5]TB-7'!HR12+'[5]TB-8'!HR12+'[5]TB-9'!HR12+'[5]TB-10'!HR12+'[6]DSV-1'!HR12+'[6]DSV-2'!HR12+'[6]DSV-3'!HR12+'[7]TUB-1'!HR12+'[7]TUB-2'!HR12+'[8]Barge-1'!HR12+'[8]Barge-2'!HR12+'[8]Barge-3'!HR12+'[8]Barge-4'!HR12 -> 0 | BH12: ='[2]AHTS-1'!HR83+'[2]AHTS-2'!HR83+'[2]AHTS-3'!HR83+'[2]AHTS-4'!HR83+'[2]AHTS-5'!HR83+'[2]AHTS-6'!HR83+'[2]AHTS-7'!HR83+'[2]AHTS-8'!HR83+'[3]CB-1'!HR83+'[3]CB-2'!HR83+'[3]CB-3'!HR83+'[3]CB-4'!HR83+'[3]CB-5'!HR83+'[3]CB-6'!HR83+'[3]CB-7'!HR83+'[3]CB-8'!HR83+'[3]CB-9'!HR83+'[3]CB-10'!HR83+'[3]CB-11'!HR83+'[3]CB-12'!HR83+'[3]CB-13'!HR83+'[3]CB-14'!HR83+'[3]CB-15'!HR83+'[3]CB-16'!HR83+'[3]CB-17'!HR83+'[3]CB-18'!HR83+'[3]CB-19'!HR83+'[3]CB-20'!HR83+'[3]CB-21'!HR83+'[3]CB-22'!HR83+'[3]CB-23'!HR83+'[3]CB-24'!HR83+'[4]LCT-1'!HR83+'[4]LCT-2'!HR83+'[4]LCT-3'!HR83+'[4]LCT-4'!HR83+'[4]LCT-5'!HR83+'[4]LCT-6'!HR83+'[4]LCT-7'!HR83+'[4]LCT-8'!HR83+'[5]TB-1'!HR83+'[5]TB-2'!HR83+'[5]TB-3'!HR83+'[5]TB-4'!HR83+'[5]TB-5'!HR83+'[5]TB-6'!HR83+'[5]TB-7'!HR83+'[5]TB-8'!HR83+'[5]TB-9'!HR83+'[5]TB-10'!HR83+'[6]DSV-1'!HR83+'[6]DSV-2'!HR83+'[6]DSV-3'!HR83+'[7]TUB-1'!HR83+'[7]TUB-2'!HR83+'[8]Barge-1'!HR83+'[8]Barge-2'!HR83+'[8]Barge-3'!HR83+'[8]Barge-4'!HR83 -> 0 | BI12: ='[2]AHTS-1'!HS50+'[2]AHTS-2'!HS50+'[2]AHTS-3'!HS50+'[2]AHTS-4'!HS50+'[2]AHTS-5'!HS50+'[2]AHTS-6'!HS50+'[2]AHTS-7'!HS50+'[2]AHTS-8'!HS50+'[3]CB-1'!HS50+'[3]CB-2'!HS50+'[3]CB-3'!HS50+'[3]CB-4'!HS50+'[3]CB-5'!HS50+'[3]CB-6'!HS50+'[3]CB-7'!HS50+'[3]CB-8'!HS50+'[3]CB-9'!HS50+'[3]CB-10'!HS50+'[3]CB-11'!HS50+'[3]CB-12'!HS50+'[3]CB-13'!HS50+'[3]CB-14'!HS50+'[3]CB-15'!HS50+'[3]CB-16'!HS50+'[3]CB-17'!HS50+'[3]CB-18'!HS50+'[3]CB-19'!HS50+'[3]CB-20'!HS50+'[3]CB-21'!HS50+'[3]CB-22'!HS50+'[3]CB-23'!HS50+'[3]CB-24'!HS50+'[4]LCT-1'!HS50+'[4]LCT-2'!HS50+'[4]LCT-3'!HS50+'[4]LCT-4'!HS50+'[4]LCT-5'!HS50+'[4]LCT-6'!HS50+'[4]LCT-7'!HS50+'[4]LCT-8'!HS50+'[5]TB-1'!HS50+'[5]TB-2'!HS50+'[5]TB-3'!HS50+'[5]TB-4'!HS50+'[5]TB-5'!HS50+'[5]TB-6'!HS50+'[5]TB-7'!HS50+'[5]TB-8'!HS50+'[5]TB-9'!HS50+'[5]TB-10'!HS50+'[6]DSV-1'!HS50+'[6]DSV-2'!HS50+'[6]DSV-3'!HS50+'[7]TUB-1'!HS50+'[7]TUB-2'!HS50+'[8]Barge-1'!HS50+'[8]Barge-2'!HS50+'[8]Barge-3'!HS50+'[8]Barge-4'!HS50 -> 0 | BJ12: ='[2]AHTS-1'!HS12+'[2]AHTS-2'!HS12+'[2]AHTS-3'!HS12+'[2]AHTS-4'!HS12+'[2]AHTS-5'!HS12+'[2]AHTS-6'!HS12+'[2]AHTS-7'!HS12+'[2]AHTS-8'!HS12+'[3]CB-1'!HS12+'[3]CB-2'!HS12+'[3]CB-3'!HS12+'[3]CB-4'!HS12+'[3]CB-5'!HS12+'[3]CB-6'!HS12+'[3]CB-7'!HS12+'[3]CB-8'!HS12+'[3]CB-9'!HS12+'[3]CB-10'!HS12+'[3]CB-11'!HS12+'[3]CB-12'!HS12+'[3]CB-13'!HS12+'[3]CB-14'!HS12+'[3]CB-15'!HS12+'[3]CB-16'!HS12+'[3]CB-17'!HS12+'[3]CB-18'!HS12+'[3]CB-19'!HS12+'[3]CB-20'!HS12+'[3]CB-21'!HS12+'[3]CB-22'!HS12+'[3]CB-23'!HS12+'[3]CB-24'!HS12+'[4]LCT-1'!HS12+'[4]LCT-2'!HS12+'[4]LCT-3'!HS12+'[4]LCT-4'!HS12+'[4]LCT-5'!HS12+'[4]LCT-6'!HS12+'[4]LCT-7'!HS12+'[4]LCT-8'!HS12+'[5]TB-1'!HS12+'[5]TB-2'!HS12+'[5]TB-3'!HS12+'[5]TB-4'!HS12+'[5]TB-5'!HS12+'[5]TB-6'!HS12+'[5]TB-7'!HS12+'[5]TB-8'!HS12+'[5]TB-9'!HS12+'[5]TB-10'!HS12+'[6]DSV-1'!HS12+'[6]DSV-2'!HS12+'[6]DSV-3'!HS12+'[7]TUB-1'!HS12+'[7]TUB-2'!HS12+'[8]Barge-1'!HS12+'[8]Barge-2'!HS12+'[8]Barge-3'!HS12+'[8]Barge-4'!HS12 -> 0 | BK12: ='[2]AHTS-1'!HS83+'[2]AHTS-2'!HS83+'[2]AHTS-3'!HS83+'[2]AHTS-4'!HS83+'[2]AHTS-5'!HS83+'[2]AHTS-6'!HS83+'[2]AHTS-7'!HS83+'[2]AHTS-8'!HS83+'[3]CB-1'!HS83+'[3]CB-2'!HS83+'[3]CB-3'!HS83+'[3]CB-4'!HS83+'[3]CB-5'!HS83+'[3]CB-6'!HS83+'[3]CB-7'!HS83+'[3]CB-8'!HS83+'[3]CB-9'!HS83+'[3]CB-10'!HS83+'[3]CB-11'!HS83+'[3]CB-12'!HS83+'[3]CB-13'!HS83+'[3]CB-14'!HS83+'[3]CB-15'!HS83+'[3]CB-16'!HS83+'[3]CB-17'!HS83+'[3]CB-18'!HS83+'[3]CB-19'!HS83+'[3]CB-20'!HS83+'[3]CB-21'!HS83+'[3]CB-22'!HS83+'[3]CB-23'!HS83+'[3]CB-24'!HS83+'[4]LCT-1'!HS83+'[4]LCT-2'!HS83+'[4]LCT-3'!HS83+'[4]LCT-4'!HS83+'[4]LCT-5'!HS83+'[4]LCT-6'!HS83+'[4]LCT-7'!HS83+'[4]LCT-8'!HS83+'[5]TB-1'!HS83+'[5]TB-2'!HS83+'[5]TB-3'!HS83+'[5]TB-4'!HS83+'[5]TB-5'!HS83+'[5]TB-6'!HS83+'[5]TB-7'!HS83+'[5]TB-8'!HS83+'[5]TB-9'!HS83+'[5]TB-10'!HS83+'[6]DSV-1'!HS83+'[6]DSV-2'!HS83+'[6]DSV-3'!HS83+'[7]TUB-1'!HS83+'[7]TUB-2'!HS83+'[8]Barge-1'!HS83+'[8]Barge-2'!HS83+'[8]Barge-3'!HS83+'[8]Barge-4'!HS83 -> 0 | BL12: ='[2]AHTS-1'!HT50+'[2]AHTS-2'!HT50+'[2]AHTS-3'!HT50+'[2]AHTS-4'!HT50+'[2]AHTS-5'!HT50+'[2]AHTS-6'!HT50+'[2]AHTS-7'!HT50+'[2]AHTS-8'!HT50+'[3]CB-1'!HT50+'[3]CB-2'!HT50+'[3]CB-3'!HT50+'[3]CB-4'!HT50+'[3]CB-5'!HT50+'[3]CB-6'!HT50+'[3]CB-7'!HT50+'[3]CB-8'!HT50+'[3]CB-9'!HT50+'[3]CB-10'!HT50+'[3]CB-11'!HT50+'[3]CB-12'!HT50+'[3]CB-13'!HT50+'[3]CB-14'!HT50+'[3]CB-15'!HT50+'[3]CB-16'!HT50+'[3]CB-17'!HT50+'[3]CB-18'!HT50+'[3]CB-19'!HT50+'[3]CB-20'!HT50+'[3]CB-21'!HT50+'[3]CB-22'!HT50+'[3]CB-23'!HT50+'[3]CB-24'!HT50+'[4]LCT-1'!HT50+'[4]LCT-2'!HT50+'[4]LCT-3'!HT50+'[4]LCT-4'!HT50+'[4]LCT-5'!HT50+'[4]LCT-6'!HT50+'[4]LCT-7'!HT50+'[4]LCT-8'!HT50+'[5]TB-1'!HT50+'[5]TB-2'!HT50+'[5]TB-3'!HT50+'[5]TB-4'!HT50+'[5]TB-5'!HT50+'[5]TB-6'!HT50+'[5]TB-7'!HT50+'[5]TB-8'!HT50+'[5]TB-9'!HT50+'[5]TB-10'!HT50+'[6]DSV-1'!HT50+'[6]DSV-2'!HT50+'[6]DSV-3'!HT50+'[7]TUB-1'!HT50+'[7]TUB-2'!HT50+'[8]Barge-1'!HT50+'[8]Barge-2'!HT50+'[8]Barge-3'!HT50+'[8]Barge-4'!HT50 -> 0 | BM12: ='[2]AHTS-1'!HT12+'[2]AHTS-2'!HT12+'[2]AHTS-3'!HT12+'[2]AHTS-4'!HT12+'[2]AHTS-5'!HT12+'[2]AHTS-6'!HT12+'[2]AHTS-7'!HT12+'[2]AHTS-8'!HT12+'[3]CB-1'!HT12+'[3]CB-2'!HT12+'[3]CB-3'!HT12+'[3]CB-4'!HT12+'[3]CB-5'!HT12+'[3]CB-6'!HT12+'[3]CB-7'!HT12+'[3]CB-8'!HT12+'[3]CB-9'!HT12+'[3]CB-10'!HT12+'[3]CB-11'!HT12+'[3]CB-12'!HT12+'[3]CB-13'!HT12+'[3]CB-14'!HT12+'[3]CB-15'!HT12+'[3]CB-16'!HT12+'[3]CB-17'!HT12+'[3]CB-18'!HT12+'[3]CB-19'!HT12+'[3]CB-20'!HT12+'[3]CB-21'!HT12+'[3]CB-22'!HT12+'[3]CB-23'!HT12+'[3]CB-24'!HT12+'[4]LCT-1'!HT12+'[4]LCT-2'!HT12+'[4]LCT-3'!HT12+'[4]LCT-4'!HT12+'[4]LCT-5'!HT12+'[4]LCT-6'!HT12+'[4]LCT-7'!HT12+'[4]LCT-8'!HT12+'[5]TB-1'!HT12+'[5]TB-2'!HT12+'[5]TB-3'!HT12+'[5]TB-4'!HT12+'[5]TB-5'!HT12+'[5]TB-6'!HT12+'[5]TB-7'!HT12+'[5]TB-8'!HT12+'[5]TB-9'!HT12+'[5]TB-10'!HT12+'[6]DSV-1'!HT12+'[6]DSV-2'!HT12+'[6]DSV-3'!HT12+'[7]TUB-1'!HT12+'[7]TUB-2'!HT12+'[8]Barge-1'!HT12+'[8]Barge-2'!HT12+'[8]Barge-3'!HT12+'[8]Barge-4'!HT12 -> 0 | BN12: ='[2]AHTS-1'!HT83+'[2]AHTS-2'!HT83+'[2]AHTS-3'!HT83+'[2]AHTS-4'!HT83+'[2]AHTS-5'!HT83+'[2]AHTS-6'!HT83+'[2]AHTS-7'!HT83+'[2]AHTS-8'!HT83+'[3]CB-1'!HT83+'[3]CB-2'!HT83+'[3]CB-3'!HT83+'[3]CB-4'!HT83+'[3]CB-5'!HT83+'[3]CB-6'!HT83+'[3]CB-7'!HT83+'[3]CB-8'!HT83+'[3]CB-9'!HT83+'[3]CB-10'!HT83+'[3]CB-11'!HT83+'[3]CB-12'!HT83+'[3]CB-13'!HT83+'[3]CB-14'!HT83+'[3]CB-15'!HT83+'[3]CB-16'!HT83+'[3]CB-17'!HT83+'[3]CB-18'!HT83+'[3]CB-19'!HT83+'[3]CB-20'!HT83+'[3]CB-21'!HT83+'[3]CB-22'!HT83+'[3]CB-23'!HT83+'[3]CB-24'!HT83+'[4]LCT-1'!HT83+'[4]LCT-2'!HT83+'[4]LCT-3'!HT83+'[4]LCT-4'!HT83+'[4]LCT-5'!HT83+'[4]LCT-6'!HT83+'[4]LCT-7'!HT83+'[4]LCT-8'!HT83+'[5]TB-1'!HT83+'[5]TB-2'!HT83+'[5]TB-3'!HT83+'[5]TB-4'!HT83+'[5]TB-5'!HT83+'[5]TB-6'!HT83+'[5]TB-7'!HT83+'[5]TB-8'!HT83+'[5]TB-9'!HT83+'[5]TB-10'!HT83+'[6]DSV-1'!HT83+'[6]DSV-2'!HT83+'[6]DSV-3'!HT83+'[7]TUB-1'!HT83+'[7]TUB-2'!HT83+'[8]Barge-1'!HT83+'[8]Barge-2'!HT83+'[8]Barge-3'!HT83+'[8]Barge-4'!HT83 -> 0 | BO12: ='[2]AHTS-1'!HU50+'[2]AHTS-2'!HU50+'[2]AHTS-3'!HU50+'[2]AHTS-4'!HU50+'[2]AHTS-5'!HU50+'[2]AHTS-6'!HU50+'[2]AHTS-7'!HU50+'[2]AHTS-8'!HU50+'[3]CB-1'!HU50+'[3]CB-2'!HU50+'[3]CB-3'!HU50+'[3]CB-4'!HU50+'[3]CB-5'!HU50+'[3]CB-6'!HU50+'[3]CB-7'!HU50+'[3]CB-8'!HU50+'[3]CB-9'!HU50+'[3]CB-10'!HU50+'[3]CB-11'!HU50+'[3]CB-12'!HU50+'[3]CB-13'!HU50+'[3]CB-14'!HU50+'[3]CB-15'!HU50+'[3]CB-16'!HU50+'[3]CB-17'!HU50+'[3]CB-18'!HU50+'[3]CB-19'!HU50+'[3]CB-20'!HU50+'[3]CB-21'!HU50+'[3]CB-22'!HU50+'[3]CB-23'!HU50+'[3]CB-24'!HU50+'[4]LCT-1'!HU50+'[4]LCT-2'!HU50+'[4]LCT-3'!HU50+'[4]LCT-4'!HU50+'[4]LCT-5'!HU50+'[4]LCT-6'!HU50+'[4]LCT-7'!HU50+'[4]LCT-8'!HU50+'[5]TB-1'!HU50+'[5]TB-2'!HU50+'[5]TB-3'!HU50+'[5]TB-4'!HU50+'[5]TB-5'!HU50+'[5]TB-6'!HU50+'[5]TB-7'!HU50+'[5]TB-8'!HU50+'[5]TB-9'!HU50+'[5]TB-10'!HU50+'[6]DSV-1'!HU50+'[6]DSV-2'!HU50+'[6]DSV-3'!HU50+'[7]TUB-1'!HU50+'[7]TUB-2'!HU50+'[8]Barge-1'!HU50+'[8]Barge-2'!HU50+'[8]Barge-3'!HU50+'[8]Barge-4'!HU50 -> 14363945 | BP12: ='[2]AHTS-1'!HU12+'[2]AHTS-2'!HU12+'[2]AHTS-3'!HU12+'[2]AHTS-4'!HU12+'[2]AHTS-5'!HU12+'[2]AHTS-6'!HU12+'[2]AHTS-7'!HU12+'[2]AHTS-8'!HU12+'[3]CB-1'!HU12+'[3]CB-2'!HU12+'[3]CB-3'!HU12+'[3]CB-4'!HU12+'[3]CB-5'!HU12+'[3]CB-6'!HU12+'[3]CB-7'!HU12+'[3]CB-8'!HU12+'[3]CB-9'!HU12+'[3]CB-10'!HU12+'[3]CB-11'!HU12+'[3]CB-12'!HU12+'[3]CB-13'!HU12+'[3]CB-14'!HU12+'[3]CB-15'!HU12+'[3]CB-16'!HU12+'[3]CB-17'!HU12+'[3]CB-18'!HU12+'[3]CB-19'!HU12+'[3]CB-20'!HU12+'[3]CB-21'!HU12+'[3]CB-22'!HU12+'[3]CB-23'!HU12+'[3]CB-24'!HU12+'[4]LCT-1'!HU12+'[4]LCT-2'!HU12+'[4]LCT-3'!HU12+'[4]LCT-4'!HU12+'[4]LCT-5'!HU12+'[4]LCT-6'!HU12+'[4]LCT-7'!HU12+'[4]LCT-8'!HU12+'[5]TB-1'!HU12+'[5]TB-2'!HU12+'[5]TB-3'!HU12+'[5]TB-4'!HU12+'[5]TB-5'!HU12+'[5]TB-6'!HU12+'[5]TB-7'!HU12+'[5]TB-8'!HU12+'[5]TB-9'!HU12+'[5]TB-10'!HU12+'[6]DSV-1'!HU12+'[6]DSV-2'!HU12+'[6]DSV-3'!HU12+'[7]TUB-1'!HU12+'[7]TUB-2'!HU12+'[8]Barge-1'!HU12+'[8]Barge-2'!HU12+'[8]Barge-3'!HU12+'[8]Barge-4'!HU12 -> 10911667 | BQ12: ='[2]AHTS-1'!HU83+'[2]AHTS-2'!HU83+'[2]AHTS-3'!HU83+'[2]AHTS-4'!HU83+'[2]AHTS-5'!HU83+'[2]AHTS-6'!HU83+'[2]AHTS-7'!HU83+'[2]AHTS-8'!HU83+'[3]CB-1'!HU83+'[3]CB-2'!HU83+'[3]CB-3'!HU83+'[3]CB-4'!HU83+'[3]CB-5'!HU83+'[3]CB-6'!HU83+'[3]CB-7'!HU83+'[3]CB-8'!HU83+'[3]CB-9'!HU83+'[3]CB-10'!HU83+'[3]CB-11'!HU83+'[3]CB-12'!HU83+'[3]CB-13'!HU83+'[3]CB-14'!HU83+'[3]CB-15'!HU83+'[3]CB-16'!HU83+'[3]CB-17'!HU83+'[3]CB-18'!HU83+'[3]CB-19'!HU83+'[3]CB-20'!HU83+'[3]CB-21'!HU83+'[3]CB-22'!HU83+'[3]CB-23'!HU83+'[3]CB-24'!HU83+'[4]LCT-1'!HU83+'[4]LCT-2'!HU83+'[4]LCT-3'!HU83+'[4]LCT-4'!HU83+'[4]LCT-5'!HU83+'[4]LCT-6'!HU83+'[4]LCT-7'!HU83+'[4]LCT-8'!HU83+'[5]TB-1'!HU83+'[5]TB-2'!HU83+'[5]TB-3'!HU83+'[5]TB-4'!HU83+'[5]TB-5'!HU83+'[5]TB-6'!HU83+'[5]TB-7'!HU83+'[5]TB-8'!HU83+'[5]TB-9'!HU83+'[5]TB-10'!HU83+'[6]DSV-1'!HU83+'[6]DSV-2'!HU83+'[6]DSV-3'!HU83+'[7]TUB-1'!HU83+'[7]TUB-2'!HU83+'[8]Barge-1'!HU83+'[8]Barge-2'!HU83+'[8]Barge-3'!HU83+'[8]Barge-4'!HU83 -> 0 | BR12: ='[2]AHTS-1'!HV50+'[2]AHTS-2'!HV50+'[2]AHTS-3'!HV50+'[2]AHTS-4'!HV50+'[2]AHTS-5'!HV50+'[2]AHTS-6'!HV50+'[2]AHTS-7'!HV50+'[2]AHTS-8'!HV50+'[3]CB-1'!HV50+'[3]CB-2'!HV50+'[3]CB-3'!HV50+'[3]CB-4'!HV50+'[3]CB-5'!HV50+'[3]CB-6'!HV50+'[3]CB-7'!HV50+'[3]CB-8'!HV50+'[3]CB-9'!HV50+'[3]CB-10'!HV50+'[3]CB-11'!HV50+'[3]CB-12'!HV50+'[3]CB-13'!HV50+'[3]CB-14'!HV50+'[3]CB-15'!HV50+'[3]CB-16'!HV50+'[3]CB-17'!HV50+'[3]CB-18'!HV50+'[3]CB-19'!HV50+'[3]CB-20'!HV50+'[3]CB-21'!HV50+'[3]CB-22'!HV50+'[3]CB-23'!HV50+'[3]CB-24'!HV50+'[4]LCT-1'!HV50+'[4]LCT-2'!HV50+'[4]LCT-3'!HV50+'[4]LCT-4'!HV50+'[4]LCT-5'!HV50+'[4]LCT-6'!HV50+'[4]LCT-7'!HV50+'[4]LCT-8'!HV50+'[5]TB-1'!HV50+'[5]TB-2'!HV50+'[5]TB-3'!HV50+'[5]TB-4'!HV50+'[5]TB-5'!HV50+'[5]TB-6'!HV50+'[5]TB-7'!HV50+'[5]TB-8'!HV50+'[5]TB-9'!HV50+'[5]TB-10'!HV50+'[6]DSV-1'!HV50+'[6]DSV-2'!HV50+'[6]DSV-3'!HV50+'[7]TUB-1'!HV50+'[7]TUB-2'!HV50+'[8]Barge-1'!HV50+'[8]Barge-2'!HV50+'[8]Barge-3'!HV50+'[8]Barge-4'!HV50 -> 0 | BS12: ='[2]AHTS-1'!HV12+'[2]AHTS-2'!HV12+'[2]AHTS-3'!HV12+'[2]AHTS-4'!HV12+'[2]AHTS-5'!HV12+'[2]AHTS-6'!HV12+'[2]AHTS-7'!HV12+'[2]AHTS-8'!HV12+'[3]CB-1'!HV12+'[3]CB-2'!HV12+'[3]CB-3'!HV12+'[3]CB-4'!HV12+'[3]CB-5'!HV12+'[3]CB-6'!HV12+'[3]CB-7'!HV12+'[3]CB-8'!HV12+'[3]CB-9'!HV12+'[3]CB-10'!HV12+'[3]CB-11'!HV12+'[3]CB-12'!HV12+'[3]CB-13'!HV12+'[3]CB-14'!HV12+'[3]CB-15'!HV12+'[3]CB-16'!HV12+'[3]CB-17'!HV12+'[3]CB-18'!HV12+'[3]CB-19'!HV12+'[3]CB-20'!HV12+'[3]CB-21'!HV12+'[3]CB-22'!HV12+'[3]CB-23'!HV12+'[3]CB-24'!HV12+'[4]LCT-1'!HV12+'[4]LCT-2'!HV12+'[4]LCT-3'!HV12+'[4]LCT-4'!HV12+'[4]LCT-5'!HV12+'[4]LCT-6'!HV12+'[4]LCT-7'!HV12+'[4]LCT-8'!HV12+'[5]TB-1'!HV12+'[5]TB-2'!HV12+'[5]TB-3'!HV12+'[5]TB-4'!HV12+'[5]TB-5'!HV12+'[5]TB-6'!HV12+'[5]TB-7'!HV12+'[5]TB-8'!HV12+'[5]TB-9'!HV12+'[5]TB-10'!HV12+'[6]DSV-1'!HV12+'[6]DSV-2'!HV12+'[6]DSV-3'!HV12+'[7]TUB-1'!HV12+'[7]TUB-2'!HV12+'[8]Barge-1'!HV12+'[8]Barge-2'!HV12+'[8]Barge-3'!HV12+'[8]Barge-4'!HV12 -> 0 | BT12: ='[2]AHTS-1'!HV83+'[2]AHTS-2'!HV83+'[2]AHTS-3'!HV83+'[2]AHTS-4'!HV83+'[2]AHTS-5'!HV83+'[2]AHTS-6'!HV83+'[2]AHTS-7'!HV83+'[2]AHTS-8'!HV83+'[3]CB-1'!HV83+'[3]CB-2'!HV83+'[3]CB-3'!HV83+'[3]CB-4'!HV83+'[3]CB-5'!HV83+'[3]CB-6'!HV83+'[3]CB-7'!HV83+'[3]CB-8'!HV83+'[3]CB-9'!HV83+'[3]CB-10'!HV83+'[3]CB-11'!HV83+'[3]CB-12'!HV83+'[3]CB-13'!HV83+'[3]CB-14'!HV83+'[3]CB-15'!HV83+'[3]CB-16'!HV83+'[3]CB-17'!HV83+'[3]CB-18'!HV83+'[3]CB-19'!HV83+'[3]CB-20'!HV83+'[3]CB-21'!HV83+'[3]CB-22'!HV83+'[3]CB-23'!HV83+'[3]CB-24'!HV83+'[4]LCT-1'!HV83+'[4]LCT-2'!HV83+'[4]LCT-3'!HV83+'[4]LCT-4'!HV83+'[4]LCT-5'!HV83+'[4]LCT-6'!HV83+'[4]LCT-7'!HV83+'[4]LCT-8'!HV83+'[5]TB-1'!HV83+'[5]TB-2'!HV83+'[5]TB-3'!HV83+'[5]TB-4'!HV83+'[5]TB-5'!HV83+'[5]TB-6'!HV83+'[5]TB-7'!HV83+'[5]TB-8'!HV83+'[5]TB-9'!HV83+'[5]TB-10'!HV83+'[6]DSV-1'!HV83+'[6]DSV-2'!HV83+'[6]DSV-3'!HV83+'[7]TUB-1'!HV83+'[7]TUB-2'!HV83+'[8]Barge-1'!HV83+'[8]Barge-2'!HV83+'[8]Barge-3'!HV83+'[8]Barge-4'!HV83 -> 0 | BU12: ='[2]AHTS-1'!HW50+'[2]AHTS-2'!HW50+'[2]AHTS-3'!HW50+'[2]AHTS-4'!HW50+'[2]AHTS-5'!HW50+'[2]AHTS-6'!HW50+'[2]AHTS-7'!HW50+'[2]AHTS-8'!HW50+'[3]CB-1'!HW50+'[3]CB-2'!HW50+'[3]CB-3'!HW50+'[3]CB-4'!HW50+'[3]CB-5'!HW50+'[3]CB-6'!HW50+'[3]CB-7'!HW50+'[3]CB-8'!HW50+'[3]CB-9'!HW50+'[3]CB-10'!HW50+'[3]CB-11'!HW50+'[3]CB-12'!HW50+'[3]CB-13'!HW50+'[3]CB-14'!HW50+'[3]CB-15'!HW50+'[3]CB-16'!HW50+'[3]CB-17'!HW50+'[3]CB-18'!HW50+'[3]CB-19'!HW50+'[3]CB-20'!HW50+'[3]CB-21'!HW50+'[3]CB-22'!HW50+'[3]CB-23'!HW50+'[3]CB-24'!HW50+'[4]LCT-1'!HW50+'[4]LCT-2'!HW50+'[4]LCT-3'!HW50+'[4]LCT-4'!HW50+'[4]LCT-5'!HW50+'[4]LCT-6'!HW50+'[4]LCT-7'!HW50+'[4]LCT-8'!HW50+'[5]TB-1'!HW50+'[5]TB-2'!HW50+'[5]TB-3'!HW50+'[5]TB-4'!HW50+'[5]TB-5'!HW50+'[5]TB-6'!HW50+'[5]TB-7'!HW50+'[5]TB-8'!HW50+'[5]TB-9'!HW50+'[5]TB-10'!HW50+'[6]DSV-1'!HW50+'[6]DSV-2'!HW50+'[6]DSV-3'!HW50+'[7]TUB-1'!HW50+'[7]TUB-2'!HW50+'[8]Barge-1'!HW50+'[8]Barge-2'!HW50+'[8]Barge-3'!HW50+'[8]Barge-4'!HW50 -> 0 | BV12: ='[2]AHTS-1'!HW12+'[2]AHTS-2'!HW12+'[2]AHTS-3'!HW12+'[2]AHTS-4'!HW12+'[2]AHTS-5'!HW12+'[2]AHTS-6'!HW12+'[2]AHTS-7'!HW12+'[2]AHTS-8'!HW12+'[3]CB-1'!HW12+'[3]CB-2'!HW12+'[3]CB-3'!HW12+'[3]CB-4'!HW12+'[3]CB-5'!HW12+'[3]CB-6'!HW12+'[3]CB-7'!HW12+'[3]CB-8'!HW12+'[3]CB-9'!HW12+'[3]CB-10'!HW12+'[3]CB-11'!HW12+'[3]CB-12'!HW12+'[3]CB-13'!HW12+'[3]CB-14'!HW12+'[3]CB-15'!HW12+'[3]CB-16'!HW12+'[3]CB-17'!HW12+'[3]CB-18'!HW12+'[3]CB-19'!HW12+'[3]CB-20'!HW12+'[3]CB-21'!HW12+'[3]CB-22'!HW12+'[3]CB-23'!HW12+'[3]CB-24'!HW12+'[4]LCT-1'!HW12+'[4]LCT-2'!HW12+'[4]LCT-3'!HW12+'[4]LCT-4'!HW12+'[4]LCT-5'!HW12+'[4]LCT-6'!HW12+'[4]LCT-7'!HW12+'[4]LCT-8'!HW12+'[5]TB-1'!HW12+'[5]TB-2'!HW12+'[5]TB-3'!HW12+'[5]TB-4'!HW12+'[5]TB-5'!HW12+'[5]TB-6'!HW12+'[5]TB-7'!HW12+'[5]TB-8'!HW12+'[5]TB-9'!HW12+'[5]TB-10'!HW12+'[6]DSV-1'!HW12+'[6]DSV-2'!HW12+'[6]DSV-3'!HW12+'[7]TUB-1'!HW12+'[7]TUB-2'!HW12+'[8]Barge-1'!HW12+'[8]Barge-2'!HW12+'[8]Barge-3'!HW12+'[8]Barge-4'!HW12 -> 0 | BW12: ='[2]AHTS-1'!HW83+'[2]AHTS-2'!HW83+'[2]AHTS-3'!HW83+'[2]AHTS-4'!HW83+'[2]AHTS-5'!HW83+'[2]AHTS-6'!HW83+'[2]AHTS-7'!HW83+'[2]AHTS-8'!HW83+'[3]CB-1'!HW83+'[3]CB-2'!HW83+'[3]CB-3'!HW83+'[3]CB-4'!HW83+'[3]CB-5'!HW83+'[3]CB-6'!HW83+'[3]CB-7'!HW83+'[3]CB-8'!HW83+'[3]CB-9'!HW83+'[3]CB-10'!HW83+'[3]CB-11'!HW83+'[3]CB-12'!HW83+'[3]CB-13'!HW83+'[3]CB-14'!HW83+'[3]CB-15'!HW83+'[3]CB-16'!HW83+'[3]CB-17'!HW83+'[3]CB-18'!HW83+'[3]CB-19'!HW83+'[3]CB-20'!HW83+'[3]CB-21'!HW83+'[3]CB-22'!HW83+'[3]CB-23'!HW83+'[3]CB-24'!HW83+'[4]LCT-1'!HW83+'[4]LCT-2'!HW83+'[4]LCT-3'!HW83+'[4]LCT-4'!HW83+'[4]LCT-5'!HW83+'[4]LCT-6'!HW83+'[4]LCT-7'!HW83+'[4]LCT-8'!HW83+'[5]TB-1'!HW83+'[5]TB-2'!HW83+'[5]TB-3'!HW83+'[5]TB-4'!HW83+'[5]TB-5'!HW83+'[5]TB-6'!HW83+'[5]TB-7'!HW83+'[5]TB-8'!HW83+'[5]TB-9'!HW83+'[5]TB-10'!HW83+'[6]DSV-1'!HW83+'[6]DSV-2'!HW83+'[6]DSV-3'!HW83+'[7]TUB-1'!HW83+'[7]TUB-2'!HW83+'[8]Barge-1'!HW83+'[8]Barge-2'!HW83+'[8]Barge-3'!HW83+'[8]Barge-4'!HW83 -> 0 | BX12: ='[2]AHTS-1'!HX50+'[2]AHTS-2'!HX50+'[2]AHTS-3'!HX50+'[2]AHTS-4'!HX50+'[2]AHTS-5'!HX50+'[2]AHTS-6'!HX50+'[2]AHTS-7'!HX50+'[2]AHTS-8'!HX50+'[3]CB-1'!HX50+'[3]CB-2'!HX50+'[3]CB-3'!HX50+'[3]CB-4'!HX50+'[3]CB-5'!HX50+'[3]CB-6'!HX50+'[3]CB-7'!HX50+'[3]CB-8'!HX50+'[3]CB-9'!HX50+'[3]CB-10'!HX50+'[3]CB-11'!HX50+'[3]CB-12'!HX50+'[3]CB-13'!HX50+'[3]CB-14'!HX50+'[3]CB-15'!HX50+'[3]CB-16'!HX50+'[3]CB-17'!HX50+'[3]CB-18'!HX50+'[3]CB-19'!HX50+'[3]CB-20'!HX50+'[3]CB-21'!HX50+'[3]CB-22'!HX50+'[3]CB-23'!HX50+'[3]CB-24'!HX50+'[4]LCT-1'!HX50+'[4]LCT-2'!HX50+'[4]LCT-3'!HX50+'[4]LCT-4'!HX50+'[4]LCT-5'!HX50+'[4]LCT-6'!HX50+'[4]LCT-7'!HX50+'[4]LCT-8'!HX50+'[5]TB-1'!HX50+'[5]TB-2'!HX50+'[5]TB-3'!HX50+'[5]TB-4'!HX50+'[5]TB-5'!HX50+'[5]TB-6'!HX50+'[5]TB-7'!HX50+'[5]TB-8'!HX50+'[5]TB-9'!HX50+'[5]TB-10'!HX50+'[6]DSV-1'!HX50+'[6]DSV-2'!HX50+'[6]DSV-3'!HX50+'[7]TUB-1'!HX50+'[7]TUB-2'!HX50+'[8]Barge-1'!HX50+'[8]Barge-2'!HX50+'[8]Barge-3'!HX50+'[8]Barge-4'!HX50 -> 0 | BY12: ='[2]AHTS-1'!HX12+'[2]AHTS-2'!HX12+'[2]AHTS-3'!HX12+'[2]AHTS-4'!HX12+'[2]AHTS-5'!HX12+'[2]AHTS-6'!HX12+'[2]AHTS-7'!HX12+'[2]AHTS-8'!HX12+'[3]CB-1'!HX12+'[3]CB-2'!HX12+'[3]CB-3'!HX12+'[3]CB-4'!HX12+'[3]CB-5'!HX12+'[3]CB-6'!HX12+'[3]CB-7'!HX12+'[3]CB-8'!HX12+'[3]CB-9'!HX12+'[3]CB-10'!HX12+'[3]CB-11'!HX12+'[3]CB-12'!HX12+'[3]CB-13'!HX12+'[3]CB-14'!HX12+'[3]CB-15'!HX12+'[3]CB-16'!HX12+'[3]CB-17'!HX12+'[3]CB-18'!HX12+'[3]CB-19'!HX12+'[3]CB-20'!HX12+'[3]CB-21'!HX12+'[3]CB-22'!HX12+'[3]CB-23'!HX12+'[3]CB-24'!HX12+'[4]LCT-1'!HX12+'[4]LCT-2'!HX12+'[4]LCT-3'!HX12+'[4]LCT-4'!HX12+'[4]LCT-5'!HX12+'[4]LCT-6'!HX12+'[4]LCT-7'!HX12+'[4]LCT-8'!HX12+'[5]TB-1'!HX12+'[5]TB-2'!HX12+'[5]TB-3'!HX12+'[5]TB-4'!HX12+'[5]TB-5'!HX12+'[5]TB-6'!HX12+'[5]TB-7'!HX12+'[5]TB-8'!HX12+'[5]TB-9'!HX12+'[5]TB-10'!HX12+'[6]DSV-1'!HX12+'[6]DSV-2'!HX12+'[6]DSV-3'!HX12+'[7]TUB-1'!HX12+'[7]TUB-2'!HX12+'[8]Barge-1'!HX12+'[8]Barge-2'!HX12+'[8]Barge-3'!HX12+'[8]Barge-4'!HX12 -> 0 | BZ12: ='[2]AHTS-1'!HX83+'[2]AHTS-2'!HX83+'[2]AHTS-3'!HX83+'[2]AHTS-4'!HX83+'[2]AHTS-5'!HX83+'[2]AHTS-6'!HX83+'[2]AHTS-7'!HX83+'[2]AHTS-8'!HX83+'[3]CB-1'!HX83+'[3]CB-2'!HX83+'[3]CB-3'!HX83+'[3]CB-4'!HX83+'[3]CB-5'!HX83+'[3]CB-6'!HX83+'[3]CB-7'!HX83+'[3]CB-8'!HX83+'[3]CB-9'!HX83+'[3]CB-10'!HX83+'[3]CB-11'!HX83+'[3]CB-12'!HX83+'[3]CB-13'!HX83+'[3]CB-14'!HX83+'[3]CB-15'!HX83+'[3]CB-16'!HX83+'[3]CB-17'!HX83+'[3]CB-18'!HX83+'[3]CB-19'!HX83+'[3]CB-20'!HX83+'[3]CB-21'!HX83+'[3]CB-22'!HX83+'[3]CB-23'!HX83+'[3]CB-24'!HX83+'[4]LCT-1'!HX83+'[4]LCT-2'!HX83+'[4]LCT-3'!HX83+'[4]LCT-4'!HX83+'[4]LCT-5'!HX83+'[4]LCT-6'!HX83+'[4]LCT-7'!HX83+'[4]LCT-8'!HX83+'[5]TB-1'!HX83+'[5]TB-2'!HX83+'[5]TB-3'!HX83+'[5]TB-4'!HX83+'[5]TB-5'!HX83+'[5]TB-6'!HX83+'[5]TB-7'!HX83+'[5]TB-8'!HX83+'[5]TB-9'!HX83+'[5]TB-10'!HX83+'[6]DSV-1'!HX83+'[6]DSV-2'!HX83+'[6]DSV-3'!HX83+'[7]TUB-1'!HX83+'[7]TUB-2'!HX83+'[8]Barge-1'!HX83+'[8]Barge-2'!HX83+'[8]Barge-3'!HX83+'[8]Barge-4'!HX83 -> 0 | CA12: ='[2]AHTS-1'!HY50+'[2]AHTS-2'!HY50+'[2]AHTS-3'!HY50+'[2]AHTS-4'!HY50+'[2]AHTS-5'!HY50+'[2]AHTS-6'!HY50+'[2]AHTS-7'!HY50+'[2]AHTS-8'!HY50+'[3]CB-1'!HY50+'[3]CB-2'!HY50+'[3]CB-3'!HY50+'[3]CB-4'!HY50+'[3]CB-5'!HY50+'[3]CB-6'!HY50+'[3]CB-7'!HY50+'[3]CB-8'!HY50+'[3]CB-9'!HY50+'[3]CB-10'!HY50+'[3]CB-11'!HY50+'[3]CB-12'!HY50+'[3]CB-13'!HY50+'[3]CB-14'!HY50+'[3]CB-15'!HY50+'[3]CB-16'!HY50+'[3]CB-17'!HY50+'[3]CB-18'!HY50+'[3]CB-19'!HY50+'[3]CB-20'!HY50+'[3]CB-21'!HY50+'[3]CB-22'!HY50+'[3]CB-23'!HY50+'[3]CB-24'!HY50+'[4]LCT-1'!HY50+'[4]LCT-2'!HY50+'[4]LCT-3'!HY50+'[4]LCT-4'!HY50+'[4]LCT-5'!HY50+'[4]LCT-6'!HY50+'[4]LCT-7'!HY50+'[4]LCT-8'!HY50+'[5]TB-1'!HY50+'[5]TB-2'!HY50+'[5]TB-3'!HY50+'[5]TB-4'!HY50+'[5]TB-5'!HY50+'[5]TB-6'!HY50+'[5]TB-7'!HY50+'[5]TB-8'!HY50+'[5]TB-9'!HY50+'[5]TB-10'!HY50+'[6]DSV-1'!HY50+'[6]DSV-2'!HY50+'[6]DSV-3'!HY50+'[7]TUB-1'!HY50+'[7]TUB-2'!HY50+'[8]Barge-1'!HY50+'[8]Barge-2'!HY50+'[8]Barge-3'!HY50+'[8]Barge-4'!HY50 -> 0 | CB12: ='[2]AHTS-1'!HY12+'[2]AHTS-2'!HY12+'[2]AHTS-3'!HY12+'[2]AHTS-4'!HY12+'[2]AHTS-5'!HY12+'[2]AHTS-6'!HY12+'[2]AHTS-7'!HY12+'[2]AHTS-8'!HY12+'[3]CB-1'!HY12+'[3]CB-2'!HY12+'[3]CB-3'!HY12+'[3]CB-4'!HY12+'[3]CB-5'!HY12+'[3]CB-6'!HY12+'[3]CB-7'!HY12+'[3]CB-8'!HY12+'[3]CB-9'!HY12+'[3]CB-10'!HY12+'[3]CB-11'!HY12+'[3]CB-12'!HY12+'[3]CB-13'!HY12+'[3]CB-14'!HY12+'[3]CB-15'!HY12+'[3]CB-16'!HY12+'[3]CB-17'!HY12+'[3]CB-18'!HY12+'[3]CB-19'!HY12+'[3]CB-20'!HY12+'[3]CB-21'!HY12+'[3]CB-22'!HY12+'[3]CB-23'!HY12+'[3]CB-24'!HY12+'[4]LCT-1'!HY12+'[4]LCT-2'!HY12+'[4]LCT-3'!HY12+'[4]LCT-4'!HY12+'[4]LCT-5'!HY12+'[4]LCT-6'!HY12+'[4]LCT-7'!HY12+'[4]LCT-8'!HY12+'[5]TB-1'!HY12+'[5]TB-2'!HY12+'[5]TB-3'!HY12+'[5]TB-4'!HY12+'[5]TB-5'!HY12+'[5]TB-6'!HY12+'[5]TB-7'!HY12+'[5]TB-8'!HY12+'[5]TB-9'!HY12+'[5]TB-10'!HY12+'[6]DSV-1'!HY12+'[6]DSV-2'!HY12+'[6]DSV-3'!HY12+'[7]TUB-1'!HY12+'[7]TUB-2'!HY12+'[8]Barge-1'!HY12+'[8]Barge-2'!HY12+'[8]Barge-3'!HY12+'[8]Barge-4'!HY12 -> 0 | CC12: ='[2]AHTS-1'!HY83+'[2]AHTS-2'!HY83+'[2]AHTS-3'!HY83+'[2]AHTS-4'!HY83+'[2]AHTS-5'!HY83+'[2]AHTS-6'!HY83+'[2]AHTS-7'!HY83+'[2]AHTS-8'!HY83+'[3]CB-1'!HY83+'[3]CB-2'!HY83+'[3]CB-3'!HY83+'[3]CB-4'!HY83+'[3]CB-5'!HY83+'[3]CB-6'!HY83+'[3]CB-7'!HY83+'[3]CB-8'!HY83+'[3]CB-9'!HY83+'[3]CB-10'!HY83+'[3]CB-11'!HY83+'[3]CB-12'!HY83+'[3]CB-13'!HY83+'[3]CB-14'!HY83+'[3]CB-15'!HY83+'[3]CB-16'!HY83+'[3]CB-17'!HY83+'[3]CB-18'!HY83+'[3]CB-19'!HY83+'[3]CB-20'!HY83+'[3]CB-21'!HY83+'[3]CB-22'!HY83+'[3]CB-23'!HY83+'[3]CB-24'!HY83+'[4]LCT-1'!HY83+'[4]LCT-2'!HY83+'[4]LCT-3'!HY83+'[4]LCT-4'!HY83+'[4]LCT-5'!HY83+'[4]LCT-6'!HY83+'[4]LCT-7'!HY83+'[4]LCT-8'!HY83+'[5]TB-1'!HY83+'[5]TB-2'!HY83+'[5]TB-3'!HY83+'[5]TB-4'!HY83+'[5]TB-5'!HY83+'[5]TB-6'!HY83+'[5]TB-7'!HY83+'[5]TB-8'!HY83+'[5]TB-9'!HY83+'[5]TB-10'!HY83+'[6]DSV-1'!HY83+'[6]DSV-2'!HY83+'[6]DSV-3'!HY83+'[7]TUB-1'!HY83+'[7]TUB-2'!HY83+'[8]Barge-1'!HY83+'[8]Barge-2'!HY83+'[8]Barge-3'!HY83+'[8]Barge-4'!HY83 -> 0 | CD12: ='[2]AHTS-1'!HZ50+'[2]AHTS-2'!HZ50+'[2]AHTS-3'!HZ50+'[2]AHTS-4'!HZ50+'[2]AHTS-5'!HZ50+'[2]AHTS-6'!HZ50+'[2]AHTS-7'!HZ50+'[2]AHTS-8'!HZ50+'[3]CB-1'!HZ50+'[3]CB-2'!HZ50+'[3]CB-3'!HZ50+'[3]CB-4'!HZ50+'[3]CB-5'!HZ50+'[3]CB-6'!HZ50+'[3]CB-7'!HZ50+'[3]CB-8'!HZ50+'[3]CB-9'!HZ50+'[3]CB-10'!HZ50+'[3]CB-11'!HZ50+'[3]CB-12'!HZ50+'[3]CB-13'!HZ50+'[3]CB-14'!HZ50+'[3]CB-15'!HZ50+'[3]CB-16'!HZ50+'[3]CB-17'!HZ50+'[3]CB-18'!HZ50+'[3]CB-19'!HZ50+'[3]CB-20'!HZ50+'[3]CB-21'!HZ50+'[3]CB-22'!HZ50+'[3]CB-23'!HZ50+'[3]CB-24'!HZ50+'[4]LCT-1'!HZ50+'[4]LCT-2'!HZ50+'[4]LCT-3'!HZ50+'[4]LCT-4'!HZ50+'[4]LCT-5'!HZ50+'[4]LCT-6'!HZ50+'[4]LCT-7'!HZ50+'[4]LCT-8'!HZ50+'[5]TB-1'!HZ50+'[5]TB-2'!HZ50+'[5]TB-3'!HZ50+'[5]TB-4'!HZ50+'[5]TB-5'!HZ50+'[5]TB-6'!HZ50+'[5]TB-7'!HZ50+'[5]TB-8'!HZ50+'[5]TB-9'!HZ50+'[5]TB-10'!HZ50+'[6]DSV-1'!HZ50+'[6]DSV-2'!HZ50+'[6]DSV-3'!HZ50+'[7]TUB-1'!HZ50+'[7]TUB-2'!HZ50+'[8]Barge-1'!HZ50+'[8]Barge-2'!HZ50+'[8]Barge-3'!HZ50+'[8]Barge-4'!HZ50 -> 0 | CE12: ='[2]AHTS-1'!HZ12+'[2]AHTS-2'!HZ12+'[2]AHTS-3'!HZ12+'[2]AHTS-4'!HZ12+'[2]AHTS-5'!HZ12+'[2]AHTS-6'!HZ12+'[2]AHTS-7'!HZ12+'[2]AHTS-8'!HZ12+'[3]CB-1'!HZ12+'[3]CB-2'!HZ12+'[3]CB-3'!HZ12+'[3]CB-4'!HZ12+'[3]CB-5'!HZ12+'[3]CB-6'!HZ12+'[3]CB-7'!HZ12+'[3]CB-8'!HZ12+'[3]CB-9'!HZ12+'[3]CB-10'!HZ12+'[3]CB-11'!HZ12+'[3]CB-12'!HZ12+'[3]CB-13'!HZ12+'[3]CB-14'!HZ12+'[3]CB-15'!HZ12+'[3]CB-16'!HZ12+'[3]CB-17'!HZ12+'[3]CB-18'!HZ12+'[3]CB-19'!HZ12+'[3]CB-20'!HZ12+'[3]CB-21'!HZ12+'[3]CB-22'!HZ12+'[3]CB-23'!HZ12+'[3]CB-24'!HZ12+'[4]LCT-1'!HZ12+'[4]LCT-2'!HZ12+'[4]LCT-3'!HZ12+'[4]LCT-4'!HZ12+'[4]LCT-5'!HZ12+'[4]LCT-6'!HZ12+'[4]LCT-7'!HZ12+'[4]LCT-8'!HZ12+'[5]TB-1'!HZ12+'[5]TB-2'!HZ12+'[5]TB-3'!HZ12+'[5]TB-4'!HZ12+'[5]TB-5'!HZ12+'[5]TB-6'!HZ12+'[5]TB-7'!HZ12+'[5]TB-8'!HZ12+'[5]TB-9'!HZ12+'[5]TB-10'!HZ12+'[6]DSV-1'!HZ12+'[6]DSV-2'!HZ12+'[6]DSV-3'!HZ12+'[7]TUB-1'!HZ12+'[7]TUB-2'!HZ12+'[8]Barge-1'!HZ12+'[8]Barge-2'!HZ12+'[8]Barge-3'!HZ12+'[8]Barge-4'!HZ12 -> 0 | CF12: ='[2]AHTS-1'!HZ83+'[2]AHTS-2'!HZ83+'[2]AHTS-3'!HZ83+'[2]AHTS-4'!HZ83+'[2]AHTS-5'!HZ83+'[2]AHTS-6'!HZ83+'[2]AHTS-7'!HZ83+'[2]AHTS-8'!HZ83+'[3]CB-1'!HZ83+'[3]CB-2'!HZ83+'[3]CB-3'!HZ83+'[3]CB-4'!HZ83+'[3]CB-5'!HZ83+'[3]CB-6'!HZ83+'[3]CB-7'!HZ83+'[3]CB-8'!HZ83+'[3]CB-9'!HZ83+'[3]CB-10'!HZ83+'[3]CB-11'!HZ83+'[3]CB-12'!HZ83+'[3]CB-13'!HZ83+'[3]CB-14'!HZ83+'[3]CB-15'!HZ83+'[3]CB-16'!HZ83+'[3]CB-17'!HZ83+'[3]CB-18'!HZ83+'[3]CB-19'!HZ83+'[3]CB-20'!HZ83+'[3]CB-21'!HZ83+'[3]CB-22'!HZ83+'[3]CB-23'!HZ83+'[3]CB-24'!HZ83+'[4]LCT-1'!HZ83+'[4]LCT-2'!HZ83+'[4]LCT-3'!HZ83+'[4]LCT-4'!HZ83+'[4]LCT-5'!HZ83+'[4]LCT-6'!HZ83+'[4]LCT-7'!HZ83+'[4]LCT-8'!HZ83+'[5]TB-1'!HZ83+'[5]TB-2'!HZ83+'[5]TB-3'!HZ83+'[5]TB-4'!HZ83+'[5]TB-5'!HZ83+'[5]TB-6'!HZ83+'[5]TB-7'!HZ83+'[5]TB-8'!HZ83+'[5]TB-9'!HZ83+'[5]TB-10'!HZ83+'[6]DSV-1'!HZ83+'[6]DSV-2'!HZ83+'[6]DSV-3'!HZ83+'[7]TUB-1'!HZ83+'[7]TUB-2'!HZ83+'[8]Barge-1'!HZ83+'[8]Barge-2'!HZ83+'[8]Barge-3'!HZ83+'[8]Barge-4'!HZ83 -> 0
