Workbook
Name IDS: "Rectangle 3"

Sheet EnC
L5: =[1]Control!AU10 -> 25 Nov - 24 Dec 2025 | AE5: =[1]Control!AU10 -> 25 Nov - 24 Dec 2025
C7: FUEL COST | E7: CHARTER RATE | G7: MOB / DEMOB | I7: TOTAL COST | J7: PCT | L7: BOAT HOURS | M7: PCT | V7: FUEL COST | X7: CHARTER RATE | Z7: MOB / DEMOB | AB7: TOTAL COST | AC7: PCT | AE7: BOAT HOURS | AF7: PCT
L8: Logistics Cost Sharing | AE8: Logistics Cost Sharing
A9: SOUTH _OSF | C9: =Distribute!C42 -> 45728.79 | E9: =Distribute!D42 -> 25643.066 | G9: =Distribute!E42 -> 0 | I9: =SUM(C9,E9,G9) -> 71371.856 | J9: =(I9/I21)*100% -> 0.247323 | L9: ='[2]AHTS-1'!GE42+'[2]AHTS-2'!GE42+'[2]AHTS-3'!GE42+'[2]AHTS-4'!GE42+'[2]AHTS-5'!GE42+'[2]AHTS-6'!GE42+'[2]AHTS-7'!GE42+'[2]AHTS-8'!GE42+'[3]CB-1'!GE42+'[3]CB-2'!GE42+'[3]CB-3'!GE42+'[3]CB-4'!GE42+'[3]CB-5'!GE42+'[3]CB-6'!GE42+'[3]CB-7'!GE42+'[3]CB-8'!GE42+'[3]CB-9'!GE42+'[3]CB-10'!GE42+'[3]CB-11'!GE42+'[3]CB-12'!GE42+'[3]CB-13'!GE42+'[3]CB-14'!GE42+'[3]CB-15'!GE42+'[3]CB-16'!GE42+'[3]CB-17'!GE42+'[3]CB-18'!GE42+'[3]CB-19'!GE42+'[3]CB-20'!GE42+'[3]CB-21'!GE42+'[3]CB-22'!GE42+'[3]CB-23'!GE42+'[3]CB-24'!GE42+'[4]LCT-1'!GE42+'[4]LCT-2'!GE42+'[4]LCT-3'!GE42+'[4]LCT-4'!GE42+'[4]LCT-5'!GE42+'[4]LCT-6'!GE42+'[4]LCT-7'!GE42+'[4]LCT-8'!GE42+'[5]TB-1'!GE42+'[5]TB-2'!GE42+'[5]TB-3'!GE42+'[5]TB-4'!GE42+'[5]TB-5'!GE42+'[5]TB-6'!GE42+'[5]TB-7'!GE42+'[5]TB-8'!GE42+'[5]TB-9'!GE42+'[5]TB-10'!GE42+'[6]DSV-1'!GE42+'[6]DSV-2'!GE42+'[6]DSV-3'!GE42+'[7]TUB-1'!GE42+'[7]TUB-2'!GE42+'[8]Barge-1'!GE42+'[8]Barge-2'!GE42+'[8]Barge-3'!GE42+'[8]Barge-4'!GE42 -> 402 | M9: =(L9/L21)*100% -> 0.16175544 | T9: SOUTH_OSF | V9: =Distribute!W42 -> 725280350 | X9: =Distribute!X42 -> 407125000 | Z9: =Distribute!Y42 -> 0 | AB9: =SUM(V9,X9,Z9) -> 1132405350 | AC9: =(AB9/AB21)*100% -> 0.24880435 | AE9: ='[2]AHTS-1'!GE42+'[2]AHTS-2'!GE42+'[2]AHTS-3'!GE42+'[2]AHTS-4'!GE42+'[2]AHTS-5'!GE42+'[2]AHTS-6'!GE42+'[2]AHTS-7'!GE42+'[2]AHTS-8'!GE42+'[3]CB-1'!GE42+'[3]CB-2'!GE42+'[3]CB-3'!GE42+'[3]CB-4'!GE42+'[3]CB-5'!GE42+'[3]CB-6'!GE42+'[3]CB-7'!GE42+'[3]CB-8'!GE42+'[3]CB-9'!GE42+'[3]CB-10'!GE42+'[3]CB-11'!GE42+'[3]CB-12'!GE42+'[3]CB-13'!GE42+'[3]CB-14'!GE42+'[3]CB-15'!GE42+'[3]CB-16'!GE42+'[3]CB-17'!GE42+'[3]CB-18'!GE42+'[3]CB-19'!GE42+'[3]CB-20'!GE42+'[3]CB-21'!GE42+'[3]CB-22'!GE42+'[3]CB-23'!GE42+'[3]CB-24'!GE42+'[4]LCT-1'!GE42+'[4]LCT-2'!GE42+'[4]LCT-3'!GE42+'[4]LCT-4'!GE42+'[4]LCT-5'!GE42+'[4]LCT-6'!GE42+'[4]LCT-7'!GE42+'[4]LCT-8'!GE42+'[5]TB-1'!GE42+'[5]TB-2'!GE42+'[5]TB-3'!GE42+'[5]TB-4'!GE42+'[5]TB-5'!GE42+'[5]TB-6'!GE42+'[5]TB-7'!GE42+'[5]TB-8'!GE42+'[5]TB-9'!GE42+'[5]TB-10'!GE42+'[6]DSV-1'!GE42+'[6]DSV-2'!GE42+'[6]DSV-3'!GE42+'[7]TUB-1'!GE42+'[7]TUB-2'!GE42+'[8]Barge-1'!GE42+'[8]Barge-2'!GE42+'[8]Barge-3'!GE42+'[8]Barge-4'!GE42 -> 402 | AF9: =(AE9/AE21)*100% -> 0.19022982
A11: NORTH_OSF | C11: =Distribute!F42 -> 117224.8 | E11: =Distribute!G42 -> 99980.859 | G11: =Distribute!H42 -> 0 | I11: =SUM(C11,E11,G11) -> 217205.66 | J11: =(I11/I21)*100% -> 0.752677 | L11: ='[2]AHTS-1'!GF42+'[2]AHTS-2'!GF42+'[2]AHTS-3'!GF42+'[2]AHTS-4'!GF42+'[2]AHTS-5'!GF42+'[2]AHTS-6'!GF42+'[2]AHTS-7'!GF42+'[2]AHTS-8'!GF42+'[3]CB-1'!GF42+'[3]CB-2'!GF42+'[3]CB-3'!GF42+'[3]CB-4'!GF42+'[3]CB-5'!GF42+'[3]CB-6'!GF42+'[3]CB-7'!GF42+'[3]CB-8'!GF42+'[3]CB-9'!GF42+'[3]CB-10'!GF42+'[3]CB-11'!GF42+'[3]CB-12'!GF42+'[3]CB-13'!GF42+'[3]CB-14'!GF42+'[3]CB-15'!GF42+'[3]CB-16'!GF42+'[3]CB-17'!GF42+'[3]CB-18'!GF42+'[3]CB-19'!GF42+'[3]CB-20'!GF42+'[3]CB-21'!GF42+'[3]CB-22'!GF42+'[3]CB-23'!GF42+'[3]CB-24'!GF42+'[4]LCT-1'!GF42+'[4]LCT-2'!GF42+'[4]LCT-3'!GF42+'[4]LCT-4'!GF42+'[4]LCT-5'!GF42+'[4]LCT-6'!GF42+'[4]LCT-7'!GF42+'[4]LCT-8'!GF42+'[5]TB-1'!GF42+'[5]TB-2'!GF42+'[5]TB-3'!GF42+'[5]TB-4'!GF42+'[5]TB-5'!GF42+'[5]TB-6'!GF42+'[5]TB-7'!GF42+'[5]TB-8'!GF42+'[5]TB-9'!GF42+'[5]TB-10'!GF42+'[6]DSV-1'!GF42+'[6]DSV-2'!GF42+'[6]DSV-3'!GF42+'[7]TUB-1'!GF42+'[7]TUB-2'!GF42+'[8]Barge-1'!GF42+'[8]Barge-2'!GF42+'[8]Barge-3'!GF42+'[8]Barge-4'!GF42 -> 2083.2333 | M11: =(L11/L21)*100% -> 0.83824456 | T11: NORTH_OSF | V11: =Distribute!Z42 -> 1.8446665e+09 | X11: =Distribute!AA42 -> 1.5743169e+09 | Z11: =Distribute!AB42 -> 0 | AB11: =SUM(V11,X11,Z11) -> 3.4189835e+09 | AC11: =(AB11/AB21)*100% -> 0.75119565 | AE11: ='[2]AHTS-1'!GF42+'[2]AHTS-2'!GF42+'[2]AHTS-3'!GF42+'[2]AHTS-4'!GF42+'[2]AHTS-5'!GF42+'[2]AHTS-6'!GF42+'[2]AHTS-7'!GF42+'[2]AHTS-8'!GF42+'[3]CB-1'!GF42+'[3]CB-2'!GF42+'[3]CB-3'!GF42+'[3]CB-4'!GF42+'[3]CB-5'!GF42+'[3]CB-6'!GF42+'[3]CB-7'!GF42+'[3]CB-8'!GF42+'[3]CB-9'!GF42+'[3]CB-10'!GF42+'[3]CB-11'!GF42+'[3]CB-12'!GF42+'[3]CB-13'!GF42+'[3]CB-14'!GF42+'[3]CB-15'!GF42+'[3]CB-16'!GF42+'[3]CB-17'!GF42+'[3]CB-18'!GF42+'[3]CB-19'!GF42+'[3]CB-20'!GF42+'[3]CB-21'!GF42+'[3]CB-22'!GF42+'[3]CB-23'!GF42+'[3]CB-24'!GF42+'[4]LCT-1'!GF42+'[4]LCT-2'!GF42+'[4]LCT-3'!GF42+'[4]LCT-4'!GF42+'[4]LCT-5'!GF42+'[4]LCT-6'!GF42+'[4]LCT-7'!GF42+'[4]LCT-8'!GF42+'[5]TB-1'!GE42+'[5]TB-2'!GE42+'[5]TB-3'!GE42+'[5]TB-4'!GE42+'[5]TB-5'!GE42+'[5]TB-6'!GE42+'[5]TB-7'!GE42+'[5]TB-8'!GE42+'[5]TB-9'!GE42+'[5]TB-10'!GE42+'[6]DSV-1'!GF42+'[6]DSV-2'!GF42+'[6]DSV-3'!GF42+'[7]TUB-1'!GF42+'[7]TUB-2'!GF42+'[8]Barge-1'!GF42+'[8]Barge-2'!GF42+'[8]Barge-3'!GF42+'[8]Barge-4'!GF42 -> 1711.2333 | AF11: =(AE11/AE21)*100% -> 0.80977018
A21: TOTAL COST | C21: =SUM(C9:C20) -> 162953.59 | E21: =SUM(E9:E20) -> 125623.93 | G21: =SUM(G9:G20) -> 0 | I21: =SUM(I9,I11) -> 288577.51 | J21: =SUM(J9,J11) -> 1 | L21: =SUM(L9,L11) -> 2485.2333 | M21: =SUM(M9,M11) -> 1 | T21: TOTAL COST | V21: =SUM(V9:V20) -> 2.5699469e+09 | X21: =SUM(X9:X20) -> 1.9814419e+09 | Z21: =SUM(Z9:Z20) -> 0 | AB21: =SUM(AB9,AB11) -> 4.5513888e+09 | AC21: =SUM(AC9,AC11) -> 1 | AE21: =SUM(AE9,AE11) -> 2113.2333 | AF21: =SUM(AF9,AF11) -> 1
E25: Summary | I25: Daily Boat Cost Distribution to FE&C South & North | O25: FE&C Boat Cost Analysis | X25: Summary | AB25: Daily Boat Cost Distribution to FE&C South & North | AH25: FE&C Boat Cost Analysis
A44: =L5 -> 25 Nov - 24 Dec 2025 | C44: Fuel (liter)
A45: =A9 -> SOUTH _OSF | C45: =Distribute!C82 -> 44909
A46: =A11 -> NORTH_OSF | C46: =Distribute!F82 -> 114220.84
A47: TOTAL (liter) | C47: =SUM(C45:C46) -> 159129.84

Sheet Distribute
D8: 1 | G8: 2 | X8: 1 | AA8: 2
C9: =[1]Control!$HC$10 -> SOUTH OSF | F9: =[1]Control!$HD$10 -> NORTH OSF | W9: =[1]Control!$HC$10 -> SOUTH OSF | Z9: =[1]Control!$HD$10 -> NORTH OSF
A10: DATE | C10: FUEL | D10: DAYRATE | E10: MOB / DEMOB | F10: FUEL | G10: DAYRATE | H10: MOB / DEMOB | U10: DATE | W10: FUEL | X10: DAYRATE | Y10: MOB / DEMOB | Z10: FUEL | AA10: DAYRATE | AB10: MOB / DEMOB
A11: =[1]Control!AZ11 -> 45986 | C11: ='[2]AHTS-1'!AT11+'[2]AHTS-2'!AT11+'[2]AHTS-3'!AT11+'[2]AHTS-4'!AT11+'[2]AHTS-5'!AT11+'[2]AHTS-6'!AT11+'[2]AHTS-7'!AT11+'[2]AHTS-8'!AT11+'[3]CB-1'!AT11+'[3]CB-2'!AT11+'[3]CB-3'!AT11+'[3]CB-4'!AT11+'[3]CB-5'!AT11+'[3]CB-6'!AT11+'[3]CB-7'!AT11+'[3]CB-8'!AT11+'[3]CB-9'!AT11+'[3]CB-10'!AT11+'[3]CB-11'!AT11+'[3]CB-12'!AT11+'[3]CB-13'!AT11+'[3]CB-14'!AT11+'[3]CB-15'!AT11+'[3]CB-16'!AT11+'[3]CB-17'!AT11+'[3]CB-18'!AT11+'[3]CB-19'!AT11+'[3]CB-20'!AT11+'[3]CB-21'!AT11+'[3]CB-22'!AT11+'[3]CB-23'!AT11+'[3]CB-24'!AT11+'[4]LCT-1'!AT11+'[4]LCT-2'!AT11+'[4]LCT-3'!AT11+'[4]LCT-4'!AT11+'[4]LCT-5'!AT11+'[4]LCT-6'!AT11+'[4]LCT-7'!AT11+'[4]LCT-8'!AT11+'[5]TB-1'!AT11+'[5]TB-2'!AT11+'[5]TB-3'!AT11+'[5]TB-4'!AT11+'[5]TB-5'!AT11+'[5]TB-6'!AT11+'[5]TB-7'!AT11+'[5]TB-8'!AT11+'[5]TB-9'!AT11+'[5]TB-10'!AT11+'[6]DSV-1'!AT11+'[6]DSV-2'!AT11+'[6]DSV-3'!AT11+'[7]TUB-1'!AT11+'[7]TUB-2'!AT11+'[8]Barge-1'!AT11+'[8]Barge-2'!AT11+'[8]Barge-3'!AT11+'[8]Barge-4'!AT11 -> 0 | D11: ='[2]AHTS-1'!BP11+'[2]AHTS-2'!BP11+'[2]AHTS-3'!BP11+'[2]AHTS-4'!BP11+'[2]AHTS-5'!BP11+'[2]AHTS-6'!BP11+'[2]AHTS-7'!BP11+'[2]AHTS-8'!BP11+'[3]CB-1'!BP11+'[3]CB-2'!BP11+'[3]CB-3'!BP11+'[3]CB-4'!BP11+'[3]CB-5'!BP11+'[3]CB-6'!BP11+'[3]CB-7'!BP11+'[3]CB-8'!BP11+'[3]CB-9'!BP11+'[3]CB-10'!BP11+'[3]CB-11'!BP11+'[3]CB-12'!BP11+'[3]CB-13'!BP11+'[3]CB-14'!BP11+'[3]CB-15'!BP11+'[3]CB-16'!BP11+'[3]CB-17'!BP11+'[3]CB-18'!BP11+'[3]CB-19'!BP11+'[3]CB-20'!BP11+'[3]CB-21'!BP11+'[3]CB-22'!BP11+'[3]CB-23'!BP11+'[3]CB-24'!BP11+'[4]LCT-1'!BP11+'[4]LCT-2'!BP11+'[4]LCT-3'!BP11+'[4]LCT-4'!BP11+'[4]LCT-5'!BP11+'[4]LCT-6'!BP11+'[4]LCT-7'!BP11+'[4]LCT-8'!BP11+'[5]TB-1'!BP11+'[5]TB-2'!BP11+'[5]TB-3'!BP11+'[5]TB-4'!BP11+'[5]TB-5'!BP11+'[5]TB-6'!BP11+'[5]TB-7'!BP11+'[5]TB-8'!BP11+'[5]TB-9'!BP11+'[5]TB-10'!BP11+'[6]DSV-1'!BP11+'[6]DSV-2'!BP11+'[6]DSV-3'!BP11+'[7]TUB-1'!BP11+'[7]TUB-2'!BP11+'[8]Barge-1'!BP11+'[8]Barge-2'!BP11+'[8]Barge-3'!BP11+'[8]Barge-4'!BP11 -> 0 | E11: ='[2]AHTS-1'!CL11+'[2]AHTS-2'!CL11+'[2]AHTS-3'!CL11+'[2]AHTS-4'!CL11+'[2]AHTS-5'!CL11+'[2]AHTS-6'!CL11+'[2]AHTS-7'!CL11+'[2]AHTS-8'!CL11+'[3]CB-1'!CL11+'[3]CB-2'!CL11+'[3]CB-3'!CL11+'[3]CB-4'!CL11+'[3]CB-5'!CL11+'[3]CB-6'!CL11+'[3]CB-7'!CL11+'[3]CB-8'!CL11+'[3]CB-9'!CL11+'[3]CB-10'!CL11+'[3]CB-11'!CL11+'[3]CB-12'!CL11+'[3]CB-13'!CL11+'[3]CB-14'!CL11+'[3]CB-15'!CL11+'[3]CB-16'!CL11+'[3]CB-17'!CL11+'[3]CB-18'!CL11+'[3]CB-19'!CL11+'[3]CB-20'!CL11+'[3]CB-21'!CL11+'[3]CB-22'!CL11+'[3]CB-23'!CL11+'[3]CB-24'!CL11+'[4]LCT-1'!CL11+'[4]LCT-2'!CL11+'[4]LCT-3'!CL11+'[4]LCT-4'!CL11+'[4]LCT-5'!CL11+'[4]LCT-6'!CL11+'[4]LCT-7'!CL11+'[4]LCT-8'!CL11+'[5]TB-1'!CL11+'[5]TB-2'!CL11+'[5]TB-3'!CL11+'[5]TB-4'!CL11+'[5]TB-5'!CL11+'[5]TB-6'!CL11+'[5]TB-7'!CL11+'[5]TB-8'!CL11+'[5]TB-9'!CL11+'[5]TB-10'!CL11+'[6]DSV-1'!CL11+'[6]DSV-2'!CL11+'[6]DSV-3'!CL11+'[7]TUB-1'!CL11+'[7]TUB-2'!CL11+'[8]Barge-1'!CL11+'[8]Barge-2'!CL11+'[8]Barge-3'!CL11+'[8]Barge-4'!CL11 -> 0 | F11: ='[2]AHTS-1'!AU11+'[2]AHTS-2'!AU11+'[2]AHTS-3'!AU11+'[2]AHTS-4'!AU11+'[2]AHTS-5'!AU11+'[2]AHTS-6'!AU11+'[2]AHTS-7'!AU11+'[2]AHTS-8'!AU11+'[3]CB-1'!AU11+'[3]CB-2'!AU11+'[3]CB-3'!AU11+'[3]CB-4'!AU11+'[3]CB-5'!AU11+'[3]CB-6'!AU11+'[3]CB-7'!AU11+'[3]CB-8'!AU11+'[3]CB-9'!AU11+'[3]CB-10'!AU11+'[3]CB-11'!AU11+'[3]CB-12'!AU11+'[3]CB-13'!AU11+'[3]CB-14'!AU11+'[3]CB-15'!AU11+'[3]CB-16'!AU11+'[3]CB-17'!AU11+'[3]CB-18'!AU11+'[3]CB-19'!AU11+'[3]CB-20'!AU11+'[3]CB-21'!AU11+'[3]CB-22'!AU11+'[3]CB-23'!AU11+'[3]CB-24'!AU11+'[4]LCT-1'!AU11+'[4]LCT-2'!AU11+'[4]LCT-3'!AU11+'[4]LCT-4'!AU11+'[4]LCT-5'!AU11+'[4]LCT-6'!AU11+'[4]LCT-7'!AU11+'[4]LCT-8'!AU11+'[5]TB-1'!AU11+'[5]TB-2'!AU11+'[5]TB-3'!AU11+'[5]TB-4'!AU11+'[5]TB-5'!AU11+'[5]TB-6'!AU11+'[5]TB-7'!AU11+'[5]TB-8'!AU11+'[5]TB-9'!AU11+'[5]TB-10'!AU11+'[6]DSV-1'!AU11+'[6]DSV-2'!AU11+'[6]DSV-3'!AU11+'[7]TUB-1'!AU11+'[7]TUB-2'!AU11+'[8]Barge-1'!AU11+'[8]Barge-2'!AU11+'[8]Barge-3'!AU11+'[8]Barge-4'!AU11 -> 13399.433 | G11: ='[2]AHTS-1'!BQ11+'[2]AHTS-2'!BQ11+'[2]AHTS-3'!BQ11+'[2]AHTS-4'!BQ11+'[2]AHTS-5'!BQ11+'[2]AHTS-6'!BQ11+'[2]AHTS-7'!BQ11+'[2]AHTS-8'!BQ11+'[3]CB-1'!BQ11+'[3]CB-2'!BQ11+'[3]CB-3'!BQ11+'[3]CB-4'!BQ11+'[3]CB-5'!BQ11+'[3]CB-6'!BQ11+'[3]CB-7'!BQ11+'[3]CB-8'!BQ11+'[3]CB-9'!BQ11+'[3]CB-10'!BQ11+'[3]CB-11'!BQ11+'[3]CB-12'!BQ11+'[3]CB-13'!BQ11+'[3]CB-14'!BQ11+'[3]CB-15'!BQ11+'[3]CB-16'!BQ11+'[3]CB-17'!BQ11+'[3]CB-18'!BQ11+'[3]CB-19'!BQ11+'[3]CB-20'!BQ11+'[3]CB-21'!BQ11+'[3]CB-22'!BQ11+'[3]CB-23'!BQ11+'[3]CB-24'!BQ11+'[4]LCT-1'!BQ11+'[4]LCT-2'!BQ11+'[4]LCT-3'!BQ11+'[4]LCT-4'!BQ11+'[4]LCT-5'!BQ11+'[4]LCT-6'!BQ11+'[4]LCT-7'!BQ11+'[4]LCT-8'!BQ11+'[5]TB-1'!BQ11+'[5]TB-2'!BQ11+'[5]TB-3'!BQ11+'[5]TB-4'!BQ11+'[5]TB-5'!BQ11+'[5]TB-6'!BQ11+'[5]TB-7'!BQ11+'[5]TB-8'!BQ11+'[5]TB-9'!BQ11+'[5]TB-10'!BQ11+'[6]DSV-1'!BQ11+'[6]DSV-2'!BQ11+'[6]DSV-3'!BQ11+'[7]TUB-1'!BQ11+'[7]TUB-2'!BQ11+'[8]Barge-1'!BQ11+'[8]Barge-2'!BQ11+'[8]Barge-3'!BQ11+'[8]Barge-4'!BQ11 -> 8165.3763 | H11: ='[2]AHTS-1'!CM11+'[2]AHTS-2'!CM11+'[2]AHTS-3'!CM11+'[2]AHTS-4'!CM11+'[2]AHTS-5'!CM11+'[2]AHTS-6'!CM11+'[2]AHTS-7'!CM11+'[2]AHTS-8'!CM11+'[3]CB-1'!CM11+'[3]CB-2'!CM11+'[3]CB-3'!CM11+'[3]CB-4'!CM11+'[3]CB-5'!CM11+'[3]CB-6'!CM11+'[3]CB-7'!CM11+'[3]CB-8'!CM11+'[3]CB-9'!CM11+'[3]CB-10'!CM11+'[3]CB-11'!CM11+'[3]CB-12'!CM11+'[3]CB-13'!CM11+'[3]CB-14'!CM11+'[3]CB-15'!CM11+'[3]CB-16'!CM11+'[3]CB-17'!CM11+'[3]CB-18'!CM11+'[3]CB-19'!CM11+'[3]CB-20'!CM11+'[3]CB-21'!CM11+'[3]CB-22'!CM11+'[3]CB-23'!CM11+'[3]CB-24'!CM11+'[4]LCT-1'!CM11+'[4]LCT-2'!CM11+'[4]LCT-3'!CM11+'[4]LCT-4'!CM11+'[4]LCT-5'!CM11+'[4]LCT-6'!CM11+'[4]LCT-7'!CM11+'[4]LCT-8'!CM11+'[5]TB-1'!CM11+'[5]TB-2'!CM11+'[5]TB-3'!CM11+'[5]TB-4'!CM11+'[5]TB-5'!CM11+'[5]TB-6'!CM11+'[5]TB-7'!CM11+'[5]TB-8'!CM11+'[5]TB-9'!CM11+'[5]TB-10'!CM11+'[6]DSV-1'!CM11+'[6]DSV-2'!CM11+'[6]DSV-3'!CM11+'[7]TUB-1'!CM11+'[7]TUB-2'!CM11+'[8]Barge-1'!CM11+'[8]Barge-2'!CM11+'[8]Barge-3'!CM11+'[8]Barge-4'!CM11 -> 0 | U11: =[1]Control!AZ11 -> 45986 | W11: ='[2]AHTS-1'!IA49+'[2]AHTS-2'!IA49+'[2]AHTS-3'!IA49+'[2]AHTS-4'!IA49+'[2]AHTS-5'!IA49+'[2]AHTS-6'!IA49+'[2]AHTS-7'!IA49+'[2]AHTS-8'!IA49+'[3]CB-1'!IA49+'[3]CB-2'!IA49+'[3]CB-3'!IA49+'[3]CB-4'!IA49+'[3]CB-5'!IA49+'[3]CB-6'!IA49+'[3]CB-7'!IA49+'[3]CB-8'!IA49+'[3]CB-9'!IA49+'[3]CB-10'!IA49+'[3]CB-11'!IA49+'[3]CB-12'!IA49+'[3]CB-13'!IA49+'[3]CB-14'!IA49+'[3]CB-15'!IA49+'[3]CB-16'!IA49+'[3]CB-17'!IA49+'[3]CB-18'!IA49+'[3]CB-19'!IA49+'[3]CB-20'!IA49+'[3]CB-21'!IA49+'[3]CB-22'!IA49+'[3]CB-23'!IA49+'[3]CB-24'!IA49+'[4]LCT-1'!IA49+'[4]LCT-2'!IA49+'[4]LCT-3'!IA49+'[4]LCT-4'!IA49+'[4]LCT-5'!IA49+'[4]LCT-6'!IA49+'[4]LCT-7'!IA49+'[4]LCT-8'!IA49+'[5]TB-1'!IA49+'[5]TB-2'!IA49+'[5]TB-3'!IA49+'[5]TB-4'!IA49+'[5]TB-5'!IA49+'[5]TB-6'!IA49+'[5]TB-7'!IA49+'[5]TB-8'!IA49+'[5]TB-9'!IA49+'[5]TB-10'!IA49+'[6]DSV-1'!IA49+'[6]DSV-2'!IA49+'[6]DSV-3'!IA49+'[7]TUB-1'!IA49+'[7]TUB-2'!IA49+'[8]Barge-1'!IA49+'[8]Barge-2'!IA49+'[8]Barge-3'!IA49+'[8]Barge-4'!IA49 -> 0 | X11: ='[2]AHTS-1'!IA11+'[2]AHTS-2'!IA11+'[2]AHTS-3'!IA11+'[2]AHTS-4'!IA11+'[2]AHTS-5'!IA11+'[2]AHTS-6'!IA11+'[2]AHTS-7'!IA11+'[2]AHTS-8'!IA11+'[3]CB-1'!IA11+'[3]CB-2'!IA11+'[3]CB-3'!IA11+'[3]CB-4'!IA11+'[3]CB-5'!IA11+'[3]CB-6'!IA11+'[3]CB-7'!IA11+'[3]CB-8'!IA11+'[3]CB-9'!IA11+'[3]CB-10'!IA11+'[3]CB-11'!IA11+'[3]CB-12'!IA11+'[3]CB-13'!IA11+'[3]CB-14'!IA11+'[3]CB-15'!IA11+'[3]CB-16'!IA11+'[3]CB-17'!IA11+'[3]CB-18'!IA11+'[3]CB-19'!IA11+'[3]CB-20'!IA11+'[3]CB-21'!IA11+'[3]CB-22'!IA11+'[3]CB-23'!IA11+'[3]CB-24'!IA11+'[4]LCT-1'!IA11+'[4]LCT-2'!IA11+'[4]LCT-3'!IA11+'[4]LCT-4'!IA11+'[4]LCT-5'!IA11+'[4]LCT-6'!IA11+'[4]LCT-7'!IA11+'[4]LCT-8'!IA11+'[5]TB-1'!IA11+'[5]TB-2'!IA11+'[5]TB-3'!IA11+'[5]TB-4'!IA11+'[5]TB-5'!IA11+'[5]TB-6'!IA11+'[5]TB-7'!IA11+'[5]TB-8'!IA11+'[5]TB-9'!IA11+'[5]TB-10'!IA11+'[6]DSV-1'!IA11+'[6]DSV-2'!IA11+'[6]DSV-3'!IA11+'[7]TUB-1'!IA11+'[7]TUB-2'!IA11+'[8]Barge-1'!IA11+'[8]Barge-2'!IA11+'[8]Barge-3'!IA11+'[8]Barge-4'!IA11 -> 0 | Y11: ='[2]AHTS-1'!IA82+'[2]AHTS-2'!IA82+'[2]AHTS-3'!IA82+'[2]AHTS-4'!IA82+'[2]AHTS-5'!IA82+'[2]AHTS-6'!IA82+'[2]AHTS-7'!IA82+'[2]AHTS-8'!IA82+'[3]CB-1'!IA82+'[3]CB-2'!IA82+'[3]CB-3'!IA82+'[3]CB-4'!IA82+'[3]CB-5'!IA82+'[3]CB-6'!IA82+'[3]CB-7'!IA82+'[3]CB-8'!IA82+'[3]CB-9'!IA82+'[3]CB-10'!IA82+'[3]CB-11'!IA82+'[3]CB-12'!IA82+'[3]CB-13'!IA82+'[3]CB-14'!IA82+'[3]CB-15'!IA82+'[3]CB-16'!IA82+'[3]CB-17'!IA82+'[3]CB-18'!IA82+'[3]CB-19'!IA82+'[3]CB-20'!IA82+'[3]CB-21'!IA82+'[3]CB-22'!IA82+'[3]CB-23'!IA82+'[3]CB-24'!IA82+'[4]LCT-1'!IA82+'[4]LCT-2'!IA82+'[4]LCT-3'!IA82+'[4]LCT-4'!IA82+'[4]LCT-5'!IA82+'[4]LCT-6'!IA82+'[4]LCT-7'!IA82+'[4]LCT-8'!IA82+'[5]TB-1'!IA82+'[5]TB-2'!IA82+'[5]TB-3'!IA82+'[5]TB-4'!IA82+'[5]TB-5'!IA82+'[5]TB-6'!IA82+'[5]TB-7'!IA82+'[5]TB-8'!IA82+'[5]TB-9'!IA82+'[5]TB-10'!IA82+'[6]DSV-1'!IA82+'[6]DSV-2'!IA82+'[6]DSV-3'!IA82+'[7]TUB-1'!IA82+'[7]TUB-2'!IA82+'[8]Barge-1'!IA82+'[8]Barge-2'!IA82+'[8]Barge-3'!IA82+'[8]Barge-4'!IA82 -> 0 | Z11: ='[2]AHTS-1'!IB49+'[2]AHTS-2'!IB49+'[2]AHTS-3'!IB49+'[2]AHTS-4'!IB49+'[2]AHTS-5'!IB49+'[2]AHTS-6'!IB49+'[2]AHTS-7'!IB49+'[2]AHTS-8'!IB49+'[3]CB-1'!IB49+'[3]CB-2'!IB49+'[3]CB-3'!IB49+'[3]CB-4'!IB49+'[3]CB-5'!IB49+'[3]CB-6'!IB49+'[3]CB-7'!IB49+'[3]CB-8'!IB49+'[3]CB-9'!IB49+'[3]CB-10'!IB49+'[3]CB-11'!IB49+'[3]CB-12'!IB49+'[3]CB-13'!IB49+'[3]CB-14'!IB49+'[3]CB-15'!IB49+'[3]CB-16'!IB49+'[3]CB-17'!IB49+'[3]CB-18'!IB49+'[3]CB-19'!IB49+'[3]CB-20'!IB49+'[3]CB-21'!IB49+'[3]CB-22'!IB49+'[3]CB-23'!IB49+'[3]CB-24'!IB49+'[4]LCT-1'!IB49+'[4]LCT-2'!IB49+'[4]LCT-3'!IB49+'[4]LCT-4'!IB49+'[4]LCT-5'!IB49+'[4]LCT-6'!IB49+'[4]LCT-7'!IB49+'[4]LCT-8'!IB49+'[5]TB-1'!IB49+'[5]TB-2'!IB49+'[5]TB-3'!IB49+'[5]TB-4'!IB49+'[5]TB-5'!IB49+'[5]TB-6'!IB49+'[5]TB-7'!IB49+'[5]TB-8'!IB49+'[5]TB-9'!IB49+'[5]TB-10'!IB49+'[6]DSV-1'!IB49+'[6]DSV-2'!IB49+'[6]DSV-3'!IB49+'[7]TUB-1'!IB49+'[7]TUB-2'!IB49+'[8]Barge-1'!IB49+'[8]Barge-2'!IB49+'[8]Barge-3'!IB49+'[8]Barge-4'!IB49 -> 2.0941974e+08 | AA11: ='[2]AHTS-1'!IB11+'[2]AHTS-2'!IB11+'[2]AHTS-3'!IB11+'[2]AHTS-4'!IB11+'[2]AHTS-5'!IB11+'[2]AHTS-6'!IB11+'[2]AHTS-7'!IB11+'[2]AHTS-8'!IB11+'[3]CB-1'!IB11+'[3]CB-2'!IB11+'[3]CB-3'!IB11+'[3]CB-4'!IB11+'[3]CB-5'!IB11+'[3]CB-6'!IB11+'[3]CB-7'!IB11+'[3]CB-8'!IB11+'[3]CB-9'!IB11+'[3]CB-10'!IB11+'[3]CB-11'!IB11+'[3]CB-12'!IB11+'[3]CB-13'!IB11+'[3]CB-14'!IB11+'[3]CB-15'!IB11+'[3]CB-16'!IB11+'[3]CB-17'!IB11+'[3]CB-18'!IB11+'[3]CB-19'!IB11+'[3]CB-20'!IB11+'[3]CB-21'!IB11+'[3]CB-22'!IB11+'[3]CB-23'!IB11+'[3]CB-24'!IB11+'[4]LCT-1'!IB11+'[4]LCT-2'!IB11+'[4]LCT-3'!IB11+'[4]LCT-4'!IB11+'[4]LCT-5'!IB11+'[4]LCT-6'!IB11+'[4]LCT-7'!IB11+'[4]LCT-8'!IB11+'[5]TB-1'!IB11+'[5]TB-2'!IB11+'[5]TB-3'!IB11+'[5]TB-4'!IB11+'[5]TB-5'!IB11+'[5]TB-6'!IB11+'[5]TB-7'!IB11+'[5]TB-8'!IB11+'[5]TB-9'!IB11+'[5]TB-10'!IB11+'[6]DSV-1'!IB11+'[6]DSV-2'!IB11+'[6]DSV-3'!IB11+'[7]TUB-1'!IB11+'[7]TUB-2'!IB11+'[8]Barge-1'!IB11+'[8]Barge-2'!IB11+'[8]Barge-3'!IB11+'[8]Barge-4'!IB11 -> 1.2761667e+08 | AB11: ='[2]AHTS-1'!IB82+'[2]AHTS-2'!IB82+'[2]AHTS-3'!IB82+'[2]AHTS-4'!IB82+'[2]AHTS-5'!IB82+'[2]AHTS-6'!IB82+'[2]AHTS-7'!IB82+'[2]AHTS-8'!IB82+'[3]CB-1'!IB82+'[3]CB-2'!IB82+'[3]CB-3'!IB82+'[3]CB-4'!IB82+'[3]CB-5'!IB82+'[3]CB-6'!IB82+'[3]CB-7'!IB82+'[3]CB-8'!IB82+'[3]CB-9'!IB82+'[3]CB-10'!IB82+'[3]CB-11'!IB82+'[3]CB-12'!IB82+'[3]CB-13'!IB82+'[3]CB-14'!IB82+'[3]CB-15'!IB82+'[3]CB-16'!IB82+'[3]CB-17'!IB82+'[3]CB-18'!IB82+'[3]CB-19'!IB82+'[3]CB-20'!IB82+'[3]CB-21'!IB82+'[3]CB-22'!IB82+'[3]CB-23'!IB82+'[3]CB-24'!IB82+'[4]LCT-1'!IB82+'[4]LCT-2'!IB82+'[4]LCT-3'!IB82+'[4]LCT-4'!IB82+'[4]LCT-5'!IB82+'[4]LCT-6'!IB82+'[4]LCT-7'!IB82+'[4]LCT-8'!IB82+'[5]TB-1'!IB82+'[5]TB-2'!IB82+'[5]TB-3'!IB82+'[5]TB-4'!IB82+'[5]TB-5'!IB82+'[5]TB-6'!IB82+'[5]TB-7'!IB82+'[5]TB-8'!IB82+'[5]TB-9'!IB82+'[5]TB-10'!IB82+'[6]DSV-1'!IB82+'[6]DSV-2'!IB82+'[6]DSV-3'!IB82+'[7]TUB-1'!IB82+'[7]TUB-2'!IB82+'[8]Barge-1'!IB82+'[8]Barge-2'!IB82+'[8]Barge-3'!IB82+'[8]Barge-4'!IB82 -> 0
A12: =[1]Control!AZ12 -> 45987 | C12: ='[2]AHTS-1'!AT12+'[2]AHTS-2'!AT12+'[2]AHTS-3'!AT12+'[2]AHTS-4'!AT12+'[2]AHTS-5'!AT12+'[2]AHTS-6'!AT12+'[2]AHTS-7'!AT12+'[2]AHTS-8'!AT12+'[3]CB-1'!AT12+'[3]CB-2'!AT12+'[3]CB-3'!AT12+'[3]CB-4'!AT12+'[3]CB-5'!AT12+'[3]CB-6'!AT12+'[3]CB-7'!AT12+'[3]CB-8'!AT12+'[3]CB-9'!AT12+'[3]CB-10'!AT12+'[3]CB-11'!AT12+'[3]CB-12'!AT12+'[3]CB-13'!AT12+'[3]CB-14'!AT12+'[3]CB-15'!AT12+'[3]CB-16'!AT12+'[3]CB-17'!AT12+'[3]CB-18'!AT12+'[3]CB-19'!AT12+'[3]CB-20'!AT12+'[3]CB-21'!AT12+'[3]CB-22'!AT12+'[3]CB-23'!AT12+'[3]CB-24'!AT12+'[4]LCT-1'!AT12+'[4]LCT-2'!AT12+'[4]LCT-3'!AT12+'[4]LCT-4'!AT12+'[4]LCT-5'!AT12+'[4]LCT-6'!AT12+'[4]LCT-7'!AT12+'[4]LCT-8'!AT12+'[5]TB-1'!AT12+'[5]TB-2'!AT12+'[5]TB-3'!AT12+'[5]TB-4'!AT12+'[5]TB-5'!AT12+'[5]TB-6'!AT12+'[5]TB-7'!AT12+'[5]TB-8'!AT12+'[5]TB-9'!AT12+'[5]TB-10'!AT12+'[6]DSV-1'!AT12+'[6]DSV-2'!AT12+'[6]DSV-3'!AT12+'[7]TUB-1'!AT12+'[7]TUB-2'!AT12+'[8]Barge-1'!AT12+'[8]Barge-2'!AT12+'[8]Barge-3'!AT12+'[8]Barge-4'!AT12 -> 0 | D12: ='[2]AHTS-1'!BP12+'[2]AHTS-2'!BP12+'[2]AHTS-3'!BP12+'[2]AHTS-4'!BP12+'[2]AHTS-5'!BP12+'[2]AHTS-6'!BP12+'[2]AHTS-7'!BP12+'[2]AHTS-8'!BP12+'[3]CB-1'!BP12+'[3]CB-2'!BP12+'[3]CB-3'!BP12+'[3]CB-4'!BP12+'[3]CB-5'!BP12+'[3]CB-6'!BP12+'[3]CB-7'!BP12+'[3]CB-8'!BP12+'[3]CB-9'!BP12+'[3]CB-10'!BP12+'[3]CB-11'!BP12+'[3]CB-12'!BP12+'[3]CB-13'!BP12+'[3]CB-14'!BP12+'[3]CB-15'!BP12+'[3]CB-16'!BP12+'[3]CB-17'!BP12+'[3]CB-18'!BP12+'[3]CB-19'!BP12+'[3]CB-20'!BP12+'[3]CB-21'!BP12+'[3]CB-22'!BP12+'[3]CB-23'!BP12+'[3]CB-24'!BP12+'[4]LCT-1'!BP12+'[4]LCT-2'!BP12+'[4]LCT-3'!BP12+'[4]LCT-4'!BP12+'[4]LCT-5'!BP12+'[4]LCT-6'!BP12+'[4]LCT-7'!BP12+'[4]LCT-8'!BP12+'[5]TB-1'!BP12+'[5]TB-2'!BP12+'[5]TB-3'!BP12+'[5]TB-4'!BP12+'[5]TB-5'!BP12+'[5]TB-6'!BP12+'[5]TB-7'!BP12+'[5]TB-8'!BP12+'[5]TB-9'!BP12+'[5]TB-10'!BP12+'[6]DSV-1'!BP12+'[6]DSV-2'!BP12+'[6]DSV-3'!BP12+'[7]TUB-1'!BP12+'[7]TUB-2'!BP12+'[8]Barge-1'!BP12+'[8]Barge-2'!BP12+'[8]Barge-3'!BP12+'[8]Barge-4'!BP12 -> 0 | E12: ='[2]AHTS-1'!CL12+'[2]AHTS-2'!CL12+'[2]AHTS-3'!CL12+'[2]AHTS-4'!CL12+'[2]AHTS-5'!CL12+'[2]AHTS-6'!CL12+'[2]AHTS-7'!CL12+'[2]AHTS-8'!CL12+'[3]CB-1'!CL12+'[3]CB-2'!CL12+'[3]CB-3'!CL12+'[3]CB-4'!CL12+'[3]CB-5'!CL12+'[3]CB-6'!CL12+'[3]CB-7'!CL12+'[3]CB-8'!CL12+'[3]CB-9'!CL12+'[3]CB-10'!CL12+'[3]CB-11'!CL12+'[3]CB-12'!CL12+'[3]CB-13'!CL12+'[3]CB-14'!CL12+'[3]CB-15'!CL12+'[3]CB-16'!CL12+'[3]CB-17'!CL12+'[3]CB-18'!CL12+'[3]CB-19'!CL12+'[3]CB-20'!CL12+'[3]CB-21'!CL12+'[3]CB-22'!CL12+'[3]CB-23'!CL12+'[3]CB-24'!CL12+'[4]LCT-1'!CL12+'[4]LCT-2'!CL12+'[4]LCT-3'!CL12+'[4]LCT-4'!CL12+'[4]LCT-5'!CL12+'[4]LCT-6'!CL12+'[4]LCT-7'!CL12+'[4]LCT-8'!CL12+'[5]TB-1'!CL12+'[5]TB-2'!CL12+'[5]TB-3'!CL12+'[5]TB-4'!CL12+'[5]TB-5'!CL12+'[5]TB-6'!CL12+'[5]TB-7'!CL12+'[5]TB-8'!CL12+'[5]TB-9'!CL12+'[5]TB-10'!CL12+'[6]DSV-1'!CL12+'[6]DSV-2'!CL12+'[6]DSV-3'!CL12+'[7]TUB-1'!CL12+'[7]TUB-2'!CL12+'[8]Barge-1'!CL12+'[8]Barge-2'!CL12+'[8]Barge-3'!CL12+'[8]Barge-4'!CL12 -> 0 | F12: ='[2]AHTS-1'!AU12+'[2]AHTS-2'!AU12+'[2]AHTS-3'!AU12+'[2]AHTS-4'!AU12+'[2]AHTS-5'!AU12+'[2]AHTS-6'!AU12+'[2]AHTS-7'!AU12+'[2]AHTS-8'!AU12+'[3]CB-1'!AU12+'[3]CB-2'!AU12+'[3]CB-3'!AU12+'[3]CB-4'!AU12+'[3]CB-5'!AU12+'[3]CB-6'!AU12+'[3]CB-7'!AU12+'[3]CB-8'!AU12+'[3]CB-9'!AU12+'[3]CB-10'!AU12+'[3]CB-11'!AU12+'[3]CB-12'!AU12+'[3]CB-13'!AU12+'[3]CB-14'!AU12+'[3]CB-15'!AU12+'[3]CB-16'!AU12+'[3]CB-17'!AU12+'[3]CB-18'!AU12+'[3]CB-19'!AU12+'[3]CB-20'!AU12+'[3]CB-21'!AU12+'[3]CB-22'!AU12+'[3]CB-23'!AU12+'[3]CB-24'!AU12+'[4]LCT-1'!AU12+'[4]LCT-2'!AU12+'[4]LCT-3'!AU12+'[4]LCT-4'!AU12+'[4]LCT-5'!AU12+'[4]LCT-6'!AU12+'[4]LCT-7'!AU12+'[4]LCT-8'!AU12+'[5]TB-1'!AU12+'[5]TB-2'!AU12+'[5]TB-3'!AU12+'[5]TB-4'!AU12+'[5]TB-5'!AU12+'[5]TB-6'!AU12+'[5]TB-7'!AU12+'[5]TB-8'!AU12+'[5]TB-9'!AU12+'[5]TB-10'!AU12+'[6]DSV-1'!AU12+'[6]DSV-2'!AU12+'[6]DSV-3'!AU12+'[7]TUB-1'!AU12+'[7]TUB-2'!AU12+'[8]Barge-1'!AU12+'[8]Barge-2'!AU12+'[8]Barge-3'!AU12+'[8]Barge-4'!AU12 -> 12761.805 | G12: ='[2]AHTS-1'!BQ12+'[2]AHTS-2'!BQ12+'[2]AHTS-3'!BQ12+'[2]AHTS-4'!BQ12+'[2]AHTS-5'!BQ12+'[2]AHTS-6'!BQ12+'[2]AHTS-7'!BQ12+'[2]AHTS-8'!BQ12+'[3]CB-1'!BQ12+'[3]CB-2'!BQ12+'[3]CB-3'!BQ12+'[3]CB-4'!BQ12+'[3]CB-5'!BQ12+'[3]CB-6'!BQ12+'[3]CB-7'!BQ12+'[3]CB-8'!BQ12+'[3]CB-9'!BQ12+'[3]CB-10'!BQ12+'[3]CB-11'!BQ12+'[3]CB-12'!BQ12+'[3]CB-13'!BQ12+'[3]CB-14'!BQ12+'[3]CB-15'!BQ12+'[3]CB-16'!BQ12+'[3]CB-17'!BQ12+'[3]CB-18'!BQ12+'[3]CB-19'!BQ12+'[3]CB-20'!BQ12+'[3]CB-21'!BQ12+'[3]CB-22'!BQ12+'[3]CB-23'!BQ12+'[3]CB-24'!BQ12+'[4]LCT-1'!BQ12+'[4]LCT-2'!BQ12+'[4]LCT-3'!BQ12+'[4]LCT-4'!BQ12+'[4]LCT-5'!BQ12+'[4]LCT-6'!BQ12+'[4]LCT-7'!BQ12+'[4]LCT-8'!BQ12+'[5]TB-1'!BQ12+'[5]TB-2'!BQ12+'[5]TB-3'!BQ12+'[5]TB-4'!BQ12+'[5]TB-5'!BQ12+'[5]TB-6'!BQ12+'[5]TB-7'!BQ12+'[5]TB-8'!BQ12+'[5]TB-9'!BQ12+'[5]TB-10'!BQ12+'[6]DSV-1'!BQ12+'[6]DSV-2'!BQ12+'[6]DSV-3'!BQ12+'[7]TUB-1'!BQ12+'[7]TUB-2'!BQ12+'[8]Barge-1'!BQ12+'[8]Barge-2'!BQ12+'[8]Barge-3'!BQ12+'[8]Barge-4'!BQ12 -> 6918.1223 | H12: ='[2]AHTS-1'!CM12+'[2]AHTS-2'!CM12+'[2]AHTS-3'!CM12+'[2]AHTS-4'!CM12+'[2]AHTS-5'!CM12+'[2]AHTS-6'!CM12+'[2]AHTS-7'!CM12+'[2]AHTS-8'!CM12+'[3]CB-1'!CM12+'[3]CB-2'!CM12+'[3]CB-3'!CM12+'[3]CB-4'!CM12+'[3]CB-5'!CM12+'[3]CB-6'!CM12+'[3]CB-7'!CM12+'[3]CB-8'!CM12+'[3]CB-9'!CM12+'[3]CB-10'!CM12+'[3]CB-11'!CM12+'[3]CB-12'!CM12+'[3]CB-13'!CM12+'[3]CB-14'!CM12+'[3]CB-15'!CM12+'[3]CB-16'!CM12+'[3]CB-17'!CM12+'[3]CB-18'!CM12+'[3]CB-19'!CM12+'[3]CB-20'!CM12+'[3]CB-21'!CM12+'[3]CB-22'!CM12+'[3]CB-23'!CM12+'[3]CB-24'!CM12+'[4]LCT-1'!CM12+'[4]LCT-2'!CM12+'[4]LCT-3'!CM12+'[4]LCT-4'!CM12+'[4]LCT-5'!CM12+'[4]LCT-6'!CM12+'[4]LCT-7'!CM12+'[4]LCT-8'!CM12+'[5]TB-1'!CM12+'[5]TB-2'!CM12+'[5]TB-3'!CM12+'[5]TB-4'!CM12+'[5]TB-5'!CM12+'[5]TB-6'!CM12+'[5]TB-7'!CM12+'[5]TB-8'!CM12+'[5]TB-9'!CM12+'[5]TB-10'!CM12+'[6]DSV-1'!CM12+'[6]DSV-2'!CM12+'[6]DSV-3'!CM12+'[7]TUB-1'!CM12+'[7]TUB-2'!CM12+'[8]Barge-1'!CM12+'[8]Barge-2'!CM12+'[8]Barge-3'!CM12+'[8]Barge-4'!CM12 -> 0 | U12: =[1]Control!AZ12 -> 45987 | W12: ='[2]AHTS-1'!IA50+'[2]AHTS-2'!IA50+'[2]AHTS-3'!IA50+'[2]AHTS-4'!IA50+'[2]AHTS-5'!IA50+'[2]AHTS-6'!IA50+'[2]AHTS-7'!IA50+'[2]AHTS-8'!IA50+'[3]CB-1'!IA50+'[3]CB-2'!IA50+'[3]CB-3'!IA50+'[3]CB-4'!IA50+'[3]CB-5'!IA50+'[3]CB-6'!IA50+'[3]CB-7'!IA50+'[3]CB-8'!IA50+'[3]CB-9'!IA50+'[3]CB-10'!IA50+'[3]CB-11'!IA50+'[3]CB-12'!IA50+'[3]CB-13'!IA50+'[3]CB-14'!IA50+'[3]CB-15'!IA50+'[3]CB-16'!IA50+'[3]CB-17'!IA50+'[3]CB-18'!IA50+'[3]CB-19'!IA50+'[3]CB-20'!IA50+'[3]CB-21'!IA50+'[3]CB-22'!IA50+'[3]CB-23'!IA50+'[3]CB-24'!IA50+'[4]LCT-1'!IA50+'[4]LCT-2'!IA50+'[4]LCT-3'!IA50+'[4]LCT-4'!IA50+'[4]LCT-5'!IA50+'[4]LCT-6'!IA50+'[4]LCT-7'!IA50+'[4]LCT-8'!IA50+'[5]TB-1'!IA50+'[5]TB-2'!IA50+'[5]TB-3'!IA50+'[5]TB-4'!IA50+'[5]TB-5'!IA50+'[5]TB-6'!IA50+'[5]TB-7'!IA50+'[5]TB-8'!IA50+'[5]TB-9'!IA50+'[5]TB-10'!IA50+'[6]DSV-1'!IA50+'[6]DSV-2'!IA50+'[6]DSV-3'!IA50+'[7]TUB-1'!IA50+'[7]TUB-2'!IA50+'[8]Barge-1'!IA50+'[8]Barge-2'!IA50+'[8]Barge-3'!IA50+'[8]Barge-4'!IA50 -> 0 | X12: ='[2]AHTS-1'!IA12+'[2]AHTS-2'!IA12+'[2]AHTS-3'!IA12+'[2]AHTS-4'!IA12+'[2]AHTS-5'!IA12+'[2]AHTS-6'!IA12+'[2]AHTS-7'!IA12+'[2]AHTS-8'!IA12+'[3]CB-1'!IA12+'[3]CB-2'!IA12+'[3]CB-3'!IA12+'[3]CB-4'!IA12+'[3]CB-5'!IA12+'[3]CB-6'!IA12+'[3]CB-7'!IA12+'[3]CB-8'!IA12+'[3]CB-9'!IA12+'[3]CB-10'!IA12+'[3]CB-11'!IA12+'[3]CB-12'!IA12+'[3]CB-13'!IA12+'[3]CB-14'!IA12+'[3]CB-15'!IA12+'[3]CB-16'!IA12+'[3]CB-17'!IA12+'[3]CB-18'!IA12+'[3]CB-19'!IA12+'[3]CB-20'!IA12+'[3]CB-21'!IA12+'[3]CB-22'!IA12+'[3]CB-23'!IA12+'[3]CB-24'!IA12+'[4]LCT-1'!IA12+'[4]LCT-2'!IA12+'[4]LCT-3'!IA12+'[4]LCT-4'!IA12+'[4]LCT-5'!IA12+'[4]LCT-6'!IA12+'[4]LCT-7'!IA12+'[4]LCT-8'!IA12+'[5]TB-1'!IA12+'[5]TB-2'!IA12+'[5]TB-3'!IA12+'[5]TB-4'!IA12+'[5]TB-5'!IA12+'[5]TB-6'!IA12+'[5]TB-7'!IA12+'[5]TB-8'!IA12+'[5]TB-9'!IA12+'[5]TB-10'!IA12+'[6]DSV-1'!IA12+'[6]DSV-2'!IA12+'[6]DSV-3'!IA12+'[7]TUB-1'!IA12+'[7]TUB-2'!IA12+'[8]Barge-1'!IA12+'[8]Barge-2'!IA12+'[8]Barge-3'!IA12+'[8]Barge-4'!IA12 -> 0 | Y12: ='[2]AHTS-1'!IA83+'[2]AHTS-2'!IA83+'[2]AHTS-3'!IA83+'[2]AHTS-4'!IA83+'[2]AHTS-5'!IA83+'[2]AHTS-6'!IA83+'[2]AHTS-7'!IA83+'[2]AHTS-8'!IA83+'[3]CB-1'!IA83+'[3]CB-2'!IA83+'[3]CB-3'!IA83+'[3]CB-4'!IA83+'[3]CB-5'!IA83+'[3]CB-6'!IA83+'[3]CB-7'!IA83+'[3]CB-8'!IA83+'[3]CB-9'!IA83+'[3]CB-10'!IA83+'[3]CB-11'!IA83+'[3]CB-12'!IA83+'[3]CB-13'!IA83+'[3]CB-14'!IA83+'[3]CB-15'!IA83+'[3]CB-16'!IA83+'[3]CB-17'!IA83+'[3]CB-18'!IA83+'[3]CB-19'!IA83+'[3]CB-20'!IA83+'[3]CB-21'!IA83+'[3]CB-22'!IA83+'[3]CB-23'!IA83+'[3]CB-24'!IA83+'[4]LCT-1'!IA83+'[4]LCT-2'!IA83+'[4]LCT-3'!IA83+'[4]LCT-4'!IA83+'[4]LCT-5'!IA83+'[4]LCT-6'!IA83+'[4]LCT-7'!IA83+'[4]LCT-8'!IA83+'[5]TB-1'!IA83+'[5]TB-2'!IA83+'[5]TB-3'!IA83+'[5]TB-4'!IA83+'[5]TB-5'!IA83+'[5]TB-6'!IA83+'[5]TB-7'!IA83+'[5]TB-8'!IA83+'[5]TB-9'!IA83+'[5]TB-10'!IA83+'[6]DSV-1'!IA83+'[6]DSV-2'!IA83+'[6]DSV-3'!IA83+'[7]TUB-1'!IA83+'[7]TUB-2'!IA83+'[8]Barge-1'!IA83+'[8]Barge-2'!IA83+'[8]Barge-3'!IA83+'[8]Barge-4'!IA83 -> 0 | Z12: ='[2]AHTS-1'!IB50+'[2]AHTS-2'!IB50+'[2]AHTS-3'!IB50+'[2]AHTS-4'!IB50+'[2]AHTS-5'!IB50+'[2]AHTS-6'!IB50+'[2]AHTS-7'!IB50+'[2]AHTS-8'!IB50+'[3]CB-1'!IB50+'[3]CB-2'!IB50+'[3]CB-3'!IB50+'[3]CB-4'!IB50+'[3]CB-5'!IB50+'[3]CB-6'!IB50+'[3]CB-7'!IB50+'[3]CB-8'!IB50+'[3]CB-9'!IB50+'[3]CB-10'!IB50+'[3]CB-11'!IB50+'[3]CB-12'!IB50+'[3]CB-13'!IB50+'[3]CB-14'!IB50+'[3]CB-15'!IB50+'[3]CB-16'!IB50+'[3]CB-17'!IB50+'[3]CB-18'!IB50+'[3]CB-19'!IB50+'[3]CB-20'!IB50+'[3]CB-21'!IB50+'[3]CB-22'!IB50+'[3]CB-23'!IB50+'[3]CB-24'!IB50+'[4]LCT-1'!IB50+'[4]LCT-2'!IB50+'[4]LCT-3'!IB50+'[4]LCT-4'!IB50+'[4]LCT-5'!IB50+'[4]LCT-6'!IB50+'[4]LCT-7'!IB50+'[4]LCT-8'!IB50+'[5]TB-1'!IB50+'[5]TB-2'!IB50+'[5]TB-3'!IB50+'[5]TB-4'!IB50+'[5]TB-5'!IB50+'[5]TB-6'!IB50+'[5]TB-7'!IB50+'[5]TB-8'!IB50+'[5]TB-9'!IB50+'[5]TB-10'!IB50+'[6]DSV-1'!IB50+'[6]DSV-2'!IB50+'[6]DSV-3'!IB50+'[7]TUB-1'!IB50+'[7]TUB-2'!IB50+'[8]Barge-1'!IB50+'[8]Barge-2'!IB50+'[8]Barge-3'!IB50+'[8]Barge-4'!IB50 -> 1.9945425e+08 | AA12: ='[2]AHTS-1'!IB12+'[2]AHTS-2'!IB12+'[2]AHTS-3'!IB12+'[2]AHTS-4'!IB12+'[2]AHTS-5'!IB12+'[2]AHTS-6'!IB12+'[2]AHTS-7'!IB12+'[2]AHTS-8'!IB12+'[3]CB-1'!IB12+'[3]CB-2'!IB12+'[3]CB-3'!IB12+'[3]CB-4'!IB12+'[3]CB-5'!IB12+'[3]CB-6'!IB12+'[3]CB-7'!IB12+'[3]CB-8'!IB12+'[3]CB-9'!IB12+'[3]CB-10'!IB12+'[3]CB-11'!IB12+'[3]CB-12'!IB12+'[3]CB-13'!IB12+'[3]CB-14'!IB12+'[3]CB-15'!IB12+'[3]CB-16'!IB12+'[3]CB-17'!IB12+'[3]CB-18'!IB12+'[3]CB-19'!IB12+'[3]CB-20'!IB12+'[3]CB-21'!IB12+'[3]CB-22'!IB12+'[3]CB-23'!IB12+'[3]CB-24'!IB12+'[4]LCT-1'!IB12+'[4]LCT-2'!IB12+'[4]LCT-3'!IB12+'[4]LCT-4'!IB12+'[4]LCT-5'!IB12+'[4]LCT-6'!IB12+'[4]LCT-7'!IB12+'[4]LCT-8'!IB12+'[5]TB-1'!IB12+'[5]TB-2'!IB12+'[5]TB-3'!IB12+'[5]TB-4'!IB12+'[5]TB-5'!IB12+'[5]TB-6'!IB12+'[5]TB-7'!IB12+'[5]TB-8'!IB12+'[5]TB-9'!IB12+'[5]TB-10'!IB12+'[6]DSV-1'!IB12+'[6]DSV-2'!IB12+'[6]DSV-3'!IB12+'[7]TUB-1'!IB12+'[7]TUB-2'!IB12+'[8]Barge-1'!IB12+'[8]Barge-2'!IB12+'[8]Barge-3'!IB12+'[8]Barge-4'!IB12 -> 1.0812333e+08 | AB12: ='[2]AHTS-1'!IB83+'[2]AHTS-2'!IB83+'[2]AHTS-3'!IB83+'[2]AHTS-4'!IB83+'[2]AHTS-5'!IB83+'[2]AHTS-6'!IB83+'[2]AHTS-7'!IB83+'[2]AHTS-8'!IB83+'[3]CB-1'!IB83+'[3]CB-2'!IB83+'[3]CB-3'!IB83+'[3]CB-4'!IB83+'[3]CB-5'!IB83+'[3]CB-6'!IB83+'[3]CB-7'!IB83+'[3]CB-8'!IB83+'[3]CB-9'!IB83+'[3]CB-10'!IB83+'[3]CB-11'!IB83+'[3]CB-12'!IB83+'[3]CB-13'!IB83+'[3]CB-14'!IB83+'[3]CB-15'!IB83+'[3]CB-16'!IB83+'[3]CB-17'!IB83+'[3]CB-18'!IB83+'[3]CB-19'!IB83+'[3]CB-20'!IB83+'[3]CB-21'!IB83+'[3]CB-22'!IB83+'[3]CB-23'!IB83+'[3]CB-24'!IB83+'[4]LCT-1'!IB83+'[4]LCT-2'!IB83+'[4]LCT-3'!IB83+'[4]LCT-4'!IB83+'[4]LCT-5'!IB83+'[4]LCT-6'!IB83+'[4]LCT-7'!IB83+'[4]LCT-8'!IB83+'[5]TB-1'!IB83+'[5]TB-2'!IB83+'[5]TB-3'!IB83+'[5]TB-4'!IB83+'[5]TB-5'!IB83+'[5]TB-6'!IB83+'[5]TB-7'!IB83+'[5]TB-8'!IB83+'[5]TB-9'!IB83+'[5]TB-10'!IB83+'[6]DSV-1'!IB83+'[6]DSV-2'!IB83+'[6]DSV-3'!IB83+'[7]TUB-1'!IB83+'[7]TUB-2'!IB83+'[8]Barge-1'!IB83+'[8]Barge-2'!IB83+'[8]Barge-3'!IB83+'[8]Barge-4'!IB83 -> 0
A13: =[1]Control!AZ13 -> 45988 | C13: ='[2]AHTS-1'!AT13+'[2]AHTS-2'!AT13+'[2]AHTS-3'!AT13+'[2]AHTS-4'!AT13+'[2]AHTS-5'!AT13+'[2]AHTS-6'!AT13+'[2]AHTS-7'!AT13+'[2]AHTS-8'!AT13+'[3]CB-1'!AT13+'[3]CB-2'!AT13+'[3]CB-3'!AT13+'[3]CB-4'!AT13+'[3]CB-5'!AT13+'[3]CB-6'!AT13+'[3]CB-7'!AT13+'[3]CB-8'!AT13+'[3]CB-9'!AT13+'[3]CB-10'!AT13+'[3]CB-11'!AT13+'[3]CB-12'!AT13+'[3]CB-13'!AT13+'[3]CB-14'!AT13+'[3]CB-15'!AT13+'[3]CB-16'!AT13+'[3]CB-17'!AT13+'[3]CB-18'!AT13+'[3]CB-19'!AT13+'[3]CB-20'!AT13+'[3]CB-21'!AT13+'[3]CB-22'!AT13+'[3]CB-23'!AT13+'[3]CB-24'!AT13+'[4]LCT-1'!AT13+'[4]LCT-2'!AT13+'[4]LCT-3'!AT13+'[4]LCT-4'!AT13+'[4]LCT-5'!AT13+'[4]LCT-6'!AT13+'[4]LCT-7'!AT13+'[4]LCT-8'!AT13+'[5]TB-1'!AT13+'[5]TB-2'!AT13+'[5]TB-3'!AT13+'[5]TB-4'!AT13+'[5]TB-5'!AT13+'[5]TB-6'!AT13+'[5]TB-7'!AT13+'[5]TB-8'!AT13+'[5]TB-9'!AT13+'[5]TB-10'!AT13+'[6]DSV-1'!AT13+'[6]DSV-2'!AT13+'[6]DSV-3'!AT13+'[7]TUB-1'!AT13+'[7]TUB-2'!AT13+'[8]Barge-1'!AT13+'[8]Barge-2'!AT13+'[8]Barge-3'!AT13+'[8]Barge-4'!AT13 -> 0 | D13: ='[2]AHTS-1'!BP13+'[2]AHTS-2'!BP13+'[2]AHTS-3'!BP13+'[2]AHTS-4'!BP13+'[2]AHTS-5'!BP13+'[2]AHTS-6'!BP13+'[2]AHTS-7'!BP13+'[2]AHTS-8'!BP13+'[3]CB-1'!BP13+'[3]CB-2'!BP13+'[3]CB-3'!BP13+'[3]CB-4'!BP13+'[3]CB-5'!BP13+'[3]CB-6'!BP13+'[3]CB-7'!BP13+'[3]CB-8'!BP13+'[3]CB-9'!BP13+'[3]CB-10'!BP13+'[3]CB-11'!BP13+'[3]CB-12'!BP13+'[3]CB-13'!BP13+'[3]CB-14'!BP13+'[3]CB-15'!BP13+'[3]CB-16'!BP13+'[3]CB-17'!BP13+'[3]CB-18'!BP13+'[3]CB-19'!BP13+'[3]CB-20'!BP13+'[3]CB-21'!BP13+'[3]CB-22'!BP13+'[3]CB-23'!BP13+'[3]CB-24'!BP13+'[4]LCT-1'!BP13+'[4]LCT-2'!BP13+'[4]LCT-3'!BP13+'[4]LCT-4'!BP13+'[4]LCT-5'!BP13+'[4]LCT-6'!BP13+'[4]LCT-7'!BP13+'[4]LCT-8'!BP13+'[5]TB-1'!BP13+'[5]TB-2'!BP13+'[5]TB-3'!BP13+'[5]TB-4'!BP13+'[5]TB-5'!BP13+'[5]TB-6'!BP13+'[5]TB-7'!BP13+'[5]TB-8'!BP13+'[5]TB-9'!BP13+'[5]TB-10'!BP13+'[6]DSV-1'!BP13+'[6]DSV-2'!BP13+'[6]DSV-3'!BP13+'[7]TUB-1'!BP13+'[7]TUB-2'!BP13+'[8]Barge-1'!BP13+'[8]Barge-2'!BP13+'[8]Barge-3'!BP13+'[8]Barge-4'!BP13 -> 0 | E13: ='[2]AHTS-1'!CL13+'[2]AHTS-2'!CL13+'[2]AHTS-3'!CL13+'[2]AHTS-4'!CL13+'[2]AHTS-5'!CL13+'[2]AHTS-6'!CL13+'[2]AHTS-7'!CL13+'[2]AHTS-8'!CL13+'[3]CB-1'!CL13+'[3]CB-2'!CL13+'[3]CB-3'!CL13+'[3]CB-4'!CL13+'[3]CB-5'!CL13+'[3]CB-6'!CL13+'[3]CB-7'!CL13+'[3]CB-8'!CL13+'[3]CB-9'!CL13+'[3]CB-10'!CL13+'[3]CB-11'!CL13+'[3]CB-12'!CL13+'[3]CB-13'!CL13+'[3]CB-14'!CL13+'[3]CB-15'!CL13+'[3]CB-16'!CL13+'[3]CB-17'!CL13+'[3]CB-18'!CL13+'[3]CB-19'!CL13+'[3]CB-20'!CL13+'[3]CB-21'!CL13+'[3]CB-22'!CL13+'[3]CB-23'!CL13+'[3]CB-24'!CL13+'[4]LCT-1'!CL13+'[4]LCT-2'!CL13+'[4]LCT-3'!CL13+'[4]LCT-4'!CL13+'[4]LCT-5'!CL13+'[4]LCT-6'!CL13+'[4]LCT-7'!CL13+'[4]LCT-8'!CL13+'[5]TB-1'!CL13+'[5]TB-2'!CL13+'[5]TB-3'!CL13+'[5]TB-4'!CL13+'[5]TB-5'!CL13+'[5]TB-6'!CL13+'[5]TB-7'!CL13+'[5]TB-8'!CL13+'[5]TB-9'!CL13+'[5]TB-10'!CL13+'[6]DSV-1'!CL13+'[6]DSV-2'!CL13+'[6]DSV-3'!CL13+'[7]TUB-1'!CL13+'[7]TUB-2'!CL13+'[8]Barge-1'!CL13+'[8]Barge-2'!CL13+'[8]Barge-3'!CL13+'[8]Barge-4'!CL13 -> 0 | F13: ='[2]AHTS-1'!AU13+'[2]AHTS-2'!AU13+'[2]AHTS-3'!AU13+'[2]AHTS-4'!AU13+'[2]AHTS-5'!AU13+'[2]AHTS-6'!AU13+'[2]AHTS-7'!AU13+'[2]AHTS-8'!AU13+'[3]CB-1'!AU13+'[3]CB-2'!AU13+'[3]CB-3'!AU13+'[3]CB-4'!AU13+'[3]CB-5'!AU13+'[3]CB-6'!AU13+'[3]CB-7'!AU13+'[3]CB-8'!AU13+'[3]CB-9'!AU13+'[3]CB-10'!AU13+'[3]CB-11'!AU13+'[3]CB-12'!AU13+'[3]CB-13'!AU13+'[3]CB-14'!AU13+'[3]CB-15'!AU13+'[3]CB-16'!AU13+'[3]CB-17'!AU13+'[3]CB-18'!AU13+'[3]CB-19'!AU13+'[3]CB-20'!AU13+'[3]CB-21'!AU13+'[3]CB-22'!AU13+'[3]CB-23'!AU13+'[3]CB-24'!AU13+'[4]LCT-1'!AU13+'[4]LCT-2'!AU13+'[4]LCT-3'!AU13+'[4]LCT-4'!AU13+'[4]LCT-5'!AU13+'[4]LCT-6'!AU13+'[4]LCT-7'!AU13+'[4]LCT-8'!AU13+'[5]TB-1'!AU13+'[5]TB-2'!AU13+'[5]TB-3'!AU13+'[5]TB-4'!AU13+'[5]TB-5'!AU13+'[5]TB-6'!AU13+'[5]TB-7'!AU13+'[5]TB-8'!AU13+'[5]TB-9'!AU13+'[5]TB-10'!AU13+'[6]DSV-1'!AU13+'[6]DSV-2'!AU13+'[6]DSV-3'!AU13+'[7]TUB-1'!AU13+'[7]TUB-2'!AU13+'[8]Barge-1'!AU13+'[8]Barge-2'!AU13+'[8]Barge-3'!AU13+'[8]Barge-4'!AU13 -> 8942.8468 | G13: ='[2]AHTS-1'!BQ13+'[2]AHTS-2'!BQ13+'[2]AHTS-3'!BQ13+'[2]AHTS-4'!BQ13+'[2]AHTS-5'!BQ13+'[2]AHTS-6'!BQ13+'[2]AHTS-7'!BQ13+'[2]AHTS-8'!BQ13+'[3]CB-1'!BQ13+'[3]CB-2'!BQ13+'[3]CB-3'!BQ13+'[3]CB-4'!BQ13+'[3]CB-5'!BQ13+'[3]CB-6'!BQ13+'[3]CB-7'!BQ13+'[3]CB-8'!BQ13+'[3]CB-9'!BQ13+'[3]CB-10'!BQ13+'[3]CB-11'!BQ13+'[3]CB-12'!BQ13+'[3]CB-13'!BQ13+'[3]CB-14'!BQ13+'[3]CB-15'!BQ13+'[3]CB-16'!BQ13+'[3]CB-17'!BQ13+'[3]CB-18'!BQ13+'[3]CB-19'!BQ13+'[3]CB-20'!BQ13+'[3]CB-21'!BQ13+'[3]CB-22'!BQ13+'[3]CB-23'!BQ13+'[3]CB-24'!BQ13+'[4]LCT-1'!BQ13+'[4]LCT-2'!BQ13+'[4]LCT-3'!BQ13+'[4]LCT-4'!BQ13+'[4]LCT-5'!BQ13+'[4]LCT-6'!BQ13+'[4]LCT-7'!BQ13+'[4]LCT-8'!BQ13+'[5]TB-1'!BQ13+'[5]TB-2'!BQ13+'[5]TB-3'!BQ13+'[5]TB-4'!BQ13+'[5]TB-5'!BQ13+'[5]TB-6'!BQ13+'[5]TB-7'!BQ13+'[5]TB-8'!BQ13+'[5]TB-9'!BQ13+'[5]TB-10'!BQ13+'[6]DSV-1'!BQ13+'[6]DSV-2'!BQ13+'[6]DSV-3'!BQ13+'[7]TUB-1'!BQ13+'[7]TUB-2'!BQ13+'[8]Barge-1'!BQ13+'[8]Barge-2'!BQ13+'[8]Barge-3'!BQ13+'[8]Barge-4'!BQ13 -> 6600.3814 | H13: ='[2]AHTS-1'!CM13+'[2]AHTS-2'!CM13+'[2]AHTS-3'!CM13+'[2]AHTS-4'!CM13+'[2]AHTS-5'!CM13+'[2]AHTS-6'!CM13+'[2]AHTS-7'!CM13+'[2]AHTS-8'!CM13+'[3]CB-1'!CM13+'[3]CB-2'!CM13+'[3]CB-3'!CM13+'[3]CB-4'!CM13+'[3]CB-5'!CM13+'[3]CB-6'!CM13+'[3]CB-7'!CM13+'[3]CB-8'!CM13+'[3]CB-9'!CM13+'[3]CB-10'!CM13+'[3]CB-11'!CM13+'[3]CB-12'!CM13+'[3]CB-13'!CM13+'[3]CB-14'!CM13+'[3]CB-15'!CM13+'[3]CB-16'!CM13+'[3]CB-17'!CM13+'[3]CB-18'!CM13+'[3]CB-19'!CM13+'[3]CB-20'!CM13+'[3]CB-21'!CM13+'[3]CB-22'!CM13+'[3]CB-23'!CM13+'[3]CB-24'!CM13+'[4]LCT-1'!CM13+'[4]LCT-2'!CM13+'[4]LCT-3'!CM13+'[4]LCT-4'!CM13+'[4]LCT-5'!CM13+'[4]LCT-6'!CM13+'[4]LCT-7'!CM13+'[4]LCT-8'!CM13+'[5]TB-1'!CM13+'[5]TB-2'!CM13+'[5]TB-3'!CM13+'[5]TB-4'!CM13+'[5]TB-5'!CM13+'[5]TB-6'!CM13+'[5]TB-7'!CM13+'[5]TB-8'!CM13+'[5]TB-9'!CM13+'[5]TB-10'!CM13+'[6]DSV-1'!CM13+'[6]DSV-2'!CM13+'[6]DSV-3'!CM13+'[7]TUB-1'!CM13+'[7]TUB-2'!CM13+'[8]Barge-1'!CM13+'[8]Barge-2'!CM13+'[8]Barge-3'!CM13+'[8]Barge-4'!CM13 -> 0 | U13: =[1]Control!AZ13 -> 45988 | W13: ='[2]AHTS-1'!IA51+'[2]AHTS-2'!IA51+'[2]AHTS-3'!IA51+'[2]AHTS-4'!IA51+'[2]AHTS-5'!IA51+'[2]AHTS-6'!IA51+'[2]AHTS-7'!IA51+'[2]AHTS-8'!IA51+'[3]CB-1'!IA51+'[3]CB-2'!IA51+'[3]CB-3'!IA51+'[3]CB-4'!IA51+'[3]CB-5'!IA51+'[3]CB-6'!IA51+'[3]CB-7'!IA51+'[3]CB-8'!IA51+'[3]CB-9'!IA51+'[3]CB-10'!IA51+'[3]CB-11'!IA51+'[3]CB-12'!IA51+'[3]CB-13'!IA51+'[3]CB-14'!IA51+'[3]CB-15'!IA51+'[3]CB-16'!IA51+'[3]CB-17'!IA51+'[3]CB-18'!IA51+'[3]CB-19'!IA51+'[3]CB-20'!IA51+'[3]CB-21'!IA51+'[3]CB-22'!IA51+'[3]CB-23'!IA51+'[3]CB-24'!IA51+'[4]LCT-1'!IA51+'[4]LCT-2'!IA51+'[4]LCT-3'!IA51+'[4]LCT-4'!IA51+'[4]LCT-5'!IA51+'[4]LCT-6'!IA51+'[4]LCT-7'!IA51+'[4]LCT-8'!IA51+'[5]TB-1'!IA51+'[5]TB-2'!IA51+'[5]TB-3'!IA51+'[5]TB-4'!IA51+'[5]TB-5'!IA51+'[5]TB-6'!IA51+'[5]TB-7'!IA51+'[5]TB-8'!IA51+'[5]TB-9'!IA51+'[5]TB-10'!IA51+'[6]DSV-1'!IA51+'[6]DSV-2'!IA51+'[6]DSV-3'!IA51+'[7]TUB-1'!IA51+'[7]TUB-2'!IA51+'[8]Barge-1'!IA51+'[8]Barge-2'!IA51+'[8]Barge-3'!IA51+'[8]Barge-4'!IA51 -> 0 | X13: ='[2]AHTS-1'!IA13+'[2]AHTS-2'!IA13+'[2]AHTS-3'!IA13+'[2]AHTS-4'!IA13+'[2]AHTS-5'!IA13+'[2]AHTS-6'!IA13+'[2]AHTS-7'!IA13+'[2]AHTS-8'!IA13+'[3]CB-1'!IA13+'[3]CB-2'!IA13+'[3]CB-3'!IA13+'[3]CB-4'!IA13+'[3]CB-5'!IA13+'[3]CB-6'!IA13+'[3]CB-7'!IA13+'[3]CB-8'!IA13+'[3]CB-9'!IA13+'[3]CB-10'!IA13+'[3]CB-11'!IA13+'[3]CB-12'!IA13+'[3]CB-13'!IA13+'[3]CB-14'!IA13+'[3]CB-15'!IA13+'[3]CB-16'!IA13+'[3]CB-17'!IA13+'[3]CB-18'!IA13+'[3]CB-19'!IA13+'[3]CB-20'!IA13+'[3]CB-21'!IA13+'[3]CB-22'!IA13+'[3]CB-23'!IA13+'[3]CB-24'!IA13+'[4]LCT-1'!IA13+'[4]LCT-2'!IA13+'[4]LCT-3'!IA13+'[4]LCT-4'!IA13+'[4]LCT-5'!IA13+'[4]LCT-6'!IA13+'[4]LCT-7'!IA13+'[4]LCT-8'!IA13+'[5]TB-1'!IA13+'[5]TB-2'!IA13+'[5]TB-3'!IA13+'[5]TB-4'!IA13+'[5]TB-5'!IA13+'[5]TB-6'!IA13+'[5]TB-7'!IA13+'[5]TB-8'!IA13+'[5]TB-9'!IA13+'[5]TB-10'!IA13+'[6]DSV-1'!IA13+'[6]DSV-2'!IA13+'[6]DSV-3'!IA13+'[7]TUB-1'!IA13+'[7]TUB-2'!IA13+'[8]Barge-1'!IA13+'[8]Barge-2'!IA13+'[8]Barge-3'!IA13+'[8]Barge-4'!IA13 -> 0 | Y13: ='[2]AHTS-1'!IA84+'[2]AHTS-2'!IA84+'[2]AHTS-3'!IA84+'[2]AHTS-4'!IA84+'[2]AHTS-5'!IA84+'[2]AHTS-6'!IA84+'[2]AHTS-7'!IA84+'[2]AHTS-8'!IA84+'[3]CB-1'!IA84+'[3]CB-2'!IA84+'[3]CB-3'!IA84+'[3]CB-4'!IA84+'[3]CB-5'!IA84+'[3]CB-6'!IA84+'[3]CB-7'!IA84+'[3]CB-8'!IA84+'[3]CB-9'!IA84+'[3]CB-10'!IA84+'[3]CB-11'!IA84+'[3]CB-12'!IA84+'[3]CB-13'!IA84+'[3]CB-14'!IA84+'[3]CB-15'!IA84+'[3]CB-16'!IA84+'[3]CB-17'!IA84+'[3]CB-18'!IA84+'[3]CB-19'!IA84+'[3]CB-20'!IA84+'[3]CB-21'!IA84+'[3]CB-22'!IA84+'[3]CB-23'!IA84+'[3]CB-24'!IA84+'[4]LCT-1'!IA84+'[4]LCT-2'!IA84+'[4]LCT-3'!IA84+'[4]LCT-4'!IA84+'[4]LCT-5'!IA84+'[4]LCT-6'!IA84+'[4]LCT-7'!IA84+'[4]LCT-8'!IA84+'[5]TB-1'!IA84+'[5]TB-2'!IA84+'[5]TB-3'!IA84+'[5]TB-4'!IA84+'[5]TB-5'!IA84+'[5]TB-6'!IA84+'[5]TB-7'!IA84+'[5]TB-8'!IA84+'[5]TB-9'!IA84+'[5]TB-10'!IA84+'[6]DSV-1'!IA84+'[6]DSV-2'!IA84+'[6]DSV-3'!IA84+'[7]TUB-1'!IA84+'[7]TUB-2'!IA84+'[8]Barge-1'!IA84+'[8]Barge-2'!IA84+'[8]Barge-3'!IA84+'[8]Barge-4'!IA84 -> 0 | Z13: ='[2]AHTS-1'!IB51+'[2]AHTS-2'!IB51+'[2]AHTS-3'!IB51+'[2]AHTS-4'!IB51+'[2]AHTS-5'!IB51+'[2]AHTS-6'!IB51+'[2]AHTS-7'!IB51+'[2]AHTS-8'!IB51+'[3]CB-1'!IB51+'[3]CB-2'!IB51+'[3]CB-3'!IB51+'[3]CB-4'!IB51+'[3]CB-5'!IB51+'[3]CB-6'!IB51+'[3]CB-7'!IB51+'[3]CB-8'!IB51+'[3]CB-9'!IB51+'[3]CB-10'!IB51+'[3]CB-11'!IB51+'[3]CB-12'!IB51+'[3]CB-13'!IB51+'[3]CB-14'!IB51+'[3]CB-15'!IB51+'[3]CB-16'!IB51+'[3]CB-17'!IB51+'[3]CB-18'!IB51+'[3]CB-19'!IB51+'[3]CB-20'!IB51+'[3]CB-21'!IB51+'[3]CB-22'!IB51+'[3]CB-23'!IB51+'[3]CB-24'!IB51+'[4]LCT-1'!IB51+'[4]LCT-2'!IB51+'[4]LCT-3'!IB51+'[4]LCT-4'!IB51+'[4]LCT-5'!IB51+'[4]LCT-6'!IB51+'[4]LCT-7'!IB51+'[4]LCT-8'!IB51+'[5]TB-1'!IB51+'[5]TB-2'!IB51+'[5]TB-3'!IB51+'[5]TB-4'!IB51+'[5]TB-5'!IB51+'[5]TB-6'!IB51+'[5]TB-7'!IB51+'[5]TB-8'!IB51+'[5]TB-9'!IB51+'[5]TB-10'!IB51+'[6]DSV-1'!IB51+'[6]DSV-2'!IB51+'[6]DSV-3'!IB51+'[7]TUB-1'!IB51+'[7]TUB-2'!IB51+'[8]Barge-1'!IB51+'[8]Barge-2'!IB51+'[8]Barge-3'!IB51+'[8]Barge-4'!IB51 -> 1.3976775e+08 | AA13: ='[2]AHTS-1'!IB13+'[2]AHTS-2'!IB13+'[2]AHTS-3'!IB13+'[2]AHTS-4'!IB13+'[2]AHTS-5'!IB13+'[2]AHTS-6'!IB13+'[2]AHTS-7'!IB13+'[2]AHTS-8'!IB13+'[3]CB-1'!IB13+'[3]CB-2'!IB13+'[3]CB-3'!IB13+'[3]CB-4'!IB13+'[3]CB-5'!IB13+'[3]CB-6'!IB13+'[3]CB-7'!IB13+'[3]CB-8'!IB13+'[3]CB-9'!IB13+'[3]CB-10'!IB13+'[3]CB-11'!IB13+'[3]CB-12'!IB13+'[3]CB-13'!IB13+'[3]CB-14'!IB13+'[3]CB-15'!IB13+'[3]CB-16'!IB13+'[3]CB-17'!IB13+'[3]CB-18'!IB13+'[3]CB-19'!IB13+'[3]CB-20'!IB13+'[3]CB-21'!IB13+'[3]CB-22'!IB13+'[3]CB-23'!IB13+'[3]CB-24'!IB13+'[4]LCT-1'!IB13+'[4]LCT-2'!IB13+'[4]LCT-3'!IB13+'[4]LCT-4'!IB13+'[4]LCT-5'!IB13+'[4]LCT-6'!IB13+'[4]LCT-7'!IB13+'[4]LCT-8'!IB13+'[5]TB-1'!IB13+'[5]TB-2'!IB13+'[5]TB-3'!IB13+'[5]TB-4'!IB13+'[5]TB-5'!IB13+'[5]TB-6'!IB13+'[5]TB-7'!IB13+'[5]TB-8'!IB13+'[5]TB-9'!IB13+'[5]TB-10'!IB13+'[6]DSV-1'!IB13+'[6]DSV-2'!IB13+'[6]DSV-3'!IB13+'[7]TUB-1'!IB13+'[7]TUB-2'!IB13+'[8]Barge-1'!IB13+'[8]Barge-2'!IB13+'[8]Barge-3'!IB13+'[8]Barge-4'!IB13 -> 1.0315736e+08 | AB13: ='[2]AHTS-1'!IB84+'[2]AHTS-2'!IB84+'[2]AHTS-3'!IB84+'[2]AHTS-4'!IB84+'[2]AHTS-5'!IB84+'[2]AHTS-6'!IB84+'[2]AHTS-7'!IB84+'[2]AHTS-8'!IB84+'[3]CB-1'!IB84+'[3]CB-2'!IB84+'[3]CB-3'!IB84+'[3]CB-4'!IB84+'[3]CB-5'!IB84+'[3]CB-6'!IB84+'[3]CB-7'!IB84+'[3]CB-8'!IB84+'[3]CB-9'!IB84+'[3]CB-10'!IB84+'[3]CB-11'!IB84+'[3]CB-12'!IB84+'[3]CB-13'!IB84+'[3]CB-14'!IB84+'[3]CB-15'!IB84+'[3]CB-16'!IB84+'[3]CB-17'!IB84+'[3]CB-18'!IB84+'[3]CB-19'!IB84+'[3]CB-20'!IB84+'[3]CB-21'!IB84+'[3]CB-22'!IB84+'[3]CB-23'!IB84+'[3]CB-24'!IB84+'[4]LCT-1'!IB84+'[4]LCT-2'!IB84+'[4]LCT-3'!IB84+'[4]LCT-4'!IB84+'[4]LCT-5'!IB84+'[4]LCT-6'!IB84+'[4]LCT-7'!IB84+'[4]LCT-8'!IB84+'[5]TB-1'!IB84+'[5]TB-2'!IB84+'[5]TB-3'!IB84+'[5]TB-4'!IB84+'[5]TB-5'!IB84+'[5]TB-6'!IB84+'[5]TB-7'!IB84+'[5]TB-8'!IB84+'[5]TB-9'!IB84+'[5]TB-10'!IB84+'[6]DSV-1'!IB84+'[6]DSV-2'!IB84+'[6]DSV-3'!IB84+'[7]TUB-1'!IB84+'[7]TUB-2'!IB84+'[8]Barge-1'!IB84+'[8]Barge-2'!IB84+'[8]Barge-3'!IB84+'[8]Barge-4'!IB84 -> 0
A14: =[1]Control!AZ14 -> 45989 | C14: ='[2]AHTS-1'!AT14+'[2]AHTS-2'!AT14+'[2]AHTS-3'!AT14+'[2]AHTS-4'!AT14+'[2]AHTS-5'!AT14+'[2]AHTS-6'!AT14+'[2]AHTS-7'!AT14+'[2]AHTS-8'!AT14+'[3]CB-1'!AT14+'[3]CB-2'!AT14+'[3]CB-3'!AT14+'[3]CB-4'!AT14+'[3]CB-5'!AT14+'[3]CB-6'!AT14+'[3]CB-7'!AT14+'[3]CB-8'!AT14+'[3]CB-9'!AT14+'[3]CB-10'!AT14+'[3]CB-11'!AT14+'[3]CB-12'!AT14+'[3]CB-13'!AT14+'[3]CB-14'!AT14+'[3]CB-15'!AT14+'[3]CB-16'!AT14+'[3]CB-17'!AT14+'[3]CB-18'!AT14+'[3]CB-19'!AT14+'[3]CB-20'!AT14+'[3]CB-21'!AT14+'[3]CB-22'!AT14+'[3]CB-23'!AT14+'[3]CB-24'!AT14+'[4]LCT-1'!AT14+'[4]LCT-2'!AT14+'[4]LCT-3'!AT14+'[4]LCT-4'!AT14+'[4]LCT-5'!AT14+'[4]LCT-6'!AT14+'[4]LCT-7'!AT14+'[4]LCT-8'!AT14+'[5]TB-1'!AT14+'[5]TB-2'!AT14+'[5]TB-3'!AT14+'[5]TB-4'!AT14+'[5]TB-5'!AT14+'[5]TB-6'!AT14+'[5]TB-7'!AT14+'[5]TB-8'!AT14+'[5]TB-9'!AT14+'[5]TB-10'!AT14+'[6]DSV-1'!AT14+'[6]DSV-2'!AT14+'[6]DSV-3'!AT14+'[7]TUB-1'!AT14+'[7]TUB-2'!AT14+'[8]Barge-1'!AT14+'[8]Barge-2'!AT14+'[8]Barge-3'!AT14+'[8]Barge-4'!AT14 -> 0 | D14: ='[2]AHTS-1'!BP14+'[2]AHTS-2'!BP14+'[2]AHTS-3'!BP14+'[2]AHTS-4'!BP14+'[2]AHTS-5'!BP14+'[2]AHTS-6'!BP14+'[2]AHTS-7'!BP14+'[2]AHTS-8'!BP14+'[3]CB-1'!BP14+'[3]CB-2'!BP14+'[3]CB-3'!BP14+'[3]CB-4'!BP14+'[3]CB-5'!BP14+'[3]CB-6'!BP14+'[3]CB-7'!BP14+'[3]CB-8'!BP14+'[3]CB-9'!BP14+'[3]CB-10'!BP14+'[3]CB-11'!BP14+'[3]CB-12'!BP14+'[3]CB-13'!BP14+'[3]CB-14'!BP14+'[3]CB-15'!BP14+'[3]CB-16'!BP14+'[3]CB-17'!BP14+'[3]CB-18'!BP14+'[3]CB-19'!BP14+'[3]CB-20'!BP14+'[3]CB-21'!BP14+'[3]CB-22'!BP14+'[3]CB-23'!BP14+'[3]CB-24'!BP14+'[4]LCT-1'!BP14+'[4]LCT-2'!BP14+'[4]LCT-3'!BP14+'[4]LCT-4'!BP14+'[4]LCT-5'!BP14+'[4]LCT-6'!BP14+'[4]LCT-7'!BP14+'[4]LCT-8'!BP14+'[5]TB-1'!BP14+'[5]TB-2'!BP14+'[5]TB-3'!BP14+'[5]TB-4'!BP14+'[5]TB-5'!BP14+'[5]TB-6'!BP14+'[5]TB-7'!BP14+'[5]TB-8'!BP14+'[5]TB-9'!BP14+'[5]TB-10'!BP14+'[6]DSV-1'!BP14+'[6]DSV-2'!BP14+'[6]DSV-3'!BP14+'[7]TUB-1'!BP14+'[7]TUB-2'!BP14+'[8]Barge-1'!BP14+'[8]Barge-2'!BP14+'[8]Barge-3'!BP14+'[8]Barge-4'!BP14 -> 0 | E14: ='[2]AHTS-1'!CL14+'[2]AHTS-2'!CL14+'[2]AHTS-3'!CL14+'[2]AHTS-4'!CL14+'[2]AHTS-5'!CL14+'[2]AHTS-6'!CL14+'[2]AHTS-7'!CL14+'[2]AHTS-8'!CL14+'[3]CB-1'!CL14+'[3]CB-2'!CL14+'[3]CB-3'!CL14+'[3]CB-4'!CL14+'[3]CB-5'!CL14+'[3]CB-6'!CL14+'[3]CB-7'!CL14+'[3]CB-8'!CL14+'[3]CB-9'!CL14+'[3]CB-10'!CL14+'[3]CB-11'!CL14+'[3]CB-12'!CL14+'[3]CB-13'!CL14+'[3]CB-14'!CL14+'[3]CB-15'!CL14+'[3]CB-16'!CL14+'[3]CB-17'!CL14+'[3]CB-18'!CL14+'[3]CB-19'!CL14+'[3]CB-20'!CL14+'[3]CB-21'!CL14+'[3]CB-22'!CL14+'[3]CB-23'!CL14+'[3]CB-24'!CL14+'[4]LCT-1'!CL14+'[4]LCT-2'!CL14+'[4]LCT-3'!CL14+'[4]LCT-4'!CL14+'[4]LCT-5'!CL14+'[4]LCT-6'!CL14+'[4]LCT-7'!CL14+'[4]LCT-8'!CL14+'[5]TB-1'!CL14+'[5]TB-2'!CL14+'[5]TB-3'!CL14+'[5]TB-4'!CL14+'[5]TB-5'!CL14+'[5]TB-6'!CL14+'[5]TB-7'!CL14+'[5]TB-8'!CL14+'[5]TB-9'!CL14+'[5]TB-10'!CL14+'[6]DSV-1'!CL14+'[6]DSV-2'!CL14+'[6]DSV-3'!CL14+'[7]TUB-1'!CL14+'[7]TUB-2'!CL14+'[8]Barge-1'!CL14+'[8]Barge-2'!CL14+'[8]Barge-3'!CL14+'[8]Barge-4'!CL14 -> 0 | F14: ='[2]AHTS-1'!AU14+'[2]AHTS-2'!AU14+'[2]AHTS-3'!AU14+'[2]AHTS-4'!AU14+'[2]AHTS-5'!AU14+'[2]AHTS-6'!AU14+'[2]AHTS-7'!AU14+'[2]AHTS-8'!AU14+'[3]CB-1'!AU14+'[3]CB-2'!AU14+'[3]CB-3'!AU14+'[3]CB-4'!AU14+'[3]CB-5'!AU14+'[3]CB-6'!AU14+'[3]CB-7'!AU14+'[3]CB-8'!AU14+'[3]CB-9'!AU14+'[3]CB-10'!AU14+'[3]CB-11'!AU14+'[3]CB-12'!AU14+'[3]CB-13'!AU14+'[3]CB-14'!AU14+'[3]CB-15'!AU14+'[3]CB-16'!AU14+'[3]CB-17'!AU14+'[3]CB-18'!AU14+'[3]CB-19'!AU14+'[3]CB-20'!AU14+'[3]CB-21'!AU14+'[3]CB-22'!AU14+'[3]CB-23'!AU14+'[3]CB-24'!AU14+'[4]LCT-1'!AU14+'[4]LCT-2'!AU14+'[4]LCT-3'!AU14+'[4]LCT-4'!AU14+'[4]LCT-5'!AU14+'[4]LCT-6'!AU14+'[4]LCT-7'!AU14+'[4]LCT-8'!AU14+'[5]TB-1'!AU14+'[5]TB-2'!AU14+'[5]TB-3'!AU14+'[5]TB-4'!AU14+'[5]TB-5'!AU14+'[5]TB-6'!AU14+'[5]TB-7'!AU14+'[5]TB-8'!AU14+'[5]TB-9'!AU14+'[5]TB-10'!AU14+'[6]DSV-1'!AU14+'[6]DSV-2'!AU14+'[6]DSV-3'!AU14+'[7]TUB-1'!AU14+'[7]TUB-2'!AU14+'[8]Barge-1'!AU14+'[8]Barge-2'!AU14+'[8]Barge-3'!AU14+'[8]Barge-4'!AU14 -> 4811.8098 | G14: ='[2]AHTS-1'!BQ14+'[2]AHTS-2'!BQ14+'[2]AHTS-3'!BQ14+'[2]AHTS-4'!BQ14+'[2]AHTS-5'!BQ14+'[2]AHTS-6'!BQ14+'[2]AHTS-7'!BQ14+'[2]AHTS-8'!BQ14+'[3]CB-1'!BQ14+'[3]CB-2'!BQ14+'[3]CB-3'!BQ14+'[3]CB-4'!BQ14+'[3]CB-5'!BQ14+'[3]CB-6'!BQ14+'[3]CB-7'!BQ14+'[3]CB-8'!BQ14+'[3]CB-9'!BQ14+'[3]CB-10'!BQ14+'[3]CB-11'!BQ14+'[3]CB-12'!BQ14+'[3]CB-13'!BQ14+'[3]CB-14'!BQ14+'[3]CB-15'!BQ14+'[3]CB-16'!BQ14+'[3]CB-17'!BQ14+'[3]CB-18'!BQ14+'[3]CB-19'!BQ14+'[3]CB-20'!BQ14+'[3]CB-21'!BQ14+'[3]CB-22'!BQ14+'[3]CB-23'!BQ14+'[3]CB-24'!BQ14+'[4]LCT-1'!BQ14+'[4]LCT-2'!BQ14+'[4]LCT-3'!BQ14+'[4]LCT-4'!BQ14+'[4]LCT-5'!BQ14+'[4]LCT-6'!BQ14+'[4]LCT-7'!BQ14+'[4]LCT-8'!BQ14+'[5]TB-1'!BQ14+'[5]TB-2'!BQ14+'[5]TB-3'!BQ14+'[5]TB-4'!BQ14+'[5]TB-5'!BQ14+'[5]TB-6'!BQ14+'[5]TB-7'!BQ14+'[5]TB-8'!BQ14+'[5]TB-9'!BQ14+'[5]TB-10'!BQ14+'[6]DSV-1'!BQ14+'[6]DSV-2'!BQ14+'[6]DSV-3'!BQ14+'[7]TUB-1'!BQ14+'[7]TUB-2'!BQ14+'[8]Barge-1'!BQ14+'[8]Barge-2'!BQ14+'[8]Barge-3'!BQ14+'[8]Barge-4'!BQ14 -> 3901.6307 | H14: ='[2]AHTS-1'!CM14+'[2]AHTS-2'!CM14+'[2]AHTS-3'!CM14+'[2]AHTS-4'!CM14+'[2]AHTS-5'!CM14+'[2]AHTS-6'!CM14+'[2]AHTS-7'!CM14+'[2]AHTS-8'!CM14+'[3]CB-1'!CM14+'[3]CB-2'!CM14+'[3]CB-3'!CM14+'[3]CB-4'!CM14+'[3]CB-5'!CM14+'[3]CB-6'!CM14+'[3]CB-7'!CM14+'[3]CB-8'!CM14+'[3]CB-9'!CM14+'[3]CB-10'!CM14+'[3]CB-11'!CM14+'[3]CB-12'!CM14+'[3]CB-13'!CM14+'[3]CB-14'!CM14+'[3]CB-15'!CM14+'[3]CB-16'!CM14+'[3]CB-17'!CM14+'[3]CB-18'!CM14+'[3]CB-19'!CM14+'[3]CB-20'!CM14+'[3]CB-21'!CM14+'[3]CB-22'!CM14+'[3]CB-23'!CM14+'[3]CB-24'!CM14+'[4]LCT-1'!CM14+'[4]LCT-2'!CM14+'[4]LCT-3'!CM14+'[4]LCT-4'!CM14+'[4]LCT-5'!CM14+'[4]LCT-6'!CM14+'[4]LCT-7'!CM14+'[4]LCT-8'!CM14+'[5]TB-1'!CM14+'[5]TB-2'!CM14+'[5]TB-3'!CM14+'[5]TB-4'!CM14+'[5]TB-5'!CM14+'[5]TB-6'!CM14+'[5]TB-7'!CM14+'[5]TB-8'!CM14+'[5]TB-9'!CM14+'[5]TB-10'!CM14+'[6]DSV-1'!CM14+'[6]DSV-2'!CM14+'[6]DSV-3'!CM14+'[7]TUB-1'!CM14+'[7]TUB-2'!CM14+'[8]Barge-1'!CM14+'[8]Barge-2'!CM14+'[8]Barge-3'!CM14+'[8]Barge-4'!CM14 -> 0 | U14: =[1]Control!AZ14 -> 45989 | W14: ='[2]AHTS-1'!IA52+'[2]AHTS-2'!IA52+'[2]AHTS-3'!IA52+'[2]AHTS-4'!IA52+'[2]AHTS-5'!IA52+'[2]AHTS-6'!IA52+'[2]AHTS-7'!IA52+'[2]AHTS-8'!IA52+'[3]CB-1'!IA52+'[3]CB-2'!IA52+'[3]CB-3'!IA52+'[3]CB-4'!IA52+'[3]CB-5'!IA52+'[3]CB-6'!IA52+'[3]CB-7'!IA52+'[3]CB-8'!IA52+'[3]CB-9'!IA52+'[3]CB-10'!IA52+'[3]CB-11'!IA52+'[3]CB-12'!IA52+'[3]CB-13'!IA52+'[3]CB-14'!IA52+'[3]CB-15'!IA52+'[3]CB-16'!IA52+'[3]CB-17'!IA52+'[3]CB-18'!IA52+'[3]CB-19'!IA52+'[3]CB-20'!IA52+'[3]CB-21'!IA52+'[3]CB-22'!IA52+'[3]CB-23'!IA52+'[3]CB-24'!IA52+'[4]LCT-1'!IA52+'[4]LCT-2'!IA52+'[4]LCT-3'!IA52+'[4]LCT-4'!IA52+'[4]LCT-5'!IA52+'[4]LCT-6'!IA52+'[4]LCT-7'!IA52+'[4]LCT-8'!IA52+'[5]TB-1'!IA52+'[5]TB-2'!IA52+'[5]TB-3'!IA52+'[5]TB-4'!IA52+'[5]TB-5'!IA52+'[5]TB-6'!IA52+'[5]TB-7'!IA52+'[5]TB-8'!IA52+'[5]TB-9'!IA52+'[5]TB-10'!IA52+'[6]DSV-1'!IA52+'[6]DSV-2'!IA52+'[6]DSV-3'!IA52+'[7]TUB-1'!IA52+'[7]TUB-2'!IA52+'[8]Barge-1'!IA52+'[8]Barge-2'!IA52+'[8]Barge-3'!IA52+'[8]Barge-4'!IA52 -> 0 | X14: ='[2]AHTS-1'!IA14+'[2]AHTS-2'!IA14+'[2]AHTS-3'!IA14+'[2]AHTS-4'!IA14+'[2]AHTS-5'!IA14+'[2]AHTS-6'!IA14+'[2]AHTS-7'!IA14+'[2]AHTS-8'!IA14+'[3]CB-1'!IA14+'[3]CB-2'!IA14+'[3]CB-3'!IA14+'[3]CB-4'!IA14+'[3]CB-5'!IA14+'[3]CB-6'!IA14+'[3]CB-7'!IA14+'[3]CB-8'!IA14+'[3]CB-9'!IA14+'[3]CB-10'!IA14+'[3]CB-11'!IA14+'[3]CB-12'!IA14+'[3]CB-13'!IA14+'[3]CB-14'!IA14+'[3]CB-15'!IA14+'[3]CB-16'!IA14+'[3]CB-17'!IA14+'[3]CB-18'!IA14+'[3]CB-19'!IA14+'[3]CB-20'!IA14+'[3]CB-21'!IA14+'[3]CB-22'!IA14+'[3]CB-23'!IA14+'[3]CB-24'!IA14+'[4]LCT-1'!IA14+'[4]LCT-2'!IA14+'[4]LCT-3'!IA14+'[4]LCT-4'!IA14+'[4]LCT-5'!IA14+'[4]LCT-6'!IA14+'[4]LCT-7'!IA14+'[4]LCT-8'!IA14+'[5]TB-1'!IA14+'[5]TB-2'!IA14+'[5]TB-3'!IA14+'[5]TB-4'!IA14+'[5]TB-5'!IA14+'[5]TB-6'!IA14+'[5]TB-7'!IA14+'[5]TB-8'!IA14+'[5]TB-9'!IA14+'[5]TB-10'!IA14+'[6]DSV-1'!IA14+'[6]DSV-2'!IA14+'[6]DSV-3'!IA14+'[7]TUB-1'!IA14+'[7]TUB-2'!IA14+'[8]Barge-1'!IA14+'[8]Barge-2'!IA14+'[8]Barge-3'!IA14+'[8]Barge-4'!IA14 -> 0 | Y14: ='[2]AHTS-1'!IA85+'[2]AHTS-2'!IA85+'[2]AHTS-3'!IA85+'[2]AHTS-4'!IA85+'[2]AHTS-5'!IA85+'[2]AHTS-6'!IA85+'[2]AHTS-7'!IA85+'[2]AHTS-8'!IA85+'[3]CB-1'!IA85+'[3]CB-2'!IA85+'[3]CB-3'!IA85+'[3]CB-4'!IA85+'[3]CB-5'!IA85+'[3]CB-6'!IA85+'[3]CB-7'!IA85+'[3]CB-8'!IA85+'[3]CB-9'!IA85+'[3]CB-10'!IA85+'[3]CB-11'!IA85+'[3]CB-12'!IA85+'[3]CB-13'!IA85+'[3]CB-14'!IA85+'[3]CB-15'!IA85+'[3]CB-16'!IA85+'[3]CB-17'!IA85+'[3]CB-18'!IA85+'[3]CB-19'!IA85+'[3]CB-20'!IA85+'[3]CB-21'!IA85+'[3]CB-22'!IA85+'[3]CB-23'!IA85+'[3]CB-24'!IA85+'[4]LCT-1'!IA85+'[4]LCT-2'!IA85+'[4]LCT-3'!IA85+'[4]LCT-4'!IA85+'[4]LCT-5'!IA85+'[4]LCT-6'!IA85+'[4]LCT-7'!IA85+'[4]LCT-8'!IA85+'[5]TB-1'!IA85+'[5]TB-2'!IA85+'[5]TB-3'!IA85+'[5]TB-4'!IA85+'[5]TB-5'!IA85+'[5]TB-6'!IA85+'[5]TB-7'!IA85+'[5]TB-8'!IA85+'[5]TB-9'!IA85+'[5]TB-10'!IA85+'[6]DSV-1'!IA85+'[6]DSV-2'!IA85+'[6]DSV-3'!IA85+'[7]TUB-1'!IA85+'[7]TUB-2'!IA85+'[8]Barge-1'!IA85+'[8]Barge-2'!IA85+'[8]Barge-3'!IA85+'[8]Barge-4'!IA85 -> 0 | Z14: ='[2]AHTS-1'!IB52+'[2]AHTS-2'!IB52+'[2]AHTS-3'!IB52+'[2]AHTS-4'!IB52+'[2]AHTS-5'!IB52+'[2]AHTS-6'!IB52+'[2]AHTS-7'!IB52+'[2]AHTS-8'!IB52+'[3]CB-1'!IB52+'[3]CB-2'!IB52+'[3]CB-3'!IB52+'[3]CB-4'!IB52+'[3]CB-5'!IB52+'[3]CB-6'!IB52+'[3]CB-7'!IB52+'[3]CB-8'!IB52+'[3]CB-9'!IB52+'[3]CB-10'!IB52+'[3]CB-11'!IB52+'[3]CB-12'!IB52+'[3]CB-13'!IB52+'[3]CB-14'!IB52+'[3]CB-15'!IB52+'[3]CB-16'!IB52+'[3]CB-17'!IB52+'[3]CB-18'!IB52+'[3]CB-19'!IB52+'[3]CB-20'!IB52+'[3]CB-21'!IB52+'[3]CB-22'!IB52+'[3]CB-23'!IB52+'[3]CB-24'!IB52+'[4]LCT-1'!IB52+'[4]LCT-2'!IB52+'[4]LCT-3'!IB52+'[4]LCT-4'!IB52+'[4]LCT-5'!IB52+'[4]LCT-6'!IB52+'[4]LCT-7'!IB52+'[4]LCT-8'!IB52+'[5]TB-1'!IB52+'[5]TB-2'!IB52+'[5]TB-3'!IB52+'[5]TB-4'!IB52+'[5]TB-5'!IB52+'[5]TB-6'!IB52+'[5]TB-7'!IB52+'[5]TB-8'!IB52+'[5]TB-9'!IB52+'[5]TB-10'!IB52+'[6]DSV-1'!IB52+'[6]DSV-2'!IB52+'[6]DSV-3'!IB52+'[7]TUB-1'!IB52+'[7]TUB-2'!IB52+'[8]Barge-1'!IB52+'[8]Barge-2'!IB52+'[8]Barge-3'!IB52+'[8]Barge-4'!IB52 -> 75684956 | AA14: ='[2]AHTS-1'!IB14+'[2]AHTS-2'!IB14+'[2]AHTS-3'!IB14+'[2]AHTS-4'!IB14+'[2]AHTS-5'!IB14+'[2]AHTS-6'!IB14+'[2]AHTS-7'!IB14+'[2]AHTS-8'!IB14+'[3]CB-1'!IB14+'[3]CB-2'!IB14+'[3]CB-3'!IB14+'[3]CB-4'!IB14+'[3]CB-5'!IB14+'[3]CB-6'!IB14+'[3]CB-7'!IB14+'[3]CB-8'!IB14+'[3]CB-9'!IB14+'[3]CB-10'!IB14+'[3]CB-11'!IB14+'[3]CB-12'!IB14+'[3]CB-13'!IB14+'[3]CB-14'!IB14+'[3]CB-15'!IB14+'[3]CB-16'!IB14+'[3]CB-17'!IB14+'[3]CB-18'!IB14+'[3]CB-19'!IB14+'[3]CB-20'!IB14+'[3]CB-21'!IB14+'[3]CB-22'!IB14+'[3]CB-23'!IB14+'[3]CB-24'!IB14+'[4]LCT-1'!IB14+'[4]LCT-2'!IB14+'[4]LCT-3'!IB14+'[4]LCT-4'!IB14+'[4]LCT-5'!IB14+'[4]LCT-6'!IB14+'[4]LCT-7'!IB14+'[4]LCT-8'!IB14+'[5]TB-1'!IB14+'[5]TB-2'!IB14+'[5]TB-3'!IB14+'[5]TB-4'!IB14+'[5]TB-5'!IB14+'[5]TB-6'!IB14+'[5]TB-7'!IB14+'[5]TB-8'!IB14+'[5]TB-9'!IB14+'[5]TB-10'!IB14+'[6]DSV-1'!IB14+'[6]DSV-2'!IB14+'[6]DSV-3'!IB14+'[7]TUB-1'!IB14+'[7]TUB-2'!IB14+'[8]Barge-1'!IB14+'[8]Barge-2'!IB14+'[8]Barge-3'!IB14+'[8]Barge-4'!IB14 -> 61368750 | AB14: ='[2]AHTS-1'!IB85+'[2]AHTS-2'!IB85+'[2]AHTS-3'!IB85+'[2]AHTS-4'!IB85+'[2]AHTS-5'!IB85+'[2]AHTS-6'!IB85+'[2]AHTS-7'!IB85+'[2]AHTS-8'!IB85+'[3]CB-1'!IB85+'[3]CB-2'!IB85+'[3]CB-3'!IB85+'[3]CB-4'!IB85+'[3]CB-5'!IB85+'[3]CB-6'!IB85+'[3]CB-7'!IB85+'[3]CB-8'!IB85+'[3]CB-9'!IB85+'[3]CB-10'!IB85+'[3]CB-11'!IB85+'[3]CB-12'!IB85+'[3]CB-13'!IB85+'[3]CB-14'!IB85+'[3]CB-15'!IB85+'[3]CB-16'!IB85+'[3]CB-17'!IB85+'[3]CB-18'!IB85+'[3]CB-19'!IB85+'[3]CB-20'!IB85+'[3]CB-21'!IB85+'[3]CB-22'!IB85+'[3]CB-23'!IB85+'[3]CB-24'!IB85+'[4]LCT-1'!IB85+'[4]LCT-2'!IB85+'[4]LCT-3'!IB85+'[4]LCT-4'!IB85+'[4]LCT-5'!IB85+'[4]LCT-6'!IB85+'[4]LCT-7'!IB85+'[4]LCT-8'!IB85+'[5]TB-1'!IB85+'[5]TB-2'!IB85+'[5]TB-3'!IB85+'[5]TB-4'!IB85+'[5]TB-5'!IB85+'[5]TB-6'!IB85+'[5]TB-7'!IB85+'[5]TB-8'!IB85+'[5]TB-9'!IB85+'[5]TB-10'!IB85+'[6]DSV-1'!IB85+'[6]DSV-2'!IB85+'[6]DSV-3'!IB85+'[7]TUB-1'!IB85+'[7]TUB-2'!IB85+'[8]Barge-1'!IB85+'[8]Barge-2'!IB85+'[8]Barge-3'!IB85+'[8]Barge-4'!IB85 -> 0
A15: =[1]Control!AZ15 -> 45990 | C15: ='[2]AHTS-1'!AT15+'[2]AHTS-2'!AT15+'[2]AHTS-3'!AT15+'[2]AHTS-4'!AT15+'[2]AHTS-5'!AT15+'[2]AHTS-6'!AT15+'[2]AHTS-7'!AT15+'[2]AHTS-8'!AT15+'[3]CB-1'!AT15+'[3]CB-2'!AT15+'[3]CB-3'!AT15+'[3]CB-4'!AT15+'[3]CB-5'!AT15+'[3]CB-6'!AT15+'[3]CB-7'!AT15+'[3]CB-8'!AT15+'[3]CB-9'!AT15+'[3]CB-10'!AT15+'[3]CB-11'!AT15+'[3]CB-12'!AT15+'[3]CB-13'!AT15+'[3]CB-14'!AT15+'[3]CB-15'!AT15+'[3]CB-16'!AT15+'[3]CB-17'!AT15+'[3]CB-18'!AT15+'[3]CB-19'!AT15+'[3]CB-20'!AT15+'[3]CB-21'!AT15+'[3]CB-22'!AT15+'[3]CB-23'!AT15+'[3]CB-24'!AT15+'[4]LCT-1'!AT15+'[4]LCT-2'!AT15+'[4]LCT-3'!AT15+'[4]LCT-4'!AT15+'[4]LCT-5'!AT15+'[4]LCT-6'!AT15+'[4]LCT-7'!AT15+'[4]LCT-8'!AT15+'[5]TB-1'!AT15+'[5]TB-2'!AT15+'[5]TB-3'!AT15+'[5]TB-4'!AT15+'[5]TB-5'!AT15+'[5]TB-6'!AT15+'[5]TB-7'!AT15+'[5]TB-8'!AT15+'[5]TB-9'!AT15+'[5]TB-10'!AT15+'[6]DSV-1'!AT15+'[6]DSV-2'!AT15+'[6]DSV-3'!AT15+'[7]TUB-1'!AT15+'[7]TUB-2'!AT15+'[8]Barge-1'!AT15+'[8]Barge-2'!AT15+'[8]Barge-3'!AT15+'[8]Barge-4'!AT15 -> 0 | D15: ='[2]AHTS-1'!BP15+'[2]AHTS-2'!BP15+'[2]AHTS-3'!BP15+'[2]AHTS-4'!BP15+'[2]AHTS-5'!BP15+'[2]AHTS-6'!BP15+'[2]AHTS-7'!BP15+'[2]AHTS-8'!BP15+'[3]CB-1'!BP15+'[3]CB-2'!BP15+'[3]CB-3'!BP15+'[3]CB-4'!BP15+'[3]CB-5'!BP15+'[3]CB-6'!BP15+'[3]CB-7'!BP15+'[3]CB-8'!BP15+'[3]CB-9'!BP15+'[3]CB-10'!BP15+'[3]CB-11'!BP15+'[3]CB-12'!BP15+'[3]CB-13'!BP15+'[3]CB-14'!BP15+'[3]CB-15'!BP15+'[3]CB-16'!BP15+'[3]CB-17'!BP15+'[3]CB-18'!BP15+'[3]CB-19'!BP15+'[3]CB-20'!BP15+'[3]CB-21'!BP15+'[3]CB-22'!BP15+'[3]CB-23'!BP15+'[3]CB-24'!BP15+'[4]LCT-1'!BP15+'[4]LCT-2'!BP15+'[4]LCT-3'!BP15+'[4]LCT-4'!BP15+'[4]LCT-5'!BP15+'[4]LCT-6'!BP15+'[4]LCT-7'!BP15+'[4]LCT-8'!BP15+'[5]TB-1'!BP15+'[5]TB-2'!BP15+'[5]TB-3'!BP15+'[5]TB-4'!BP15+'[5]TB-5'!BP15+'[5]TB-6'!BP15+'[5]TB-7'!BP15+'[5]TB-8'!BP15+'[5]TB-9'!BP15+'[5]TB-10'!BP15+'[6]DSV-1'!BP15+'[6]DSV-2'!BP15+'[6]DSV-3'!BP15+'[7]TUB-1'!BP15+'[7]TUB-2'!BP15+'[8]Barge-1'!BP15+'[8]Barge-2'!BP15+'[8]Barge-3'!BP15+'[8]Barge-4'!BP15 -> 0 | E15: ='[2]AHTS-1'!CL15+'[2]AHTS-2'!CL15+'[2]AHTS-3'!CL15+'[2]AHTS-4'!CL15+'[2]AHTS-5'!CL15+'[2]AHTS-6'!CL15+'[2]AHTS-7'!CL15+'[2]AHTS-8'!CL15+'[3]CB-1'!CL15+'[3]CB-2'!CL15+'[3]CB-3'!CL15+'[3]CB-4'!CL15+'[3]CB-5'!CL15+'[3]CB-6'!CL15+'[3]CB-7'!CL15+'[3]CB-8'!CL15+'[3]CB-9'!CL15+'[3]CB-10'!CL15+'[3]CB-11'!CL15+'[3]CB-12'!CL15+'[3]CB-13'!CL15+'[3]CB-14'!CL15+'[3]CB-15'!CL15+'[3]CB-16'!CL15+'[3]CB-17'!CL15+'[3]CB-18'!CL15+'[3]CB-19'!CL15+'[3]CB-20'!CL15+'[3]CB-21'!CL15+'[3]CB-22'!CL15+'[3]CB-23'!CL15+'[3]CB-24'!CL15+'[4]LCT-1'!CL15+'[4]LCT-2'!CL15+'[4]LCT-3'!CL15+'[4]LCT-4'!CL15+'[4]LCT-5'!CL15+'[4]LCT-6'!CL15+'[4]LCT-7'!CL15+'[4]LCT-8'!CL15+'[5]TB-1'!CL15+'[5]TB-2'!CL15+'[5]TB-3'!CL15+'[5]TB-4'!CL15+'[5]TB-5'!CL15+'[5]TB-6'!CL15+'[5]TB-7'!CL15+'[5]TB-8'!CL15+'[5]TB-9'!CL15+'[5]TB-10'!CL15+'[6]DSV-1'!CL15+'[6]DSV-2'!CL15+'[6]DSV-3'!CL15+'[7]TUB-1'!CL15+'[7]TUB-2'!CL15+'[8]Barge-1'!CL15+'[8]Barge-2'!CL15+'[8]Barge-3'!CL15+'[8]Barge-4'!CL15 -> 0 | F15: ='[2]AHTS-1'!AU15+'[2]AHTS-2'!AU15+'[2]AHTS-3'!AU15+'[2]AHTS-4'!AU15+'[2]AHTS-5'!AU15+'[2]AHTS-6'!AU15+'[2]AHTS-7'!AU15+'[2]AHTS-8'!AU15+'[3]CB-1'!AU15+'[3]CB-2'!AU15+'[3]CB-3'!AU15+'[3]CB-4'!AU15+'[3]CB-5'!AU15+'[3]CB-6'!AU15+'[3]CB-7'!AU15+'[3]CB-8'!AU15+'[3]CB-9'!AU15+'[3]CB-10'!AU15+'[3]CB-11'!AU15+'[3]CB-12'!AU15+'[3]CB-13'!AU15+'[3]CB-14'!AU15+'[3]CB-15'!AU15+'[3]CB-16'!AU15+'[3]CB-17'!AU15+'[3]CB-18'!AU15+'[3]CB-19'!AU15+'[3]CB-20'!AU15+'[3]CB-21'!AU15+'[3]CB-22'!AU15+'[3]CB-23'!AU15+'[3]CB-24'!AU15+'[4]LCT-1'!AU15+'[4]LCT-2'!AU15+'[4]LCT-3'!AU15+'[4]LCT-4'!AU15+'[4]LCT-5'!AU15+'[4]LCT-6'!AU15+'[4]LCT-7'!AU15+'[4]LCT-8'!AU15+'[5]TB-1'!AU15+'[5]TB-2'!AU15+'[5]TB-3'!AU15+'[5]TB-4'!AU15+'[5]TB-5'!AU15+'[5]TB-6'!AU15+'[5]TB-7'!AU15+'[5]TB-8'!AU15+'[5]TB-9'!AU15+'[5]TB-10'!AU15+'[6]DSV-1'!AU15+'[6]DSV-2'!AU15+'[6]DSV-3'!AU15+'[7]TUB-1'!AU15+'[7]TUB-2'!AU15+'[8]Barge-1'!AU15+'[8]Barge-2'!AU15+'[8]Barge-3'!AU15+'[8]Barge-4'!AU15 -> 3125.362 | G15: ='[2]AHTS-1'!BQ15+'[2]AHTS-2'!BQ15+'[2]AHTS-3'!BQ15+'[2]AHTS-4'!BQ15+'[2]AHTS-5'!BQ15+'[2]AHTS-6'!BQ15+'[2]AHTS-7'!BQ15+'[2]AHTS-8'!BQ15+'[3]CB-1'!BQ15+'[3]CB-2'!BQ15+'[3]CB-3'!BQ15+'[3]CB-4'!BQ15+'[3]CB-5'!BQ15+'[3]CB-6'!BQ15+'[3]CB-7'!BQ15+'[3]CB-8'!BQ15+'[3]CB-9'!BQ15+'[3]CB-10'!BQ15+'[3]CB-11'!BQ15+'[3]CB-12'!BQ15+'[3]CB-13'!BQ15+'[3]CB-14'!BQ15+'[3]CB-15'!BQ15+'[3]CB-16'!BQ15+'[3]CB-17'!BQ15+'[3]CB-18'!BQ15+'[3]CB-19'!BQ15+'[3]CB-20'!BQ15+'[3]CB-21'!BQ15+'[3]CB-22'!BQ15+'[3]CB-23'!BQ15+'[3]CB-24'!BQ15+'[4]LCT-1'!BQ15+'[4]LCT-2'!BQ15+'[4]LCT-3'!BQ15+'[4]LCT-4'!BQ15+'[4]LCT-5'!BQ15+'[4]LCT-6'!BQ15+'[4]LCT-7'!BQ15+'[4]LCT-8'!BQ15+'[5]TB-1'!BQ15+'[5]TB-2'!BQ15+'[5]TB-3'!BQ15+'[5]TB-4'!BQ15+'[5]TB-5'!BQ15+'[5]TB-6'!BQ15+'[5]TB-7'!BQ15+'[5]TB-8'!BQ15+'[5]TB-9'!BQ15+'[5]TB-10'!BQ15+'[6]DSV-1'!BQ15+'[6]DSV-2'!BQ15+'[6]DSV-3'!BQ15+'[7]TUB-1'!BQ15+'[7]TUB-2'!BQ15+'[8]Barge-1'!BQ15+'[8]Barge-2'!BQ15+'[8]Barge-3'!BQ15+'[8]Barge-4'!BQ15 -> 3937.4471 | H15: ='[2]AHTS-1'!CM15+'[2]AHTS-2'!CM15+'[2]AHTS-3'!CM15+'[2]AHTS-4'!CM15+'[2]AHTS-5'!CM15+'[2]AHTS-6'!CM15+'[2]AHTS-7'!CM15+'[2]AHTS-8'!CM15+'[3]CB-1'!CM15+'[3]CB-2'!CM15+'[3]CB-3'!CM15+'[3]CB-4'!CM15+'[3]CB-5'!CM15+'[3]CB-6'!CM15+'[3]CB-7'!CM15+'[3]CB-8'!CM15+'[3]CB-9'!CM15+'[3]CB-10'!CM15+'[3]CB-11'!CM15+'[3]CB-12'!CM15+'[3]CB-13'!CM15+'[3]CB-14'!CM15+'[3]CB-15'!CM15+'[3]CB-16'!CM15+'[3]CB-17'!CM15+'[3]CB-18'!CM15+'[3]CB-19'!CM15+'[3]CB-20'!CM15+'[3]CB-21'!CM15+'[3]CB-22'!CM15+'[3]CB-23'!CM15+'[3]CB-24'!CM15+'[4]LCT-1'!CM15+'[4]LCT-2'!CM15+'[4]LCT-3'!CM15+'[4]LCT-4'!CM15+'[4]LCT-5'!CM15+'[4]LCT-6'!CM15+'[4]LCT-7'!CM15+'[4]LCT-8'!CM15+'[5]TB-1'!CM15+'[5]TB-2'!CM15+'[5]TB-3'!CM15+'[5]TB-4'!CM15+'[5]TB-5'!CM15+'[5]TB-6'!CM15+'[5]TB-7'!CM15+'[5]TB-8'!CM15+'[5]TB-9'!CM15+'[5]TB-10'!CM15+'[6]DSV-1'!CM15+'[6]DSV-2'!CM15+'[6]DSV-3'!CM15+'[7]TUB-1'!CM15+'[7]TUB-2'!CM15+'[8]Barge-1'!CM15+'[8]Barge-2'!CM15+'[8]Barge-3'!CM15+'[8]Barge-4'!CM15 -> 0 | U15: =[1]Control!AZ15 -> 45990 | W15: ='[2]AHTS-1'!IA53+'[2]AHTS-2'!IA53+'[2]AHTS-3'!IA53+'[2]AHTS-4'!IA53+'[2]AHTS-5'!IA53+'[2]AHTS-6'!IA53+'[2]AHTS-7'!IA53+'[2]AHTS-8'!IA53+'[3]CB-1'!IA53+'[3]CB-2'!IA53+'[3]CB-3'!IA53+'[3]CB-4'!IA53+'[3]CB-5'!IA53+'[3]CB-6'!IA53+'[3]CB-7'!IA53+'[3]CB-8'!IA53+'[3]CB-9'!IA53+'[3]CB-10'!IA53+'[3]CB-11'!IA53+'[3]CB-12'!IA53+'[3]CB-13'!IA53+'[3]CB-14'!IA53+'[3]CB-15'!IA53+'[3]CB-16'!IA53+'[3]CB-17'!IA53+'[3]CB-18'!IA53+'[3]CB-19'!IA53+'[3]CB-20'!IA53+'[3]CB-21'!IA53+'[3]CB-22'!IA53+'[3]CB-23'!IA53+'[3]CB-24'!IA53+'[4]LCT-1'!IA53+'[4]LCT-2'!IA53+'[4]LCT-3'!IA53+'[4]LCT-4'!IA53+'[4]LCT-5'!IA53+'[4]LCT-6'!IA53+'[4]LCT-7'!IA53+'[4]LCT-8'!IA53+'[5]TB-1'!IA53+'[5]TB-2'!IA53+'[5]TB-3'!IA53+'[5]TB-4'!IA53+'[5]TB-5'!IA53+'[5]TB-6'!IA53+'[5]TB-7'!IA53+'[5]TB-8'!IA53+'[5]TB-9'!IA53+'[5]TB-10'!IA53+'[6]DSV-1'!IA53+'[6]DSV-2'!IA53+'[6]DSV-3'!IA53+'[7]TUB-1'!IA53+'[7]TUB-2'!IA53+'[8]Barge-1'!IA53+'[8]Barge-2'!IA53+'[8]Barge-3'!IA53+'[8]Barge-4'!IA53 -> 0 | X15: ='[2]AHTS-1'!IA15+'[2]AHTS-2'!IA15+'[2]AHTS-3'!IA15+'[2]AHTS-4'!IA15+'[2]AHTS-5'!IA15+'[2]AHTS-6'!IA15+'[2]AHTS-7'!IA15+'[2]AHTS-8'!IA15+'[3]CB-1'!IA15+'[3]CB-2'!IA15+'[3]CB-3'!IA15+'[3]CB-4'!IA15+'[3]CB-5'!IA15+'[3]CB-6'!IA15+'[3]CB-7'!IA15+'[3]CB-8'!IA15+'[3]CB-9'!IA15+'[3]CB-10'!IA15+'[3]CB-11'!IA15+'[3]CB-12'!IA15+'[3]CB-13'!IA15+'[3]CB-14'!IA15+'[3]CB-15'!IA15+'[3]CB-16'!IA15+'[3]CB-17'!IA15+'[3]CB-18'!IA15+'[3]CB-19'!IA15+'[3]CB-20'!IA15+'[3]CB-21'!IA15+'[3]CB-22'!IA15+'[3]CB-23'!IA15+'[3]CB-24'!IA15+'[4]LCT-1'!IA15+'[4]LCT-2'!IA15+'[4]LCT-3'!IA15+'[4]LCT-4'!IA15+'[4]LCT-5'!IA15+'[4]LCT-6'!IA15+'[4]LCT-7'!IA15+'[4]LCT-8'!IA15+'[5]TB-1'!IA15+'[5]TB-2'!IA15+'[5]TB-3'!IA15+'[5]TB-4'!IA15+'[5]TB-5'!IA15+'[5]TB-6'!IA15+'[5]TB-7'!IA15+'[5]TB-8'!IA15+'[5]TB-9'!IA15+'[5]TB-10'!IA15+'[6]DSV-1'!IA15+'[6]DSV-2'!IA15+'[6]DSV-3'!IA15+'[7]TUB-1'!IA15+'[7]TUB-2'!IA15+'[8]Barge-1'!IA15+'[8]Barge-2'!IA15+'[8]Barge-3'!IA15+'[8]Barge-4'!IA15 -> 0 | Y15: ='[2]AHTS-1'!IA86+'[2]AHTS-2'!IA86+'[2]AHTS-3'!IA86+'[2]AHTS-4'!IA86+'[2]AHTS-5'!IA86+'[2]AHTS-6'!IA86+'[2]AHTS-7'!IA86+'[2]AHTS-8'!IA86+'[3]CB-1'!IA86+'[3]CB-2'!IA86+'[3]CB-3'!IA86+'[3]CB-4'!IA86+'[3]CB-5'!IA86+'[3]CB-6'!IA86+'[3]CB-7'!IA86+'[3]CB-8'!IA86+'[3]CB-9'!IA86+'[3]CB-10'!IA86+'[3]CB-11'!IA86+'[3]CB-12'!IA86+'[3]CB-13'!IA86+'[3]CB-14'!IA86+'[3]CB-15'!IA86+'[3]CB-16'!IA86+'[3]CB-17'!IA86+'[3]CB-18'!IA86+'[3]CB-19'!IA86+'[3]CB-20'!IA86+'[3]CB-21'!IA86+'[3]CB-22'!IA86+'[3]CB-23'!IA86+'[3]CB-24'!IA86+'[4]LCT-1'!IA86+'[4]LCT-2'!IA86+'[4]LCT-3'!IA86+'[4]LCT-4'!IA86+'[4]LCT-5'!IA86+'[4]LCT-6'!IA86+'[4]LCT-7'!IA86+'[4]LCT-8'!IA86+'[5]TB-1'!IA86+'[5]TB-2'!IA86+'[5]TB-3'!IA86+'[5]TB-4'!IA86+'[5]TB-5'!IA86+'[5]TB-6'!IA86+'[5]TB-7'!IA86+'[5]TB-8'!IA86+'[5]TB-9'!IA86+'[5]TB-10'!IA86+'[6]DSV-1'!IA86+'[6]DSV-2'!IA86+'[6]DSV-3'!IA86+'[7]TUB-1'!IA86+'[7]TUB-2'!IA86+'[8]Barge-1'!IA86+'[8]Barge-2'!IA86+'[8]Barge-3'!IA86+'[8]Barge-4'!IA86 -> 0 | Z15: ='[2]AHTS-1'!IB53+'[2]AHTS-2'!IB53+'[2]AHTS-3'!IB53+'[2]AHTS-4'!IB53+'[2]AHTS-5'!IB53+'[2]AHTS-6'!IB53+'[2]AHTS-7'!IB53+'[2]AHTS-8'!IB53+'[3]CB-1'!IB53+'[3]CB-2'!IB53+'[3]CB-3'!IB53+'[3]CB-4'!IB53+'[3]CB-5'!IB53+'[3]CB-6'!IB53+'[3]CB-7'!IB53+'[3]CB-8'!IB53+'[3]CB-9'!IB53+'[3]CB-10'!IB53+'[3]CB-11'!IB53+'[3]CB-12'!IB53+'[3]CB-13'!IB53+'[3]CB-14'!IB53+'[3]CB-15'!IB53+'[3]CB-16'!IB53+'[3]CB-17'!IB53+'[3]CB-18'!IB53+'[3]CB-19'!IB53+'[3]CB-20'!IB53+'[3]CB-21'!IB53+'[3]CB-22'!IB53+'[3]CB-23'!IB53+'[3]CB-24'!IB53+'[4]LCT-1'!IB53+'[4]LCT-2'!IB53+'[4]LCT-3'!IB53+'[4]LCT-4'!IB53+'[4]LCT-5'!IB53+'[4]LCT-6'!IB53+'[4]LCT-7'!IB53+'[4]LCT-8'!IB53+'[5]TB-1'!IB53+'[5]TB-2'!IB53+'[5]TB-3'!IB53+'[5]TB-4'!IB53+'[5]TB-5'!IB53+'[5]TB-6'!IB53+'[5]TB-7'!IB53+'[5]TB-8'!IB53+'[5]TB-9'!IB53+'[5]TB-10'!IB53+'[6]DSV-1'!IB53+'[6]DSV-2'!IB53+'[6]DSV-3'!IB53+'[7]TUB-1'!IB53+'[7]TUB-2'!IB53+'[8]Barge-1'!IB53+'[8]Barge-2'!IB53+'[8]Barge-3'!IB53+'[8]Barge-4'!IB53 -> 49255706 | AA15: ='[2]AHTS-1'!IB15+'[2]AHTS-2'!IB15+'[2]AHTS-3'!IB15+'[2]AHTS-4'!IB15+'[2]AHTS-5'!IB15+'[2]AHTS-6'!IB15+'[2]AHTS-7'!IB15+'[2]AHTS-8'!IB15+'[3]CB-1'!IB15+'[3]CB-2'!IB15+'[3]CB-3'!IB15+'[3]CB-4'!IB15+'[3]CB-5'!IB15+'[3]CB-6'!IB15+'[3]CB-7'!IB15+'[3]CB-8'!IB15+'[3]CB-9'!IB15+'[3]CB-10'!IB15+'[3]CB-11'!IB15+'[3]CB-12'!IB15+'[3]CB-13'!IB15+'[3]CB-14'!IB15+'[3]CB-15'!IB15+'[3]CB-16'!IB15+'[3]CB-17'!IB15+'[3]CB-18'!IB15+'[3]CB-19'!IB15+'[3]CB-20'!IB15+'[3]CB-21'!IB15+'[3]CB-22'!IB15+'[3]CB-23'!IB15+'[3]CB-24'!IB15+'[4]LCT-1'!IB15+'[4]LCT-2'!IB15+'[4]LCT-3'!IB15+'[4]LCT-4'!IB15+'[4]LCT-5'!IB15+'[4]LCT-6'!IB15+'[4]LCT-7'!IB15+'[4]LCT-8'!IB15+'[5]TB-1'!IB15+'[5]TB-2'!IB15+'[5]TB-3'!IB15+'[5]TB-4'!IB15+'[5]TB-5'!IB15+'[5]TB-6'!IB15+'[5]TB-7'!IB15+'[5]TB-8'!IB15+'[5]TB-9'!IB15+'[5]TB-10'!IB15+'[6]DSV-1'!IB15+'[6]DSV-2'!IB15+'[6]DSV-3'!IB15+'[7]TUB-1'!IB15+'[7]TUB-2'!IB15+'[8]Barge-1'!IB15+'[8]Barge-2'!IB15+'[8]Barge-3'!IB15+'[8]Barge-4'!IB15 -> 62054167 | AB15: ='[2]AHTS-1'!IB86+'[2]AHTS-2'!IB86+'[2]AHTS-3'!IB86+'[2]AHTS-4'!IB86+'[2]AHTS-5'!IB86+'[2]AHTS-6'!IB86+'[2]AHTS-7'!IB86+'[2]AHTS-8'!IB86+'[3]CB-1'!IB86+'[3]CB-2'!IB86+'[3]CB-3'!IB86+'[3]CB-4'!IB86+'[3]CB-5'!IB86+'[3]CB-6'!IB86+'[3]CB-7'!IB86+'[3]CB-8'!IB86+'[3]CB-9'!IB86+'[3]CB-10'!IB86+'[3]CB-11'!IB86+'[3]CB-12'!IB86+'[3]CB-13'!IB86+'[3]CB-14'!IB86+'[3]CB-15'!IB86+'[3]CB-16'!IB86+'[3]CB-17'!IB86+'[3]CB-18'!IB86+'[3]CB-19'!IB86+'[3]CB-20'!IB86+'[3]CB-21'!IB86+'[3]CB-22'!IB86+'[3]CB-23'!IB86+'[3]CB-24'!IB86+'[4]LCT-1'!IB86+'[4]LCT-2'!IB86+'[4]LCT-3'!IB86+'[4]LCT-4'!IB86+'[4]LCT-5'!IB86+'[4]LCT-6'!IB86+'[4]LCT-7'!IB86+'[4]LCT-8'!IB86+'[5]TB-1'!IB86+'[5]TB-2'!IB86+'[5]TB-3'!IB86+'[5]TB-4'!IB86+'[5]TB-5'!IB86+'[5]TB-6'!IB86+'[5]TB-7'!IB86+'[5]TB-8'!IB86+'[5]TB-9'!IB86+'[5]TB-10'!IB86+'[6]DSV-1'!IB86+'[6]DSV-2'!IB86+'[6]DSV-3'!IB86+'[7]TUB-1'!IB86+'[7]TUB-2'!IB86+'[8]Barge-1'!IB86+'[8]Barge-2'!IB86+'[8]Barge-3'!IB86+'[8]Barge-4'!IB86 -> 0
A16: =[1]Control!AZ16 -> 45991 | C16: ='[2]AHTS-1'!AT16+'[2]AHTS-2'!AT16+'[2]AHTS-3'!AT16+'[2]AHTS-4'!AT16+'[2]AHTS-5'!AT16+'[2]AHTS-6'!AT16+'[2]AHTS-7'!AT16+'[2]AHTS-8'!AT16+'[3]CB-1'!AT16+'[3]CB-2'!AT16+'[3]CB-3'!AT16+'[3]CB-4'!AT16+'[3]CB-5'!AT16+'[3]CB-6'!AT16+'[3]CB-7'!AT16+'[3]CB-8'!AT16+'[3]CB-9'!AT16+'[3]CB-10'!AT16+'[3]CB-11'!AT16+'[3]CB-12'!AT16+'[3]CB-13'!AT16+'[3]CB-14'!AT16+'[3]CB-15'!AT16+'[3]CB-16'!AT16+'[3]CB-17'!AT16+'[3]CB-18'!AT16+'[3]CB-19'!AT16+'[3]CB-20'!AT16+'[3]CB-21'!AT16+'[3]CB-22'!AT16+'[3]CB-23'!AT16+'[3]CB-24'!AT16+'[4]LCT-1'!AT16+'[4]LCT-2'!AT16+'[4]LCT-3'!AT16+'[4]LCT-4'!AT16+'[4]LCT-5'!AT16+'[4]LCT-6'!AT16+'[4]LCT-7'!AT16+'[4]LCT-8'!AT16+'[5]TB-1'!AT16+'[5]TB-2'!AT16+'[5]TB-3'!AT16+'[5]TB-4'!AT16+'[5]TB-5'!AT16+'[5]TB-6'!AT16+'[5]TB-7'!AT16+'[5]TB-8'!AT16+'[5]TB-9'!AT16+'[5]TB-10'!AT16+'[6]DSV-1'!AT16+'[6]DSV-2'!AT16+'[6]DSV-3'!AT16+'[7]TUB-1'!AT16+'[7]TUB-2'!AT16+'[8]Barge-1'!AT16+'[8]Barge-2'!AT16+'[8]Barge-3'!AT16+'[8]Barge-4'!AT16 -> 0 | D16: ='[2]AHTS-1'!BP16+'[2]AHTS-2'!BP16+'[2]AHTS-3'!BP16+'[2]AHTS-4'!BP16+'[2]AHTS-5'!BP16+'[2]AHTS-6'!BP16+'[2]AHTS-7'!BP16+'[2]AHTS-8'!BP16+'[3]CB-1'!BP16+'[3]CB-2'!BP16+'[3]CB-3'!BP16+'[3]CB-4'!BP16+'[3]CB-5'!BP16+'[3]CB-6'!BP16+'[3]CB-7'!BP16+'[3]CB-8'!BP16+'[3]CB-9'!BP16+'[3]CB-10'!BP16+'[3]CB-11'!BP16+'[3]CB-12'!BP16+'[3]CB-13'!BP16+'[3]CB-14'!BP16+'[3]CB-15'!BP16+'[3]CB-16'!BP16+'[3]CB-17'!BP16+'[3]CB-18'!BP16+'[3]CB-19'!BP16+'[3]CB-20'!BP16+'[3]CB-21'!BP16+'[3]CB-22'!BP16+'[3]CB-23'!BP16+'[3]CB-24'!BP16+'[4]LCT-1'!BP16+'[4]LCT-2'!BP16+'[4]LCT-3'!BP16+'[4]LCT-4'!BP16+'[4]LCT-5'!BP16+'[4]LCT-6'!BP16+'[4]LCT-7'!BP16+'[4]LCT-8'!BP16+'[5]TB-1'!BP16+'[5]TB-2'!BP16+'[5]TB-3'!BP16+'[5]TB-4'!BP16+'[5]TB-5'!BP16+'[5]TB-6'!BP16+'[5]TB-7'!BP16+'[5]TB-8'!BP16+'[5]TB-9'!BP16+'[5]TB-10'!BP16+'[6]DSV-1'!BP16+'[6]DSV-2'!BP16+'[6]DSV-3'!BP16+'[7]TUB-1'!BP16+'[7]TUB-2'!BP16+'[8]Barge-1'!BP16+'[8]Barge-2'!BP16+'[8]Barge-3'!BP16+'[8]Barge-4'!BP16 -> 0 | E16: ='[2]AHTS-1'!CL16+'[2]AHTS-2'!CL16+'[2]AHTS-3'!CL16+'[2]AHTS-4'!CL16+'[2]AHTS-5'!CL16+'[2]AHTS-6'!CL16+'[2]AHTS-7'!CL16+'[2]AHTS-8'!CL16+'[3]CB-1'!CL16+'[3]CB-2'!CL16+'[3]CB-3'!CL16+'[3]CB-4'!CL16+'[3]CB-5'!CL16+'[3]CB-6'!CL16+'[3]CB-7'!CL16+'[3]CB-8'!CL16+'[3]CB-9'!CL16+'[3]CB-10'!CL16+'[3]CB-11'!CL16+'[3]CB-12'!CL16+'[3]CB-13'!CL16+'[3]CB-14'!CL16+'[3]CB-15'!CL16+'[3]CB-16'!CL16+'[3]CB-17'!CL16+'[3]CB-18'!CL16+'[3]CB-19'!CL16+'[3]CB-20'!CL16+'[3]CB-21'!CL16+'[3]CB-22'!CL16+'[3]CB-23'!CL16+'[3]CB-24'!CL16+'[4]LCT-1'!CL16+'[4]LCT-2'!CL16+'[4]LCT-3'!CL16+'[4]LCT-4'!CL16+'[4]LCT-5'!CL16+'[4]LCT-6'!CL16+'[4]LCT-7'!CL16+'[4]LCT-8'!CL16+'[5]TB-1'!CL16+'[5]TB-2'!CL16+'[5]TB-3'!CL16+'[5]TB-4'!CL16+'[5]TB-5'!CL16+'[5]TB-6'!CL16+'[5]TB-7'!CL16+'[5]TB-8'!CL16+'[5]TB-9'!CL16+'[5]TB-10'!CL16+'[6]DSV-1'!CL16+'[6]DSV-2'!CL16+'[6]DSV-3'!CL16+'[7]TUB-1'!CL16+'[7]TUB-2'!CL16+'[8]Barge-1'!CL16+'[8]Barge-2'!CL16+'[8]Barge-3'!CL16+'[8]Barge-4'!CL16 -> 0 | F16: ='[2]AHTS-1'!AU16+'[2]AHTS-2'!AU16+'[2]AHTS-3'!AU16+'[2]AHTS-4'!AU16+'[2]AHTS-5'!AU16+'[2]AHTS-6'!AU16+'[2]AHTS-7'!AU16+'[2]AHTS-8'!AU16+'[3]CB-1'!AU16+'[3]CB-2'!AU16+'[3]CB-3'!AU16+'[3]CB-4'!AU16+'[3]CB-5'!AU16+'[3]CB-6'!AU16+'[3]CB-7'!AU16+'[3]CB-8'!AU16+'[3]CB-9'!AU16+'[3]CB-10'!AU16+'[3]CB-11'!AU16+'[3]CB-12'!AU16+'[3]CB-13'!AU16+'[3]CB-14'!AU16+'[3]CB-15'!AU16+'[3]CB-16'!AU16+'[3]CB-17'!AU16+'[3]CB-18'!AU16+'[3]CB-19'!AU16+'[3]CB-20'!AU16+'[3]CB-21'!AU16+'[3]CB-22'!AU16+'[3]CB-23'!AU16+'[3]CB-24'!AU16+'[4]LCT-1'!AU16+'[4]LCT-2'!AU16+'[4]LCT-3'!AU16+'[4]LCT-4'!AU16+'[4]LCT-5'!AU16+'[4]LCT-6'!AU16+'[4]LCT-7'!AU16+'[4]LCT-8'!AU16+'[5]TB-1'!AU16+'[5]TB-2'!AU16+'[5]TB-3'!AU16+'[5]TB-4'!AU16+'[5]TB-5'!AU16+'[5]TB-6'!AU16+'[5]TB-7'!AU16+'[5]TB-8'!AU16+'[5]TB-9'!AU16+'[5]TB-10'!AU16+'[6]DSV-1'!AU16+'[6]DSV-2'!AU16+'[6]DSV-3'!AU16+'[7]TUB-1'!AU16+'[7]TUB-2'!AU16+'[8]Barge-1'!AU16+'[8]Barge-2'!AU16+'[8]Barge-3'!AU16+'[8]Barge-4'!AU16 -> 3585.3643 | G16: ='[2]AHTS-1'!BQ16+'[2]AHTS-2'!BQ16+'[2]AHTS-3'!BQ16+'[2]AHTS-4'!BQ16+'[2]AHTS-5'!BQ16+'[2]AHTS-6'!BQ16+'[2]AHTS-7'!BQ16+'[2]AHTS-8'!BQ16+'[3]CB-1'!BQ16+'[3]CB-2'!BQ16+'[3]CB-3'!BQ16+'[3]CB-4'!BQ16+'[3]CB-5'!BQ16+'[3]CB-6'!BQ16+'[3]CB-7'!BQ16+'[3]CB-8'!BQ16+'[3]CB-9'!BQ16+'[3]CB-10'!BQ16+'[3]CB-11'!BQ16+'[3]CB-12'!BQ16+'[3]CB-13'!BQ16+'[3]CB-14'!BQ16+'[3]CB-15'!BQ16+'[3]CB-16'!BQ16+'[3]CB-17'!BQ16+'[3]CB-18'!BQ16+'[3]CB-19'!BQ16+'[3]CB-20'!BQ16+'[3]CB-21'!BQ16+'[3]CB-22'!BQ16+'[3]CB-23'!BQ16+'[3]CB-24'!BQ16+'[4]LCT-1'!BQ16+'[4]LCT-2'!BQ16+'[4]LCT-3'!BQ16+'[4]LCT-4'!BQ16+'[4]LCT-5'!BQ16+'[4]LCT-6'!BQ16+'[4]LCT-7'!BQ16+'[4]LCT-8'!BQ16+'[5]TB-1'!BQ16+'[5]TB-2'!BQ16+'[5]TB-3'!BQ16+'[5]TB-4'!BQ16+'[5]TB-5'!BQ16+'[5]TB-6'!BQ16+'[5]TB-7'!BQ16+'[5]TB-8'!BQ16+'[5]TB-9'!BQ16+'[5]TB-10'!BQ16+'[6]DSV-1'!BQ16+'[6]DSV-2'!BQ16+'[6]DSV-3'!BQ16+'[7]TUB-1'!BQ16+'[7]TUB-2'!BQ16+'[8]Barge-1'!BQ16+'[8]Barge-2'!BQ16+'[8]Barge-3'!BQ16+'[8]Barge-4'!BQ16 -> 4278.5538 | H16: ='[2]AHTS-1'!CM16+'[2]AHTS-2'!CM16+'[2]AHTS-3'!CM16+'[2]AHTS-4'!CM16+'[2]AHTS-5'!CM16+'[2]AHTS-6'!CM16+'[2]AHTS-7'!CM16+'[2]AHTS-8'!CM16+'[3]CB-1'!CM16+'[3]CB-2'!CM16+'[3]CB-3'!CM16+'[3]CB-4'!CM16+'[3]CB-5'!CM16+'[3]CB-6'!CM16+'[3]CB-7'!CM16+'[3]CB-8'!CM16+'[3]CB-9'!CM16+'[3]CB-10'!CM16+'[3]CB-11'!CM16+'[3]CB-12'!CM16+'[3]CB-13'!CM16+'[3]CB-14'!CM16+'[3]CB-15'!CM16+'[3]CB-16'!CM16+'[3]CB-17'!CM16+'[3]CB-18'!CM16+'[3]CB-19'!CM16+'[3]CB-20'!CM16+'[3]CB-21'!CM16+'[3]CB-22'!CM16+'[3]CB-23'!CM16+'[3]CB-24'!CM16+'[4]LCT-1'!CM16+'[4]LCT-2'!CM16+'[4]LCT-3'!CM16+'[4]LCT-4'!CM16+'[4]LCT-5'!CM16+'[4]LCT-6'!CM16+'[4]LCT-7'!CM16+'[4]LCT-8'!CM16+'[5]TB-1'!CM16+'[5]TB-2'!CM16+'[5]TB-3'!CM16+'[5]TB-4'!CM16+'[5]TB-5'!CM16+'[5]TB-6'!CM16+'[5]TB-7'!CM16+'[5]TB-8'!CM16+'[5]TB-9'!CM16+'[5]TB-10'!CM16+'[6]DSV-1'!CM16+'[6]DSV-2'!CM16+'[6]DSV-3'!CM16+'[7]TUB-1'!CM16+'[7]TUB-2'!CM16+'[8]Barge-1'!CM16+'[8]Barge-2'!CM16+'[8]Barge-3'!CM16+'[8]Barge-4'!CM16 -> 0 | U16: =[1]Control!AZ16 -> 45991 | W16: ='[2]AHTS-1'!IA54+'[2]AHTS-2'!IA54+'[2]AHTS-3'!IA54+'[2]AHTS-4'!IA54+'[2]AHTS-5'!IA54+'[2]AHTS-6'!IA54+'[2]AHTS-7'!IA54+'[2]AHTS-8'!IA54+'[3]CB-1'!IA54+'[3]CB-2'!IA54+'[3]CB-3'!IA54+'[3]CB-4'!IA54+'[3]CB-5'!IA54+'[3]CB-6'!IA54+'[3]CB-7'!IA54+'[3]CB-8'!IA54+'[3]CB-9'!IA54+'[3]CB-10'!IA54+'[3]CB-11'!IA54+'[3]CB-12'!IA54+'[3]CB-13'!IA54+'[3]CB-14'!IA54+'[3]CB-15'!IA54+'[3]CB-16'!IA54+'[3]CB-17'!IA54+'[3]CB-18'!IA54+'[3]CB-19'!IA54+'[3]CB-20'!IA54+'[3]CB-21'!IA54+'[3]CB-22'!IA54+'[3]CB-23'!IA54+'[3]CB-24'!IA54+'[4]LCT-1'!IA54+'[4]LCT-2'!IA54+'[4]LCT-3'!IA54+'[4]LCT-4'!IA54+'[4]LCT-5'!IA54+'[4]LCT-6'!IA54+'[4]LCT-7'!IA54+'[4]LCT-8'!IA54+'[5]TB-1'!IA54+'[5]TB-2'!IA54+'[5]TB-3'!IA54+'[5]TB-4'!IA54+'[5]TB-5'!IA54+'[5]TB-6'!IA54+'[5]TB-7'!IA54+'[5]TB-8'!IA54+'[5]TB-9'!IA54+'[5]TB-10'!IA54+'[6]DSV-1'!IA54+'[6]DSV-2'!IA54+'[6]DSV-3'!IA54+'[7]TUB-1'!IA54+'[7]TUB-2'!IA54+'[8]Barge-1'!IA54+'[8]Barge-2'!IA54+'[8]Barge-3'!IA54+'[8]Barge-4'!IA54 -> 0 | X16: ='[2]AHTS-1'!IA16+'[2]AHTS-2'!IA16+'[2]AHTS-3'!IA16+'[2]AHTS-4'!IA16+'[2]AHTS-5'!IA16+'[2]AHTS-6'!IA16+'[2]AHTS-7'!IA16+'[2]AHTS-8'!IA16+'[3]CB-1'!IA16+'[3]CB-2'!IA16+'[3]CB-3'!IA16+'[3]CB-4'!IA16+'[3]CB-5'!IA16+'[3]CB-6'!IA16+'[3]CB-7'!IA16+'[3]CB-8'!IA16+'[3]CB-9'!IA16+'[3]CB-10'!IA16+'[3]CB-11'!IA16+'[3]CB-12'!IA16+'[3]CB-13'!IA16+'[3]CB-14'!IA16+'[3]CB-15'!IA16+'[3]CB-16'!IA16+'[3]CB-17'!IA16+'[3]CB-18'!IA16+'[3]CB-19'!IA16+'[3]CB-20'!IA16+'[3]CB-21'!IA16+'[3]CB-22'!IA16+'[3]CB-23'!IA16+'[3]CB-24'!IA16+'[4]LCT-1'!IA16+'[4]LCT-2'!IA16+'[4]LCT-3'!IA16+'[4]LCT-4'!IA16+'[4]LCT-5'!IA16+'[4]LCT-6'!IA16+'[4]LCT-7'!IA16+'[4]LCT-8'!IA16+'[5]TB-1'!IA16+'[5]TB-2'!IA16+'[5]TB-3'!IA16+'[5]TB-4'!IA16+'[5]TB-5'!IA16+'[5]TB-6'!IA16+'[5]TB-7'!IA16+'[5]TB-8'!IA16+'[5]TB-9'!IA16+'[5]TB-10'!IA16+'[6]DSV-1'!IA16+'[6]DSV-2'!IA16+'[6]DSV-3'!IA16+'[7]TUB-1'!IA16+'[7]TUB-2'!IA16+'[8]Barge-1'!IA16+'[8]Barge-2'!IA16+'[8]Barge-3'!IA16+'[8]Barge-4'!IA16 -> 0 | Y16: ='[2]AHTS-1'!IA87+'[2]AHTS-2'!IA87+'[2]AHTS-3'!IA87+'[2]AHTS-4'!IA87+'[2]AHTS-5'!IA87+'[2]AHTS-6'!IA87+'[2]AHTS-7'!IA87+'[2]AHTS-8'!IA87+'[3]CB-1'!IA87+'[3]CB-2'!IA87+'[3]CB-3'!IA87+'[3]CB-4'!IA87+'[3]CB-5'!IA87+'[3]CB-6'!IA87+'[3]CB-7'!IA87+'[3]CB-8'!IA87+'[3]CB-9'!IA87+'[3]CB-10'!IA87+'[3]CB-11'!IA87+'[3]CB-12'!IA87+'[3]CB-13'!IA87+'[3]CB-14'!IA87+'[3]CB-15'!IA87+'[3]CB-16'!IA87+'[3]CB-17'!IA87+'[3]CB-18'!IA87+'[3]CB-19'!IA87+'[3]CB-20'!IA87+'[3]CB-21'!IA87+'[3]CB-22'!IA87+'[3]CB-23'!IA87+'[3]CB-24'!IA87+'[4]LCT-1'!IA87+'[4]LCT-2'!IA87+'[4]LCT-3'!IA87+'[4]LCT-4'!IA87+'[4]LCT-5'!IA87+'[4]LCT-6'!IA87+'[4]LCT-7'!IA87+'[4]LCT-8'!IA87+'[5]TB-1'!IA87+'[5]TB-2'!IA87+'[5]TB-3'!IA87+'[5]TB-4'!IA87+'[5]TB-5'!IA87+'[5]TB-6'!IA87+'[5]TB-7'!IA87+'[5]TB-8'!IA87+'[5]TB-9'!IA87+'[5]TB-10'!IA87+'[6]DSV-1'!IA87+'[6]DSV-2'!IA87+'[6]DSV-3'!IA87+'[7]TUB-1'!IA87+'[7]TUB-2'!IA87+'[8]Barge-1'!IA87+'[8]Barge-2'!IA87+'[8]Barge-3'!IA87+'[8]Barge-4'!IA87 -> 0 | Z16: ='[2]AHTS-1'!IB54+'[2]AHTS-2'!IB54+'[2]AHTS-3'!IB54+'[2]AHTS-4'!IB54+'[2]AHTS-5'!IB54+'[2]AHTS-6'!IB54+'[2]AHTS-7'!IB54+'[2]AHTS-8'!IB54+'[3]CB-1'!IB54+'[3]CB-2'!IB54+'[3]CB-3'!IB54+'[3]CB-4'!IB54+'[3]CB-5'!IB54+'[3]CB-6'!IB54+'[3]CB-7'!IB54+'[3]CB-8'!IB54+'[3]CB-9'!IB54+'[3]CB-10'!IB54+'[3]CB-11'!IB54+'[3]CB-12'!IB54+'[3]CB-13'!IB54+'[3]CB-14'!IB54+'[3]CB-15'!IB54+'[3]CB-16'!IB54+'[3]CB-17'!IB54+'[3]CB-18'!IB54+'[3]CB-19'!IB54+'[3]CB-20'!IB54+'[3]CB-21'!IB54+'[3]CB-22'!IB54+'[3]CB-23'!IB54+'[3]CB-24'!IB54+'[4]LCT-1'!IB54+'[4]LCT-2'!IB54+'[4]LCT-3'!IB54+'[4]LCT-4'!IB54+'[4]LCT-5'!IB54+'[4]LCT-6'!IB54+'[4]LCT-7'!IB54+'[4]LCT-8'!IB54+'[5]TB-1'!IB54+'[5]TB-2'!IB54+'[5]TB-3'!IB54+'[5]TB-4'!IB54+'[5]TB-5'!IB54+'[5]TB-6'!IB54+'[5]TB-7'!IB54+'[5]TB-8'!IB54+'[5]TB-9'!IB54+'[5]TB-10'!IB54+'[6]DSV-1'!IB54+'[6]DSV-2'!IB54+'[6]DSV-3'!IB54+'[7]TUB-1'!IB54+'[7]TUB-2'!IB54+'[8]Barge-1'!IB54+'[8]Barge-2'!IB54+'[8]Barge-3'!IB54+'[8]Barge-4'!IB54 -> 56404952 | AA16: ='[2]AHTS-1'!IB16+'[2]AHTS-2'!IB16+'[2]AHTS-3'!IB16+'[2]AHTS-4'!IB16+'[2]AHTS-5'!IB16+'[2]AHTS-6'!IB16+'[2]AHTS-7'!IB16+'[2]AHTS-8'!IB16+'[3]CB-1'!IB16+'[3]CB-2'!IB16+'[3]CB-3'!IB16+'[3]CB-4'!IB16+'[3]CB-5'!IB16+'[3]CB-6'!IB16+'[3]CB-7'!IB16+'[3]CB-8'!IB16+'[3]CB-9'!IB16+'[3]CB-10'!IB16+'[3]CB-11'!IB16+'[3]CB-12'!IB16+'[3]CB-13'!IB16+'[3]CB-14'!IB16+'[3]CB-15'!IB16+'[3]CB-16'!IB16+'[3]CB-17'!IB16+'[3]CB-18'!IB16+'[3]CB-19'!IB16+'[3]CB-20'!IB16+'[3]CB-21'!IB16+'[3]CB-22'!IB16+'[3]CB-23'!IB16+'[3]CB-24'!IB16+'[4]LCT-1'!IB16+'[4]LCT-2'!IB16+'[4]LCT-3'!IB16+'[4]LCT-4'!IB16+'[4]LCT-5'!IB16+'[4]LCT-6'!IB16+'[4]LCT-7'!IB16+'[4]LCT-8'!IB16+'[5]TB-1'!IB16+'[5]TB-2'!IB16+'[5]TB-3'!IB16+'[5]TB-4'!IB16+'[5]TB-5'!IB16+'[5]TB-6'!IB16+'[5]TB-7'!IB16+'[5]TB-8'!IB16+'[5]TB-9'!IB16+'[5]TB-10'!IB16+'[6]DSV-1'!IB16+'[6]DSV-2'!IB16+'[6]DSV-3'!IB16+'[7]TUB-1'!IB16+'[7]TUB-2'!IB16+'[8]Barge-1'!IB16+'[8]Barge-2'!IB16+'[8]Barge-3'!IB16+'[8]Barge-4'!IB16 -> 67310208 | AB16: ='[2]AHTS-1'!IB87+'[2]AHTS-2'!IB87+'[2]AHTS-3'!IB87+'[2]AHTS-4'!IB87+'[2]AHTS-5'!IB87+'[2]AHTS-6'!IB87+'[2]AHTS-7'!IB87+'[2]AHTS-8'!IB87+'[3]CB-1'!IB87+'[3]CB-2'!IB87+'[3]CB-3'!IB87+'[3]CB-4'!IB87+'[3]CB-5'!IB87+'[3]CB-6'!IB87+'[3]CB-7'!IB87+'[3]CB-8'!IB87+'[3]CB-9'!IB87+'[3]CB-10'!IB87+'[3]CB-11'!IB87+'[3]CB-12'!IB87+'[3]CB-13'!IB87+'[3]CB-14'!IB87+'[3]CB-15'!IB87+'[3]CB-16'!IB87+'[3]CB-17'!IB87+'[3]CB-18'!IB87+'[3]CB-19'!IB87+'[3]CB-20'!IB87+'[3]CB-21'!IB87+'[3]CB-22'!IB87+'[3]CB-23'!IB87+'[3]CB-24'!IB87+'[4]LCT-1'!IB87+'[4]LCT-2'!IB87+'[4]LCT-3'!IB87+'[4]LCT-4'!IB87+'[4]LCT-5'!IB87+'[4]LCT-6'!IB87+'[4]LCT-7'!IB87+'[4]LCT-8'!IB87+'[5]TB-1'!IB87+'[5]TB-2'!IB87+'[5]TB-3'!IB87+'[5]TB-4'!IB87+'[5]TB-5'!IB87+'[5]TB-6'!IB87+'[5]TB-7'!IB87+'[5]TB-8'!IB87+'[5]TB-9'!IB87+'[5]TB-10'!IB87+'[6]DSV-1'!IB87+'[6]DSV-2'!IB87+'[6]DSV-3'!IB87+'[7]TUB-1'!IB87+'[7]TUB-2'!IB87+'[8]Barge-1'!IB87+'[8]Barge-2'!IB87+'[8]Barge-3'!IB87+'[8]Barge-4'!IB87 -> 0
A17: =[1]Control!AZ17 -> 45992 | C17: ='[2]AHTS-1'!AT17+'[2]AHTS-2'!AT17+'[2]AHTS-3'!AT17+'[2]AHTS-4'!AT17+'[2]AHTS-5'!AT17+'[2]AHTS-6'!AT17+'[2]AHTS-7'!AT17+'[2]AHTS-8'!AT17+'[3]CB-1'!AT17+'[3]CB-2'!AT17+'[3]CB-3'!AT17+'[3]CB-4'!AT17+'[3]CB-5'!AT17+'[3]CB-6'!AT17+'[3]CB-7'!AT17+'[3]CB-8'!AT17+'[3]CB-9'!AT17+'[3]CB-10'!AT17+'[3]CB-11'!AT17+'[3]CB-12'!AT17+'[3]CB-13'!AT17+'[3]CB-14'!AT17+'[3]CB-15'!AT17+'[3]CB-16'!AT17+'[3]CB-17'!AT17+'[3]CB-18'!AT17+'[3]CB-19'!AT17+'[3]CB-20'!AT17+'[3]CB-21'!AT17+'[3]CB-22'!AT17+'[3]CB-23'!AT17+'[3]CB-24'!AT17+'[4]LCT-1'!AT17+'[4]LCT-2'!AT17+'[4]LCT-3'!AT17+'[4]LCT-4'!AT17+'[4]LCT-5'!AT17+'[4]LCT-6'!AT17+'[4]LCT-7'!AT17+'[4]LCT-8'!AT17+'[5]TB-1'!AT17+'[5]TB-2'!AT17+'[5]TB-3'!AT17+'[5]TB-4'!AT17+'[5]TB-5'!AT17+'[5]TB-6'!AT17+'[5]TB-7'!AT17+'[5]TB-8'!AT17+'[5]TB-9'!AT17+'[5]TB-10'!AT17+'[6]DSV-1'!AT17+'[6]DSV-2'!AT17+'[6]DSV-3'!AT17+'[7]TUB-1'!AT17+'[7]TUB-2'!AT17+'[8]Barge-1'!AT17+'[8]Barge-2'!AT17+'[8]Barge-3'!AT17+'[8]Barge-4'!AT17 -> 0 | D17: ='[2]AHTS-1'!BP17+'[2]AHTS-2'!BP17+'[2]AHTS-3'!BP17+'[2]AHTS-4'!BP17+'[2]AHTS-5'!BP17+'[2]AHTS-6'!BP17+'[2]AHTS-7'!BP17+'[2]AHTS-8'!BP17+'[3]CB-1'!BP17+'[3]CB-2'!BP17+'[3]CB-3'!BP17+'[3]CB-4'!BP17+'[3]CB-5'!BP17+'[3]CB-6'!BP17+'[3]CB-7'!BP17+'[3]CB-8'!BP17+'[3]CB-9'!BP17+'[3]CB-10'!BP17+'[3]CB-11'!BP17+'[3]CB-12'!BP17+'[3]CB-13'!BP17+'[3]CB-14'!BP17+'[3]CB-15'!BP17+'[3]CB-16'!BP17+'[3]CB-17'!BP17+'[3]CB-18'!BP17+'[3]CB-19'!BP17+'[3]CB-20'!BP17+'[3]CB-21'!BP17+'[3]CB-22'!BP17+'[3]CB-23'!BP17+'[3]CB-24'!BP17+'[4]LCT-1'!BP17+'[4]LCT-2'!BP17+'[4]LCT-3'!BP17+'[4]LCT-4'!BP17+'[4]LCT-5'!BP17+'[4]LCT-6'!BP17+'[4]LCT-7'!BP17+'[4]LCT-8'!BP17+'[5]TB-1'!BP17+'[5]TB-2'!BP17+'[5]TB-3'!BP17+'[5]TB-4'!BP17+'[5]TB-5'!BP17+'[5]TB-6'!BP17+'[5]TB-7'!BP17+'[5]TB-8'!BP17+'[5]TB-9'!BP17+'[5]TB-10'!BP17+'[6]DSV-1'!BP17+'[6]DSV-2'!BP17+'[6]DSV-3'!BP17+'[7]TUB-1'!BP17+'[7]TUB-2'!BP17+'[8]Barge-1'!BP17+'[8]Barge-2'!BP17+'[8]Barge-3'!BP17+'[8]Barge-4'!BP17 -> 0 | E17: ='[2]AHTS-1'!CL17+'[2]AHTS-2'!CL17+'[2]AHTS-3'!CL17+'[2]AHTS-4'!CL17+'[2]AHTS-5'!CL17+'[2]AHTS-6'!CL17+'[2]AHTS-7'!CL17+'[2]AHTS-8'!CL17+'[3]CB-1'!CL17+'[3]CB-2'!CL17+'[3]CB-3'!CL17+'[3]CB-4'!CL17+'[3]CB-5'!CL17+'[3]CB-6'!CL17+'[3]CB-7'!CL17+'[3]CB-8'!CL17+'[3]CB-9'!CL17+'[3]CB-10'!CL17+'[3]CB-11'!CL17+'[3]CB-12'!CL17+'[3]CB-13'!CL17+'[3]CB-14'!CL17+'[3]CB-15'!CL17+'[3]CB-16'!CL17+'[3]CB-17'!CL17+'[3]CB-18'!CL17+'[3]CB-19'!CL17+'[3]CB-20'!CL17+'[3]CB-21'!CL17+'[3]CB-22'!CL17+'[3]CB-23'!CL17+'[3]CB-24'!CL17+'[4]LCT-1'!CL17+'[4]LCT-2'!CL17+'[4]LCT-3'!CL17+'[4]LCT-4'!CL17+'[4]LCT-5'!CL17+'[4]LCT-6'!CL17+'[4]LCT-7'!CL17+'[4]LCT-8'!CL17+'[5]TB-1'!CL17+'[5]TB-2'!CL17+'[5]TB-3'!CL17+'[5]TB-4'!CL17+'[5]TB-5'!CL17+'[5]TB-6'!CL17+'[5]TB-7'!CL17+'[5]TB-8'!CL17+'[5]TB-9'!CL17+'[5]TB-10'!CL17+'[6]DSV-1'!CL17+'[6]DSV-2'!CL17+'[6]DSV-3'!CL17+'[7]TUB-1'!CL17+'[7]TUB-2'!CL17+'[8]Barge-1'!CL17+'[8]Barge-2'!CL17+'[8]Barge-3'!CL17+'[8]Barge-4'!CL17 -> 0 | F17: ='[2]AHTS-1'!AU17+'[2]AHTS-2'!AU17+'[2]AHTS-3'!AU17+'[2]AHTS-4'!AU17+'[2]AHTS-5'!AU17+'[2]AHTS-6'!AU17+'[2]AHTS-7'!AU17+'[2]AHTS-8'!AU17+'[3]CB-1'!AU17+'[3]CB-2'!AU17+'[3]CB-3'!AU17+'[3]CB-4'!AU17+'[3]CB-5'!AU17+'[3]CB-6'!AU17+'[3]CB-7'!AU17+'[3]CB-8'!AU17+'[3]CB-9'!AU17+'[3]CB-10'!AU17+'[3]CB-11'!AU17+'[3]CB-12'!AU17+'[3]CB-13'!AU17+'[3]CB-14'!AU17+'[3]CB-15'!AU17+'[3]CB-16'!AU17+'[3]CB-17'!AU17+'[3]CB-18'!AU17+'[3]CB-19'!AU17+'[3]CB-20'!AU17+'[3]CB-21'!AU17+'[3]CB-22'!AU17+'[3]CB-23'!AU17+'[3]CB-24'!AU17+'[4]LCT-1'!AU17+'[4]LCT-2'!AU17+'[4]LCT-3'!AU17+'[4]LCT-4'!AU17+'[4]LCT-5'!AU17+'[4]LCT-6'!AU17+'[4]LCT-7'!AU17+'[4]LCT-8'!AU17+'[5]TB-1'!AU17+'[5]TB-2'!AU17+'[5]TB-3'!AU17+'[5]TB-4'!AU17+'[5]TB-5'!AU17+'[5]TB-6'!AU17+'[5]TB-7'!AU17+'[5]TB-8'!AU17+'[5]TB-9'!AU17+'[5]TB-10'!AU17+'[6]DSV-1'!AU17+'[6]DSV-2'!AU17+'[6]DSV-3'!AU17+'[7]TUB-1'!AU17+'[7]TUB-2'!AU17+'[8]Barge-1'!AU17+'[8]Barge-2'!AU17+'[8]Barge-3'!AU17+'[8]Barge-4'!AU17 -> 3455.2696 | G17: ='[2]AHTS-1'!BQ17+'[2]AHTS-2'!BQ17+'[2]AHTS-3'!BQ17+'[2]AHTS-4'!BQ17+'[2]AHTS-5'!BQ17+'[2]AHTS-6'!BQ17+'[2]AHTS-7'!BQ17+'[2]AHTS-8'!BQ17+'[3]CB-1'!BQ17+'[3]CB-2'!BQ17+'[3]CB-3'!BQ17+'[3]CB-4'!BQ17+'[3]CB-5'!BQ17+'[3]CB-6'!BQ17+'[3]CB-7'!BQ17+'[3]CB-8'!BQ17+'[3]CB-9'!BQ17+'[3]CB-10'!BQ17+'[3]CB-11'!BQ17+'[3]CB-12'!BQ17+'[3]CB-13'!BQ17+'[3]CB-14'!BQ17+'[3]CB-15'!BQ17+'[3]CB-16'!BQ17+'[3]CB-17'!BQ17+'[3]CB-18'!BQ17+'[3]CB-19'!BQ17+'[3]CB-20'!BQ17+'[3]CB-21'!BQ17+'[3]CB-22'!BQ17+'[3]CB-23'!BQ17+'[3]CB-24'!BQ17+'[4]LCT-1'!BQ17+'[4]LCT-2'!BQ17+'[4]LCT-3'!BQ17+'[4]LCT-4'!BQ17+'[4]LCT-5'!BQ17+'[4]LCT-6'!BQ17+'[4]LCT-7'!BQ17+'[4]LCT-8'!BQ17+'[5]TB-1'!BQ17+'[5]TB-2'!BQ17+'[5]TB-3'!BQ17+'[5]TB-4'!BQ17+'[5]TB-5'!BQ17+'[5]TB-6'!BQ17+'[5]TB-7'!BQ17+'[5]TB-8'!BQ17+'[5]TB-9'!BQ17+'[5]TB-10'!BQ17+'[6]DSV-1'!BQ17+'[6]DSV-2'!BQ17+'[6]DSV-3'!BQ17+'[7]TUB-1'!BQ17+'[7]TUB-2'!BQ17+'[8]Barge-1'!BQ17+'[8]Barge-2'!BQ17+'[8]Barge-3'!BQ17+'[8]Barge-4'!BQ17 -> 3766.5597 | H17: ='[2]AHTS-1'!CM17+'[2]AHTS-2'!CM17+'[2]AHTS-3'!CM17+'[2]AHTS-4'!CM17+'[2]AHTS-5'!CM17+'[2]AHTS-6'!CM17+'[2]AHTS-7'!CM17+'[2]AHTS-8'!CM17+'[3]CB-1'!CM17+'[3]CB-2'!CM17+'[3]CB-3'!CM17+'[3]CB-4'!CM17+'[3]CB-5'!CM17+'[3]CB-6'!CM17+'[3]CB-7'!CM17+'[3]CB-8'!CM17+'[3]CB-9'!CM17+'[3]CB-10'!CM17+'[3]CB-11'!CM17+'[3]CB-12'!CM17+'[3]CB-13'!CM17+'[3]CB-14'!CM17+'[3]CB-15'!CM17+'[3]CB-16'!CM17+'[3]CB-17'!CM17+'[3]CB-18'!CM17+'[3]CB-19'!CM17+'[3]CB-20'!CM17+'[3]CB-21'!CM17+'[3]CB-22'!CM17+'[3]CB-23'!CM17+'[3]CB-24'!CM17+'[4]LCT-1'!CM17+'[4]LCT-2'!CM17+'[4]LCT-3'!CM17+'[4]LCT-4'!CM17+'[4]LCT-5'!CM17+'[4]LCT-6'!CM17+'[4]LCT-7'!CM17+'[4]LCT-8'!CM17+'[5]TB-1'!CM17+'[5]TB-2'!CM17+'[5]TB-3'!CM17+'[5]TB-4'!CM17+'[5]TB-5'!CM17+'[5]TB-6'!CM17+'[5]TB-7'!CM17+'[5]TB-8'!CM17+'[5]TB-9'!CM17+'[5]TB-10'!CM17+'[6]DSV-1'!CM17+'[6]DSV-2'!CM17+'[6]DSV-3'!CM17+'[7]TUB-1'!CM17+'[7]TUB-2'!CM17+'[8]Barge-1'!CM17+'[8]Barge-2'!CM17+'[8]Barge-3'!CM17+'[8]Barge-4'!CM17 -> 0 | U17: =[1]Control!AZ17 -> 45992 | W17: ='[2]AHTS-1'!IA55+'[2]AHTS-2'!IA55+'[2]AHTS-3'!IA55+'[2]AHTS-4'!IA55+'[2]AHTS-5'!IA55+'[2]AHTS-6'!IA55+'[2]AHTS-7'!IA55+'[2]AHTS-8'!IA55+'[3]CB-1'!IA55+'[3]CB-2'!IA55+'[3]CB-3'!IA55+'[3]CB-4'!IA55+'[3]CB-5'!IA55+'[3]CB-6'!IA55+'[3]CB-7'!IA55+'[3]CB-8'!IA55+'[3]CB-9'!IA55+'[3]CB-10'!IA55+'[3]CB-11'!IA55+'[3]CB-12'!IA55+'[3]CB-13'!IA55+'[3]CB-14'!IA55+'[3]CB-15'!IA55+'[3]CB-16'!IA55+'[3]CB-17'!IA55+'[3]CB-18'!IA55+'[3]CB-19'!IA55+'[3]CB-20'!IA55+'[3]CB-21'!IA55+'[3]CB-22'!IA55+'[3]CB-23'!IA55+'[3]CB-24'!IA55+'[4]LCT-1'!IA55+'[4]LCT-2'!IA55+'[4]LCT-3'!IA55+'[4]LCT-4'!IA55+'[4]LCT-5'!IA55+'[4]LCT-6'!IA55+'[4]LCT-7'!IA55+'[4]LCT-8'!IA55+'[5]TB-1'!IA55+'[5]TB-2'!IA55+'[5]TB-3'!IA55+'[5]TB-4'!IA55+'[5]TB-5'!IA55+'[5]TB-6'!IA55+'[5]TB-7'!IA55+'[5]TB-8'!IA55+'[5]TB-9'!IA55+'[5]TB-10'!IA55+'[6]DSV-1'!IA55+'[6]DSV-2'!IA55+'[6]DSV-3'!IA55+'[7]TUB-1'!IA55+'[7]TUB-2'!IA55+'[8]Barge-1'!IA55+'[8]Barge-2'!IA55+'[8]Barge-3'!IA55+'[8]Barge-4'!IA55 -> 0 | X17: ='[2]AHTS-1'!IA17+'[2]AHTS-2'!IA17+'[2]AHTS-3'!IA17+'[2]AHTS-4'!IA17+'[2]AHTS-5'!IA17+'[2]AHTS-6'!IA17+'[2]AHTS-7'!IA17+'[2]AHTS-8'!IA17+'[3]CB-1'!IA17+'[3]CB-2'!IA17+'[3]CB-3'!IA17+'[3]CB-4'!IA17+'[3]CB-5'!IA17+'[3]CB-6'!IA17+'[3]CB-7'!IA17+'[3]CB-8'!IA17+'[3]CB-9'!IA17+'[3]CB-10'!IA17+'[3]CB-11'!IA17+'[3]CB-12'!IA17+'[3]CB-13'!IA17+'[3]CB-14'!IA17+'[3]CB-15'!IA17+'[3]CB-16'!IA17+'[3]CB-17'!IA17+'[3]CB-18'!IA17+'[3]CB-19'!IA17+'[3]CB-20'!IA17+'[3]CB-21'!IA17+'[3]CB-22'!IA17+'[3]CB-23'!IA17+'[3]CB-24'!IA17+'[4]LCT-1'!IA17+'[4]LCT-2'!IA17+'[4]LCT-3'!IA17+'[4]LCT-4'!IA17+'[4]LCT-5'!IA17+'[4]LCT-6'!IA17+'[4]LCT-7'!IA17+'[4]LCT-8'!IA17+'[5]TB-1'!IA17+'[5]TB-2'!IA17+'[5]TB-3'!IA17+'[5]TB-4'!IA17+'[5]TB-5'!IA17+'[5]TB-6'!IA17+'[5]TB-7'!IA17+'[5]TB-8'!IA17+'[5]TB-9'!IA17+'[5]TB-10'!IA17+'[6]DSV-1'!IA17+'[6]DSV-2'!IA17+'[6]DSV-3'!IA17+'[7]TUB-1'!IA17+'[7]TUB-2'!IA17+'[8]Barge-1'!IA17+'[8]Barge-2'!IA17+'[8]Barge-3'!IA17+'[8]Barge-4'!IA17 -> 0 | Y17: ='[2]AHTS-1'!IA88+'[2]AHTS-2'!IA88+'[2]AHTS-3'!IA88+'[2]AHTS-4'!IA88+'[2]AHTS-5'!IA88+'[2]AHTS-6'!IA88+'[2]AHTS-7'!IA88+'[2]AHTS-8'!IA88+'[3]CB-1'!IA88+'[3]CB-2'!IA88+'[3]CB-3'!IA88+'[3]CB-4'!IA88+'[3]CB-5'!IA88+'[3]CB-6'!IA88+'[3]CB-7'!IA88+'[3]CB-8'!IA88+'[3]CB-9'!IA88+'[3]CB-10'!IA88+'[3]CB-11'!IA88+'[3]CB-12'!IA88+'[3]CB-13'!IA88+'[3]CB-14'!IA88+'[3]CB-15'!IA88+'[3]CB-16'!IA88+'[3]CB-17'!IA88+'[3]CB-18'!IA88+'[3]CB-19'!IA88+'[3]CB-20'!IA88+'[3]CB-21'!IA88+'[3]CB-22'!IA88+'[3]CB-23'!IA88+'[3]CB-24'!IA88+'[4]LCT-1'!IA88+'[4]LCT-2'!IA88+'[4]LCT-3'!IA88+'[4]LCT-4'!IA88+'[4]LCT-5'!IA88+'[4]LCT-6'!IA88+'[4]LCT-7'!IA88+'[4]LCT-8'!IA88+'[5]TB-1'!IA88+'[5]TB-2'!IA88+'[5]TB-3'!IA88+'[5]TB-4'!IA88+'[5]TB-5'!IA88+'[5]TB-6'!IA88+'[5]TB-7'!IA88+'[5]TB-8'!IA88+'[5]TB-9'!IA88+'[5]TB-10'!IA88+'[6]DSV-1'!IA88+'[6]DSV-2'!IA88+'[6]DSV-3'!IA88+'[7]TUB-1'!IA88+'[7]TUB-2'!IA88+'[8]Barge-1'!IA88+'[8]Barge-2'!IA88+'[8]Barge-3'!IA88+'[8]Barge-4'!IA88 -> 0 | Z17: ='[2]AHTS-1'!IB55+'[2]AHTS-2'!IB55+'[2]AHTS-3'!IB55+'[2]AHTS-4'!IB55+'[2]AHTS-5'!IB55+'[2]AHTS-6'!IB55+'[2]AHTS-7'!IB55+'[2]AHTS-8'!IB55+'[3]CB-1'!IB55+'[3]CB-2'!IB55+'[3]CB-3'!IB55+'[3]CB-4'!IB55+'[3]CB-5'!IB55+'[3]CB-6'!IB55+'[3]CB-7'!IB55+'[3]CB-8'!IB55+'[3]CB-9'!IB55+'[3]CB-10'!IB55+'[3]CB-11'!IB55+'[3]CB-12'!IB55+'[3]CB-13'!IB55+'[3]CB-14'!IB55+'[3]CB-15'!IB55+'[3]CB-16'!IB55+'[3]CB-17'!IB55+'[3]CB-18'!IB55+'[3]CB-19'!IB55+'[3]CB-20'!IB55+'[3]CB-21'!IB55+'[3]CB-22'!IB55+'[3]CB-23'!IB55+'[3]CB-24'!IB55+'[4]LCT-1'!IB55+'[4]LCT-2'!IB55+'[4]LCT-3'!IB55+'[4]LCT-4'!IB55+'[4]LCT-5'!IB55+'[4]LCT-6'!IB55+'[4]LCT-7'!IB55+'[4]LCT-8'!IB55+'[5]TB-1'!IB55+'[5]TB-2'!IB55+'[5]TB-3'!IB55+'[5]TB-4'!IB55+'[5]TB-5'!IB55+'[5]TB-6'!IB55+'[5]TB-7'!IB55+'[5]TB-8'!IB55+'[5]TB-9'!IB55+'[5]TB-10'!IB55+'[6]DSV-1'!IB55+'[6]DSV-2'!IB55+'[6]DSV-3'!IB55+'[7]TUB-1'!IB55+'[7]TUB-2'!IB55+'[8]Barge-1'!IB55+'[8]Barge-2'!IB55+'[8]Barge-3'!IB55+'[8]Barge-4'!IB55 -> 54265009 | AA17: ='[2]AHTS-1'!IB17+'[2]AHTS-2'!IB17+'[2]AHTS-3'!IB17+'[2]AHTS-4'!IB17+'[2]AHTS-5'!IB17+'[2]AHTS-6'!IB17+'[2]AHTS-7'!IB17+'[2]AHTS-8'!IB17+'[3]CB-1'!IB17+'[3]CB-2'!IB17+'[3]CB-3'!IB17+'[3]CB-4'!IB17+'[3]CB-5'!IB17+'[3]CB-6'!IB17+'[3]CB-7'!IB17+'[3]CB-8'!IB17+'[3]CB-9'!IB17+'[3]CB-10'!IB17+'[3]CB-11'!IB17+'[3]CB-12'!IB17+'[3]CB-13'!IB17+'[3]CB-14'!IB17+'[3]CB-15'!IB17+'[3]CB-16'!IB17+'[3]CB-17'!IB17+'[3]CB-18'!IB17+'[3]CB-19'!IB17+'[3]CB-20'!IB17+'[3]CB-21'!IB17+'[3]CB-22'!IB17+'[3]CB-23'!IB17+'[3]CB-24'!IB17+'[4]LCT-1'!IB17+'[4]LCT-2'!IB17+'[4]LCT-3'!IB17+'[4]LCT-4'!IB17+'[4]LCT-5'!IB17+'[4]LCT-6'!IB17+'[4]LCT-7'!IB17+'[4]LCT-8'!IB17+'[5]TB-1'!IB17+'[5]TB-2'!IB17+'[5]TB-3'!IB17+'[5]TB-4'!IB17+'[5]TB-5'!IB17+'[5]TB-6'!IB17+'[5]TB-7'!IB17+'[5]TB-8'!IB17+'[5]TB-9'!IB17+'[5]TB-10'!IB17+'[6]DSV-1'!IB17+'[6]DSV-2'!IB17+'[6]DSV-3'!IB17+'[7]TUB-1'!IB17+'[7]TUB-2'!IB17+'[8]Barge-1'!IB17+'[8]Barge-2'!IB17+'[8]Barge-3'!IB17+'[8]Barge-4'!IB17 -> 59153819 | AB17: ='[2]AHTS-1'!IB88+'[2]AHTS-2'!IB88+'[2]AHTS-3'!IB88+'[2]AHTS-4'!IB88+'[2]AHTS-5'!IB88+'[2]AHTS-6'!IB88+'[2]AHTS-7'!IB88+'[2]AHTS-8'!IB88+'[3]CB-1'!IB88+'[3]CB-2'!IB88+'[3]CB-3'!IB88+'[3]CB-4'!IB88+'[3]CB-5'!IB88+'[3]CB-6'!IB88+'[3]CB-7'!IB88+'[3]CB-8'!IB88+'[3]CB-9'!IB88+'[3]CB-10'!IB88+'[3]CB-11'!IB88+'[3]CB-12'!IB88+'[3]CB-13'!IB88+'[3]CB-14'!IB88+'[3]CB-15'!IB88+'[3]CB-16'!IB88+'[3]CB-17'!IB88+'[3]CB-18'!IB88+'[3]CB-19'!IB88+'[3]CB-20'!IB88+'[3]CB-21'!IB88+'[3]CB-22'!IB88+'[3]CB-23'!IB88+'[3]CB-24'!IB88+'[4]LCT-1'!IB88+'[4]LCT-2'!IB88+'[4]LCT-3'!IB88+'[4]LCT-4'!IB88+'[4]LCT-5'!IB88+'[4]LCT-6'!IB88+'[4]LCT-7'!IB88+'[4]LCT-8'!IB88+'[5]TB-1'!IB88+'[5]TB-2'!IB88+'[5]TB-3'!IB88+'[5]TB-4'!IB88+'[5]TB-5'!IB88+'[5]TB-6'!IB88+'[5]TB-7'!IB88+'[5]TB-8'!IB88+'[5]TB-9'!IB88+'[5]TB-10'!IB88+'[6]DSV-1'!IB88+'[6]DSV-2'!IB88+'[6]DSV-3'!IB88+'[7]TUB-1'!IB88+'[7]TUB-2'!IB88+'[8]Barge-1'!IB88+'[8]Barge-2'!IB88+'[8]Barge-3'!IB88+'[8]Barge-4'!IB88 -> 0
A18: =[1]Control!AZ18 -> 45993 | C18: ='[2]AHTS-1'!AT18+'[2]AHTS-2'!AT18+'[2]AHTS-3'!AT18+'[2]AHTS-4'!AT18+'[2]AHTS-5'!AT18+'[2]AHTS-6'!AT18+'[2]AHTS-7'!AT18+'[2]AHTS-8'!AT18+'[3]CB-1'!AT18+'[3]CB-2'!AT18+'[3]CB-3'!AT18+'[3]CB-4'!AT18+'[3]CB-5'!AT18+'[3]CB-6'!AT18+'[3]CB-7'!AT18+'[3]CB-8'!AT18+'[3]CB-9'!AT18+'[3]CB-10'!AT18+'[3]CB-11'!AT18+'[3]CB-12'!AT18+'[3]CB-13'!AT18+'[3]CB-14'!AT18+'[3]CB-15'!AT18+'[3]CB-16'!AT18+'[3]CB-17'!AT18+'[3]CB-18'!AT18+'[3]CB-19'!AT18+'[3]CB-20'!AT18+'[3]CB-21'!AT18+'[3]CB-22'!AT18+'[3]CB-23'!AT18+'[3]CB-24'!AT18+'[4]LCT-1'!AT18+'[4]LCT-2'!AT18+'[4]LCT-3'!AT18+'[4]LCT-4'!AT18+'[4]LCT-5'!AT18+'[4]LCT-6'!AT18+'[4]LCT-7'!AT18+'[4]LCT-8'!AT18+'[5]TB-1'!AT18+'[5]TB-2'!AT18+'[5]TB-3'!AT18+'[5]TB-4'!AT18+'[5]TB-5'!AT18+'[5]TB-6'!AT18+'[5]TB-7'!AT18+'[5]TB-8'!AT18+'[5]TB-9'!AT18+'[5]TB-10'!AT18+'[6]DSV-1'!AT18+'[6]DSV-2'!AT18+'[6]DSV-3'!AT18+'[7]TUB-1'!AT18+'[7]TUB-2'!AT18+'[8]Barge-1'!AT18+'[8]Barge-2'!AT18+'[8]Barge-3'!AT18+'[8]Barge-4'!AT18 -> 0 | D18: ='[2]AHTS-1'!BP18+'[2]AHTS-2'!BP18+'[2]AHTS-3'!BP18+'[2]AHTS-4'!BP18+'[2]AHTS-5'!BP18+'[2]AHTS-6'!BP18+'[2]AHTS-7'!BP18+'[2]AHTS-8'!BP18+'[3]CB-1'!BP18+'[3]CB-2'!BP18+'[3]CB-3'!BP18+'[3]CB-4'!BP18+'[3]CB-5'!BP18+'[3]CB-6'!BP18+'[3]CB-7'!BP18+'[3]CB-8'!BP18+'[3]CB-9'!BP18+'[3]CB-10'!BP18+'[3]CB-11'!BP18+'[3]CB-12'!BP18+'[3]CB-13'!BP18+'[3]CB-14'!BP18+'[3]CB-15'!BP18+'[3]CB-16'!BP18+'[3]CB-17'!BP18+'[3]CB-18'!BP18+'[3]CB-19'!BP18+'[3]CB-20'!BP18+'[3]CB-21'!BP18+'[3]CB-22'!BP18+'[3]CB-23'!BP18+'[3]CB-24'!BP18+'[4]LCT-1'!BP18+'[4]LCT-2'!BP18+'[4]LCT-3'!BP18+'[4]LCT-4'!BP18+'[4]LCT-5'!BP18+'[4]LCT-6'!BP18+'[4]LCT-7'!BP18+'[4]LCT-8'!BP18+'[5]TB-1'!BP18+'[5]TB-2'!BP18+'[5]TB-3'!BP18+'[5]TB-4'!BP18+'[5]TB-5'!BP18+'[5]TB-6'!BP18+'[5]TB-7'!BP18+'[5]TB-8'!BP18+'[5]TB-9'!BP18+'[5]TB-10'!BP18+'[6]DSV-1'!BP18+'[6]DSV-2'!BP18+'[6]DSV-3'!BP18+'[7]TUB-1'!BP18+'[7]TUB-2'!BP18+'[8]Barge-1'!BP18+'[8]Barge-2'!BP18+'[8]Barge-3'!BP18+'[8]Barge-4'!BP18 -> 0 | E18: ='[2]AHTS-1'!CL18+'[2]AHTS-2'!CL18+'[2]AHTS-3'!CL18+'[2]AHTS-4'!CL18+'[2]AHTS-5'!CL18+'[2]AHTS-6'!CL18+'[2]AHTS-7'!CL18+'[2]AHTS-8'!CL18+'[3]CB-1'!CL18+'[3]CB-2'!CL18+'[3]CB-3'!CL18+'[3]CB-4'!CL18+'[3]CB-5'!CL18+'[3]CB-6'!CL18+'[3]CB-7'!CL18+'[3]CB-8'!CL18+'[3]CB-9'!CL18+'[3]CB-10'!CL18+'[3]CB-11'!CL18+'[3]CB-12'!CL18+'[3]CB-13'!CL18+'[3]CB-14'!CL18+'[3]CB-15'!CL18+'[3]CB-16'!CL18+'[3]CB-17'!CL18+'[3]CB-18'!CL18+'[3]CB-19'!CL18+'[3]CB-20'!CL18+'[3]CB-21'!CL18+'[3]CB-22'!CL18+'[3]CB-23'!CL18+'[3]CB-24'!CL18+'[4]LCT-1'!CL18+'[4]LCT-2'!CL18+'[4]LCT-3'!CL18+'[4]LCT-4'!CL18+'[4]LCT-5'!CL18+'[4]LCT-6'!CL18+'[4]LCT-7'!CL18+'[4]LCT-8'!CL18+'[5]TB-1'!CL18+'[5]TB-2'!CL18+'[5]TB-3'!CL18+'[5]TB-4'!CL18+'[5]TB-5'!CL18+'[5]TB-6'!CL18+'[5]TB-7'!CL18+'[5]TB-8'!CL18+'[5]TB-9'!CL18+'[5]TB-10'!CL18+'[6]DSV-1'!CL18+'[6]DSV-2'!CL18+'[6]DSV-3'!CL18+'[7]TUB-1'!CL18+'[7]TUB-2'!CL18+'[8]Barge-1'!CL18+'[8]Barge-2'!CL18+'[8]Barge-3'!CL18+'[8]Barge-4'!CL18 -> 0 | F18: ='[2]AHTS-1'!AU18+'[2]AHTS-2'!AU18+'[2]AHTS-3'!AU18+'[2]AHTS-4'!AU18+'[2]AHTS-5'!AU18+'[2]AHTS-6'!AU18+'[2]AHTS-7'!AU18+'[2]AHTS-8'!AU18+'[3]CB-1'!AU18+'[3]CB-2'!AU18+'[3]CB-3'!AU18+'[3]CB-4'!AU18+'[3]CB-5'!AU18+'[3]CB-6'!AU18+'[3]CB-7'!AU18+'[3]CB-8'!AU18+'[3]CB-9'!AU18+'[3]CB-10'!AU18+'[3]CB-11'!AU18+'[3]CB-12'!AU18+'[3]CB-13'!AU18+'[3]CB-14'!AU18+'[3]CB-15'!AU18+'[3]CB-16'!AU18+'[3]CB-17'!AU18+'[3]CB-18'!AU18+'[3]CB-19'!AU18+'[3]CB-20'!AU18+'[3]CB-21'!AU18+'[3]CB-22'!AU18+'[3]CB-23'!AU18+'[3]CB-24'!AU18+'[4]LCT-1'!AU18+'[4]LCT-2'!AU18+'[4]LCT-3'!AU18+'[4]LCT-4'!AU18+'[4]LCT-5'!AU18+'[4]LCT-6'!AU18+'[4]LCT-7'!AU18+'[4]LCT-8'!AU18+'[5]TB-1'!AU18+'[5]TB-2'!AU18+'[5]TB-3'!AU18+'[5]TB-4'!AU18+'[5]TB-5'!AU18+'[5]TB-6'!AU18+'[5]TB-7'!AU18+'[5]TB-8'!AU18+'[5]TB-9'!AU18+'[5]TB-10'!AU18+'[6]DSV-1'!AU18+'[6]DSV-2'!AU18+'[6]DSV-3'!AU18+'[7]TUB-1'!AU18+'[7]TUB-2'!AU18+'[8]Barge-1'!AU18+'[8]Barge-2'!AU18+'[8]Barge-3'!AU18+'[8]Barge-4'!AU18 -> 3270.9836 | G18: ='[2]AHTS-1'!BQ18+'[2]AHTS-2'!BQ18+'[2]AHTS-3'!BQ18+'[2]AHTS-4'!BQ18+'[2]AHTS-5'!BQ18+'[2]AHTS-6'!BQ18+'[2]AHTS-7'!BQ18+'[2]AHTS-8'!BQ18+'[3]CB-1'!BQ18+'[3]CB-2'!BQ18+'[3]CB-3'!BQ18+'[3]CB-4'!BQ18+'[3]CB-5'!BQ18+'[3]CB-6'!BQ18+'[3]CB-7'!BQ18+'[3]CB-8'!BQ18+'[3]CB-9'!BQ18+'[3]CB-10'!BQ18+'[3]CB-11'!BQ18+'[3]CB-12'!BQ18+'[3]CB-13'!BQ18+'[3]CB-14'!BQ18+'[3]CB-15'!BQ18+'[3]CB-16'!BQ18+'[3]CB-17'!BQ18+'[3]CB-18'!BQ18+'[3]CB-19'!BQ18+'[3]CB-20'!BQ18+'[3]CB-21'!BQ18+'[3]CB-22'!BQ18+'[3]CB-23'!BQ18+'[3]CB-24'!BQ18+'[4]LCT-1'!BQ18+'[4]LCT-2'!BQ18+'[4]LCT-3'!BQ18+'[4]LCT-4'!BQ18+'[4]LCT-5'!BQ18+'[4]LCT-6'!BQ18+'[4]LCT-7'!BQ18+'[4]LCT-8'!BQ18+'[5]TB-1'!BQ18+'[5]TB-2'!BQ18+'[5]TB-3'!BQ18+'[5]TB-4'!BQ18+'[5]TB-5'!BQ18+'[5]TB-6'!BQ18+'[5]TB-7'!BQ18+'[5]TB-8'!BQ18+'[5]TB-9'!BQ18+'[5]TB-10'!BQ18+'[6]DSV-1'!BQ18+'[6]DSV-2'!BQ18+'[6]DSV-3'!BQ18+'[7]TUB-1'!BQ18+'[7]TUB-2'!BQ18+'[8]Barge-1'!BQ18+'[8]Barge-2'!BQ18+'[8]Barge-3'!BQ18+'[8]Barge-4'!BQ18 -> 3026.6171 | H18: ='[2]AHTS-1'!CM18+'[2]AHTS-2'!CM18+'[2]AHTS-3'!CM18+'[2]AHTS-4'!CM18+'[2]AHTS-5'!CM18+'[2]AHTS-6'!CM18+'[2]AHTS-7'!CM18+'[2]AHTS-8'!CM18+'[3]CB-1'!CM18+'[3]CB-2'!CM18+'[3]CB-3'!CM18+'[3]CB-4'!CM18+'[3]CB-5'!CM18+'[3]CB-6'!CM18+'[3]CB-7'!CM18+'[3]CB-8'!CM18+'[3]CB-9'!CM18+'[3]CB-10'!CM18+'[3]CB-11'!CM18+'[3]CB-12'!CM18+'[3]CB-13'!CM18+'[3]CB-14'!CM18+'[3]CB-15'!CM18+'[3]CB-16'!CM18+'[3]CB-17'!CM18+'[3]CB-18'!CM18+'[3]CB-19'!CM18+'[3]CB-20'!CM18+'[3]CB-21'!CM18+'[3]CB-22'!CM18+'[3]CB-23'!CM18+'[3]CB-24'!CM18+'[4]LCT-1'!CM18+'[4]LCT-2'!CM18+'[4]LCT-3'!CM18+'[4]LCT-4'!CM18+'[4]LCT-5'!CM18+'[4]LCT-6'!CM18+'[4]LCT-7'!CM18+'[4]LCT-8'!CM18+'[5]TB-1'!CM18+'[5]TB-2'!CM18+'[5]TB-3'!CM18+'[5]TB-4'!CM18+'[5]TB-5'!CM18+'[5]TB-6'!CM18+'[5]TB-7'!CM18+'[5]TB-8'!CM18+'[5]TB-9'!CM18+'[5]TB-10'!CM18+'[6]DSV-1'!CM18+'[6]DSV-2'!CM18+'[6]DSV-3'!CM18+'[7]TUB-1'!CM18+'[7]TUB-2'!CM18+'[8]Barge-1'!CM18+'[8]Barge-2'!CM18+'[8]Barge-3'!CM18+'[8]Barge-4'!CM18 -> 0 | U18: =[1]Control!AZ18 -> 45993 | W18: ='[2]AHTS-1'!IA56+'[2]AHTS-2'!IA56+'[2]AHTS-3'!IA56+'[2]AHTS-4'!IA56+'[2]AHTS-5'!IA56+'[2]AHTS-6'!IA56+'[2]AHTS-7'!IA56+'[2]AHTS-8'!IA56+'[3]CB-1'!IA56+'[3]CB-2'!IA56+'[3]CB-3'!IA56+'[3]CB-4'!IA56+'[3]CB-5'!IA56+'[3]CB-6'!IA56+'[3]CB-7'!IA56+'[3]CB-8'!IA56+'[3]CB-9'!IA56+'[3]CB-10'!IA56+'[3]CB-11'!IA56+'[3]CB-12'!IA56+'[3]CB-13'!IA56+'[3]CB-14'!IA56+'[3]CB-15'!IA56+'[3]CB-16'!IA56+'[3]CB-17'!IA56+'[3]CB-18'!IA56+'[3]CB-19'!IA56+'[3]CB-20'!IA56+'[3]CB-21'!IA56+'[3]CB-22'!IA56+'[3]CB-23'!IA56+'[3]CB-24'!IA56+'[4]LCT-1'!IA56+'[4]LCT-2'!IA56+'[4]LCT-3'!IA56+'[4]LCT-4'!IA56+'[4]LCT-5'!IA56+'[4]LCT-6'!IA56+'[4]LCT-7'!IA56+'[4]LCT-8'!IA56+'[5]TB-1'!IA56+'[5]TB-2'!IA56+'[5]TB-3'!IA56+'[5]TB-4'!IA56+'[5]TB-5'!IA56+'[5]TB-6'!IA56+'[5]TB-7'!IA56+'[5]TB-8'!IA56+'[5]TB-9'!IA56+'[5]TB-10'!IA56+'[6]DSV-1'!IA56+'[6]DSV-2'!IA56+'[6]DSV-3'!IA56+'[7]TUB-1'!IA56+'[7]TUB-2'!IA56+'[8]Barge-1'!IA56+'[8]Barge-2'!IA56+'[8]Barge-3'!IA56+'[8]Barge-4'!IA56 -> 0 | X18: ='[2]AHTS-1'!IA18+'[2]AHTS-2'!IA18+'[2]AHTS-3'!IA18+'[2]AHTS-4'!IA18+'[2]AHTS-5'!IA18+'[2]AHTS-6'!IA18+'[2]AHTS-7'!IA18+'[2]AHTS-8'!IA18+'[3]CB-1'!IA18+'[3]CB-2'!IA18+'[3]CB-3'!IA18+'[3]CB-4'!IA18+'[3]CB-5'!IA18+'[3]CB-6'!IA18+'[3]CB-7'!IA18+'[3]CB-8'!IA18+'[3]CB-9'!IA18+'[3]CB-10'!IA18+'[3]CB-11'!IA18+'[3]CB-12'!IA18+'[3]CB-13'!IA18+'[3]CB-14'!IA18+'[3]CB-15'!IA18+'[3]CB-16'!IA18+'[3]CB-17'!IA18+'[3]CB-18'!IA18+'[3]CB-19'!IA18+'[3]CB-20'!IA18+'[3]CB-21'!IA18+'[3]CB-22'!IA18+'[3]CB-23'!IA18+'[3]CB-24'!IA18+'[4]LCT-1'!IA18+'[4]LCT-2'!IA18+'[4]LCT-3'!IA18+'[4]LCT-4'!IA18+'[4]LCT-5'!IA18+'[4]LCT-6'!IA18+'[4]LCT-7'!IA18+'[4]LCT-8'!IA18+'[5]TB-1'!IA18+'[5]TB-2'!IA18+'[5]TB-3'!IA18+'[5]TB-4'!IA18+'[5]TB-5'!IA18+'[5]TB-6'!IA18+'[5]TB-7'!IA18+'[5]TB-8'!IA18+'[5]TB-9'!IA18+'[5]TB-10'!IA18+'[6]DSV-1'!IA18+'[6]DSV-2'!IA18+'[6]DSV-3'!IA18+'[7]TUB-1'!IA18+'[7]TUB-2'!IA18+'[8]Barge-1'!IA18+'[8]Barge-2'!IA18+'[8]Barge-3'!IA18+'[8]Barge-4'!IA18 -> 0 | Y18: ='[2]AHTS-1'!IA89+'[2]AHTS-2'!IA89+'[2]AHTS-3'!IA89+'[2]AHTS-4'!IA89+'[2]AHTS-5'!IA89+'[2]AHTS-6'!IA89+'[2]AHTS-7'!IA89+'[2]AHTS-8'!IA89+'[3]CB-1'!IA89+'[3]CB-2'!IA89+'[3]CB-3'!IA89+'[3]CB-4'!IA89+'[3]CB-5'!IA89+'[3]CB-6'!IA89+'[3]CB-7'!IA89+'[3]CB-8'!IA89+'[3]CB-9'!IA89+'[3]CB-10'!IA89+'[3]CB-11'!IA89+'[3]CB-12'!IA89+'[3]CB-13'!IA89+'[3]CB-14'!IA89+'[3]CB-15'!IA89+'[3]CB-16'!IA89+'[3]CB-17'!IA89+'[3]CB-18'!IA89+'[3]CB-19'!IA89+'[3]CB-20'!IA89+'[3]CB-21'!IA89+'[3]CB-22'!IA89+'[3]CB-23'!IA89+'[3]CB-24'!IA89+'[4]LCT-1'!IA89+'[4]LCT-2'!IA89+'[4]LCT-3'!IA89+'[4]LCT-4'!IA89+'[4]LCT-5'!IA89+'[4]LCT-6'!IA89+'[4]LCT-7'!IA89+'[4]LCT-8'!IA89+'[5]TB-1'!IA89+'[5]TB-2'!IA89+'[5]TB-3'!IA89+'[5]TB-4'!IA89+'[5]TB-5'!IA89+'[5]TB-6'!IA89+'[5]TB-7'!IA89+'[5]TB-8'!IA89+'[5]TB-9'!IA89+'[5]TB-10'!IA89+'[6]DSV-1'!IA89+'[6]DSV-2'!IA89+'[6]DSV-3'!IA89+'[7]TUB-1'!IA89+'[7]TUB-2'!IA89+'[8]Barge-1'!IA89+'[8]Barge-2'!IA89+'[8]Barge-3'!IA89+'[8]Barge-4'!IA89 -> 0 | Z18: ='[2]AHTS-1'!IB56+'[2]AHTS-2'!IB56+'[2]AHTS-3'!IB56+'[2]AHTS-4'!IB56+'[2]AHTS-5'!IB56+'[2]AHTS-6'!IB56+'[2]AHTS-7'!IB56+'[2]AHTS-8'!IB56+'[3]CB-1'!IB56+'[3]CB-2'!IB56+'[3]CB-3'!IB56+'[3]CB-4'!IB56+'[3]CB-5'!IB56+'[3]CB-6'!IB56+'[3]CB-7'!IB56+'[3]CB-8'!IB56+'[3]CB-9'!IB56+'[3]CB-10'!IB56+'[3]CB-11'!IB56+'[3]CB-12'!IB56+'[3]CB-13'!IB56+'[3]CB-14'!IB56+'[3]CB-15'!IB56+'[3]CB-16'!IB56+'[3]CB-17'!IB56+'[3]CB-18'!IB56+'[3]CB-19'!IB56+'[3]CB-20'!IB56+'[3]CB-21'!IB56+'[3]CB-22'!IB56+'[3]CB-23'!IB56+'[3]CB-24'!IB56+'[4]LCT-1'!IB56+'[4]LCT-2'!IB56+'[4]LCT-3'!IB56+'[4]LCT-4'!IB56+'[4]LCT-5'!IB56+'[4]LCT-6'!IB56+'[4]LCT-7'!IB56+'[4]LCT-8'!IB56+'[5]TB-1'!IB56+'[5]TB-2'!IB56+'[5]TB-3'!IB56+'[5]TB-4'!IB56+'[5]TB-5'!IB56+'[5]TB-6'!IB56+'[5]TB-7'!IB56+'[5]TB-8'!IB56+'[5]TB-9'!IB56+'[5]TB-10'!IB56+'[6]DSV-1'!IB56+'[6]DSV-2'!IB56+'[6]DSV-3'!IB56+'[7]TUB-1'!IB56+'[7]TUB-2'!IB56+'[8]Barge-1'!IB56+'[8]Barge-2'!IB56+'[8]Barge-3'!IB56+'[8]Barge-4'!IB56 -> 51429675 | AA18: ='[2]AHTS-1'!IB18+'[2]AHTS-2'!IB18+'[2]AHTS-3'!IB18+'[2]AHTS-4'!IB18+'[2]AHTS-5'!IB18+'[2]AHTS-6'!IB18+'[2]AHTS-7'!IB18+'[2]AHTS-8'!IB18+'[3]CB-1'!IB18+'[3]CB-2'!IB18+'[3]CB-3'!IB18+'[3]CB-4'!IB18+'[3]CB-5'!IB18+'[3]CB-6'!IB18+'[3]CB-7'!IB18+'[3]CB-8'!IB18+'[3]CB-9'!IB18+'[3]CB-10'!IB18+'[3]CB-11'!IB18+'[3]CB-12'!IB18+'[3]CB-13'!IB18+'[3]CB-14'!IB18+'[3]CB-15'!IB18+'[3]CB-16'!IB18+'[3]CB-17'!IB18+'[3]CB-18'!IB18+'[3]CB-19'!IB18+'[3]CB-20'!IB18+'[3]CB-21'!IB18+'[3]CB-22'!IB18+'[3]CB-23'!IB18+'[3]CB-24'!IB18+'[4]LCT-1'!IB18+'[4]LCT-2'!IB18+'[4]LCT-3'!IB18+'[4]LCT-4'!IB18+'[4]LCT-5'!IB18+'[4]LCT-6'!IB18+'[4]LCT-7'!IB18+'[4]LCT-8'!IB18+'[5]TB-1'!IB18+'[5]TB-2'!IB18+'[5]TB-3'!IB18+'[5]TB-4'!IB18+'[5]TB-5'!IB18+'[5]TB-6'!IB18+'[5]TB-7'!IB18+'[5]TB-8'!IB18+'[5]TB-9'!IB18+'[5]TB-10'!IB18+'[6]DSV-1'!IB18+'[6]DSV-2'!IB18+'[6]DSV-3'!IB18+'[7]TUB-1'!IB18+'[7]TUB-2'!IB18+'[8]Barge-1'!IB18+'[8]Barge-2'!IB18+'[8]Barge-3'!IB18+'[8]Barge-4'!IB18 -> 47587500 | AB18: ='[2]AHTS-1'!IB89+'[2]AHTS-2'!IB89+'[2]AHTS-3'!IB89+'[2]AHTS-4'!IB89+'[2]AHTS-5'!IB89+'[2]AHTS-6'!IB89+'[2]AHTS-7'!IB89+'[2]AHTS-8'!IB89+'[3]CB-1'!IB89+'[3]CB-2'!IB89+'[3]CB-3'!IB89+'[3]CB-4'!IB89+'[3]CB-5'!IB89+'[3]CB-6'!IB89+'[3]CB-7'!IB89+'[3]CB-8'!IB89+'[3]CB-9'!IB89+'[3]CB-10'!IB89+'[3]CB-11'!IB89+'[3]CB-12'!IB89+'[3]CB-13'!IB89+'[3]CB-14'!IB89+'[3]CB-15'!IB89+'[3]CB-16'!IB89+'[3]CB-17'!IB89+'[3]CB-18'!IB89+'[3]CB-19'!IB89+'[3]CB-20'!IB89+'[3]CB-21'!IB89+'[3]CB-22'!IB89+'[3]CB-23'!IB89+'[3]CB-24'!IB89+'[4]LCT-1'!IB89+'[4]LCT-2'!IB89+'[4]LCT-3'!IB89+'[4]LCT-4'!IB89+'[4]LCT-5'!IB89+'[4]LCT-6'!IB89+'[4]LCT-7'!IB89+'[4]LCT-8'!IB89+'[5]TB-1'!IB89+'[5]TB-2'!IB89+'[5]TB-3'!IB89+'[5]TB-4'!IB89+'[5]TB-5'!IB89+'[5]TB-6'!IB89+'[5]TB-7'!IB89+'[5]TB-8'!IB89+'[5]TB-9'!IB89+'[5]TB-10'!IB89+'[6]DSV-1'!IB89+'[6]DSV-2'!IB89+'[6]DSV-3'!IB89+'[7]TUB-1'!IB89+'[7]TUB-2'!IB89+'[8]Barge-1'!IB89+'[8]Barge-2'!IB89+'[8]Barge-3'!IB89+'[8]Barge-4'!IB89 -> 0
A19: =[1]Control!AZ19 -> 45994 | C19: ='[2]AHTS-1'!AT19+'[2]AHTS-2'!AT19+'[2]AHTS-3'!AT19+'[2]AHTS-4'!AT19+'[2]AHTS-5'!AT19+'[2]AHTS-6'!AT19+'[2]AHTS-7'!AT19+'[2]AHTS-8'!AT19+'[3]CB-1'!AT19+'[3]CB-2'!AT19+'[3]CB-3'!AT19+'[3]CB-4'!AT19+'[3]CB-5'!AT19+'[3]CB-6'!AT19+'[3]CB-7'!AT19+'[3]CB-8'!AT19+'[3]CB-9'!AT19+'[3]CB-10'!AT19+'[3]CB-11'!AT19+'[3]CB-12'!AT19+'[3]CB-13'!AT19+'[3]CB-14'!AT19+'[3]CB-15'!AT19+'[3]CB-16'!AT19+'[3]CB-17'!AT19+'[3]CB-18'!AT19+'[3]CB-19'!AT19+'[3]CB-20'!AT19+'[3]CB-21'!AT19+'[3]CB-22'!AT19+'[3]CB-23'!AT19+'[3]CB-24'!AT19+'[4]LCT-1'!AT19+'[4]LCT-2'!AT19+'[4]LCT-3'!AT19+'[4]LCT-4'!AT19+'[4]LCT-5'!AT19+'[4]LCT-6'!AT19+'[4]LCT-7'!AT19+'[4]LCT-8'!AT19+'[5]TB-1'!AT19+'[5]TB-2'!AT19+'[5]TB-3'!AT19+'[5]TB-4'!AT19+'[5]TB-5'!AT19+'[5]TB-6'!AT19+'[5]TB-7'!AT19+'[5]TB-8'!AT19+'[5]TB-9'!AT19+'[5]TB-10'!AT19+'[6]DSV-1'!AT19+'[6]DSV-2'!AT19+'[6]DSV-3'!AT19+'[7]TUB-1'!AT19+'[7]TUB-2'!AT19+'[8]Barge-1'!AT19+'[8]Barge-2'!AT19+'[8]Barge-3'!AT19+'[8]Barge-4'!AT19 -> 0 | D19: ='[2]AHTS-1'!BP19+'[2]AHTS-2'!BP19+'[2]AHTS-3'!BP19+'[2]AHTS-4'!BP19+'[2]AHTS-5'!BP19+'[2]AHTS-6'!BP19+'[2]AHTS-7'!BP19+'[2]AHTS-8'!BP19+'[3]CB-1'!BP19+'[3]CB-2'!BP19+'[3]CB-3'!BP19+'[3]CB-4'!BP19+'[3]CB-5'!BP19+'[3]CB-6'!BP19+'[3]CB-7'!BP19+'[3]CB-8'!BP19+'[3]CB-9'!BP19+'[3]CB-10'!BP19+'[3]CB-11'!BP19+'[3]CB-12'!BP19+'[3]CB-13'!BP19+'[3]CB-14'!BP19+'[3]CB-15'!BP19+'[3]CB-16'!BP19+'[3]CB-17'!BP19+'[3]CB-18'!BP19+'[3]CB-19'!BP19+'[3]CB-20'!BP19+'[3]CB-21'!BP19+'[3]CB-22'!BP19+'[3]CB-23'!BP19+'[3]CB-24'!BP19+'[4]LCT-1'!BP19+'[4]LCT-2'!BP19+'[4]LCT-3'!BP19+'[4]LCT-4'!BP19+'[4]LCT-5'!BP19+'[4]LCT-6'!BP19+'[4]LCT-7'!BP19+'[4]LCT-8'!BP19+'[5]TB-1'!BP19+'[5]TB-2'!BP19+'[5]TB-3'!BP19+'[5]TB-4'!BP19+'[5]TB-5'!BP19+'[5]TB-6'!BP19+'[5]TB-7'!BP19+'[5]TB-8'!BP19+'[5]TB-9'!BP19+'[5]TB-10'!BP19+'[6]DSV-1'!BP19+'[6]DSV-2'!BP19+'[6]DSV-3'!BP19+'[7]TUB-1'!BP19+'[7]TUB-2'!BP19+'[8]Barge-1'!BP19+'[8]Barge-2'!BP19+'[8]Barge-3'!BP19+'[8]Barge-4'!BP19 -> 0 | E19: ='[2]AHTS-1'!CL19+'[2]AHTS-2'!CL19+'[2]AHTS-3'!CL19+'[2]AHTS-4'!CL19+'[2]AHTS-5'!CL19+'[2]AHTS-6'!CL19+'[2]AHTS-7'!CL19+'[2]AHTS-8'!CL19+'[3]CB-1'!CL19+'[3]CB-2'!CL19+'[3]CB-3'!CL19+'[3]CB-4'!CL19+'[3]CB-5'!CL19+'[3]CB-6'!CL19+'[3]CB-7'!CL19+'[3]CB-8'!CL19+'[3]CB-9'!CL19+'[3]CB-10'!CL19+'[3]CB-11'!CL19+'[3]CB-12'!CL19+'[3]CB-13'!CL19+'[3]CB-14'!CL19+'[3]CB-15'!CL19+'[3]CB-16'!CL19+'[3]CB-17'!CL19+'[3]CB-18'!CL19+'[3]CB-19'!CL19+'[3]CB-20'!CL19+'[3]CB-21'!CL19+'[3]CB-22'!CL19+'[3]CB-23'!CL19+'[3]CB-24'!CL19+'[4]LCT-1'!CL19+'[4]LCT-2'!CL19+'[4]LCT-3'!CL19+'[4]LCT-4'!CL19+'[4]LCT-5'!CL19+'[4]LCT-6'!CL19+'[4]LCT-7'!CL19+'[4]LCT-8'!CL19+'[5]TB-1'!CL19+'[5]TB-2'!CL19+'[5]TB-3'!CL19+'[5]TB-4'!CL19+'[5]TB-5'!CL19+'[5]TB-6'!CL19+'[5]TB-7'!CL19+'[5]TB-8'!CL19+'[5]TB-9'!CL19+'[5]TB-10'!CL19+'[6]DSV-1'!CL19+'[6]DSV-2'!CL19+'[6]DSV-3'!CL19+'[7]TUB-1'!CL19+'[7]TUB-2'!CL19+'[8]Barge-1'!CL19+'[8]Barge-2'!CL19+'[8]Barge-3'!CL19+'[8]Barge-4'!CL19 -> 0 | F19: ='[2]AHTS-1'!AU19+'[2]AHTS-2'!AU19+'[2]AHTS-3'!AU19+'[2]AHTS-4'!AU19+'[2]AHTS-5'!AU19+'[2]AHTS-6'!AU19+'[2]AHTS-7'!AU19+'[2]AHTS-8'!AU19+'[3]CB-1'!AU19+'[3]CB-2'!AU19+'[3]CB-3'!AU19+'[3]CB-4'!AU19+'[3]CB-5'!AU19+'[3]CB-6'!AU19+'[3]CB-7'!AU19+'[3]CB-8'!AU19+'[3]CB-9'!AU19+'[3]CB-10'!AU19+'[3]CB-11'!AU19+'[3]CB-12'!AU19+'[3]CB-13'!AU19+'[3]CB-14'!AU19+'[3]CB-15'!AU19+'[3]CB-16'!AU19+'[3]CB-17'!AU19+'[3]CB-18'!AU19+'[3]CB-19'!AU19+'[3]CB-20'!AU19+'[3]CB-21'!AU19+'[3]CB-22'!AU19+'[3]CB-23'!AU19+'[3]CB-24'!AU19+'[4]LCT-1'!AU19+'[4]LCT-2'!AU19+'[4]LCT-3'!AU19+'[4]LCT-4'!AU19+'[4]LCT-5'!AU19+'[4]LCT-6'!AU19+'[4]LCT-7'!AU19+'[4]LCT-8'!AU19+'[5]TB-1'!AU19+'[5]TB-2'!AU19+'[5]TB-3'!AU19+'[5]TB-4'!AU19+'[5]TB-5'!AU19+'[5]TB-6'!AU19+'[5]TB-7'!AU19+'[5]TB-8'!AU19+'[5]TB-9'!AU19+'[5]TB-10'!AU19+'[6]DSV-1'!AU19+'[6]DSV-2'!AU19+'[6]DSV-3'!AU19+'[7]TUB-1'!AU19+'[7]TUB-2'!AU19+'[8]Barge-1'!AU19+'[8]Barge-2'!AU19+'[8]Barge-3'!AU19+'[8]Barge-4'!AU19 -> 3899.7753 | G19: ='[2]AHTS-1'!BQ19+'[2]AHTS-2'!BQ19+'[2]AHTS-3'!BQ19+'[2]AHTS-4'!BQ19+'[2]AHTS-5'!BQ19+'[2]AHTS-6'!BQ19+'[2]AHTS-7'!BQ19+'[2]AHTS-8'!BQ19+'[3]CB-1'!BQ19+'[3]CB-2'!BQ19+'[3]CB-3'!BQ19+'[3]CB-4'!BQ19+'[3]CB-5'!BQ19+'[3]CB-6'!BQ19+'[3]CB-7'!BQ19+'[3]CB-8'!BQ19+'[3]CB-9'!BQ19+'[3]CB-10'!BQ19+'[3]CB-11'!BQ19+'[3]CB-12'!BQ19+'[3]CB-13'!BQ19+'[3]CB-14'!BQ19+'[3]CB-15'!BQ19+'[3]CB-16'!BQ19+'[3]CB-17'!BQ19+'[3]CB-18'!BQ19+'[3]CB-19'!BQ19+'[3]CB-20'!BQ19+'[3]CB-21'!BQ19+'[3]CB-22'!BQ19+'[3]CB-23'!BQ19+'[3]CB-24'!BQ19+'[4]LCT-1'!BQ19+'[4]LCT-2'!BQ19+'[4]LCT-3'!BQ19+'[4]LCT-4'!BQ19+'[4]LCT-5'!BQ19+'[4]LCT-6'!BQ19+'[4]LCT-7'!BQ19+'[4]LCT-8'!BQ19+'[5]TB-1'!BQ19+'[5]TB-2'!BQ19+'[5]TB-3'!BQ19+'[5]TB-4'!BQ19+'[5]TB-5'!BQ19+'[5]TB-6'!BQ19+'[5]TB-7'!BQ19+'[5]TB-8'!BQ19+'[5]TB-9'!BQ19+'[5]TB-10'!BQ19+'[6]DSV-1'!BQ19+'[6]DSV-2'!BQ19+'[6]DSV-3'!BQ19+'[7]TUB-1'!BQ19+'[7]TUB-2'!BQ19+'[8]Barge-1'!BQ19+'[8]Barge-2'!BQ19+'[8]Barge-3'!BQ19+'[8]Barge-4'!BQ19 -> 3274.3963 | H19: ='[2]AHTS-1'!CM19+'[2]AHTS-2'!CM19+'[2]AHTS-3'!CM19+'[2]AHTS-4'!CM19+'[2]AHTS-5'!CM19+'[2]AHTS-6'!CM19+'[2]AHTS-7'!CM19+'[2]AHTS-8'!CM19+'[3]CB-1'!CM19+'[3]CB-2'!CM19+'[3]CB-3'!CM19+'[3]CB-4'!CM19+'[3]CB-5'!CM19+'[3]CB-6'!CM19+'[3]CB-7'!CM19+'[3]CB-8'!CM19+'[3]CB-9'!CM19+'[3]CB-10'!CM19+'[3]CB-11'!CM19+'[3]CB-12'!CM19+'[3]CB-13'!CM19+'[3]CB-14'!CM19+'[3]CB-15'!CM19+'[3]CB-16'!CM19+'[3]CB-17'!CM19+'[3]CB-18'!CM19+'[3]CB-19'!CM19+'[3]CB-20'!CM19+'[3]CB-21'!CM19+'[3]CB-22'!CM19+'[3]CB-23'!CM19+'[3]CB-24'!CM19+'[4]LCT-1'!CM19+'[4]LCT-2'!CM19+'[4]LCT-3'!CM19+'[4]LCT-4'!CM19+'[4]LCT-5'!CM19+'[4]LCT-6'!CM19+'[4]LCT-7'!CM19+'[4]LCT-8'!CM19+'[5]TB-1'!CM19+'[5]TB-2'!CM19+'[5]TB-3'!CM19+'[5]TB-4'!CM19+'[5]TB-5'!CM19+'[5]TB-6'!CM19+'[5]TB-7'!CM19+'[5]TB-8'!CM19+'[5]TB-9'!CM19+'[5]TB-10'!CM19+'[6]DSV-1'!CM19+'[6]DSV-2'!CM19+'[6]DSV-3'!CM19+'[7]TUB-1'!CM19+'[7]TUB-2'!CM19+'[8]Barge-1'!CM19+'[8]Barge-2'!CM19+'[8]Barge-3'!CM19+'[8]Barge-4'!CM19 -> 0 | U19: =[1]Control!AZ19 -> 45994 | W19: ='[2]AHTS-1'!IA57+'[2]AHTS-2'!IA57+'[2]AHTS-3'!IA57+'[2]AHTS-4'!IA57+'[2]AHTS-5'!IA57+'[2]AHTS-6'!IA57+'[2]AHTS-7'!IA57+'[2]AHTS-8'!IA57+'[3]CB-1'!IA57+'[3]CB-2'!IA57+'[3]CB-3'!IA57+'[3]CB-4'!IA57+'[3]CB-5'!IA57+'[3]CB-6'!IA57+'[3]CB-7'!IA57+'[3]CB-8'!IA57+'[3]CB-9'!IA57+'[3]CB-10'!IA57+'[3]CB-11'!IA57+'[3]CB-12'!IA57+'[3]CB-13'!IA57+'[3]CB-14'!IA57+'[3]CB-15'!IA57+'[3]CB-16'!IA57+'[3]CB-17'!IA57+'[3]CB-18'!IA57+'[3]CB-19'!IA57+'[3]CB-20'!IA57+'[3]CB-21'!IA57+'[3]CB-22'!IA57+'[3]CB-23'!IA57+'[3]CB-24'!IA57+'[4]LCT-1'!IA57+'[4]LCT-2'!IA57+'[4]LCT-3'!IA57+'[4]LCT-4'!IA57+'[4]LCT-5'!IA57+'[4]LCT-6'!IA57+'[4]LCT-7'!IA57+'[4]LCT-8'!IA57+'[5]TB-1'!IA57+'[5]TB-2'!IA57+'[5]TB-3'!IA57+'[5]TB-4'!IA57+'[5]TB-5'!IA57+'[5]TB-6'!IA57+'[5]TB-7'!IA57+'[5]TB-8'!IA57+'[5]TB-9'!IA57+'[5]TB-10'!IA57+'[6]DSV-1'!IA57+'[6]DSV-2'!IA57+'[6]DSV-3'!IA57+'[7]TUB-1'!IA57+'[7]TUB-2'!IA57+'[8]Barge-1'!IA57+'[8]Barge-2'!IA57+'[8]Barge-3'!IA57+'[8]Barge-4'!IA57 -> 0 | X19: ='[2]AHTS-1'!IA19+'[2]AHTS-2'!IA19+'[2]AHTS-3'!IA19+'[2]AHTS-4'!IA19+'[2]AHTS-5'!IA19+'[2]AHTS-6'!IA19+'[2]AHTS-7'!IA19+'[2]AHTS-8'!IA19+'[3]CB-1'!IA19+'[3]CB-2'!IA19+'[3]CB-3'!IA19+'[3]CB-4'!IA19+'[3]CB-5'!IA19+'[3]CB-6'!IA19+'[3]CB-7'!IA19+'[3]CB-8'!IA19+'[3]CB-9'!IA19+'[3]CB-10'!IA19+'[3]CB-11'!IA19+'[3]CB-12'!IA19+'[3]CB-13'!IA19+'[3]CB-14'!IA19+'[3]CB-15'!IA19+'[3]CB-16'!IA19+'[3]CB-17'!IA19+'[3]CB-18'!IA19+'[3]CB-19'!IA19+'[3]CB-20'!IA19+'[3]CB-21'!IA19+'[3]CB-22'!IA19+'[3]CB-23'!IA19+'[3]CB-24'!IA19+'[4]LCT-1'!IA19+'[4]LCT-2'!IA19+'[4]LCT-3'!IA19+'[4]LCT-4'!IA19+'[4]LCT-5'!IA19+'[4]LCT-6'!IA19+'[4]LCT-7'!IA19+'[4]LCT-8'!IA19+'[5]TB-1'!IA19+'[5]TB-2'!IA19+'[5]TB-3'!IA19+'[5]TB-4'!IA19+'[5]TB-5'!IA19+'[5]TB-6'!IA19+'[5]TB-7'!IA19+'[5]TB-8'!IA19+'[5]TB-9'!IA19+'[5]TB-10'!IA19+'[6]DSV-1'!IA19+'[6]DSV-2'!IA19+'[6]DSV-3'!IA19+'[7]TUB-1'!IA19+'[7]TUB-2'!IA19+'[8]Barge-1'!IA19+'[8]Barge-2'!IA19+'[8]Barge-3'!IA19+'[8]Barge-4'!IA19 -> 0 | Y19: ='[2]AHTS-1'!IA90+'[2]AHTS-2'!IA90+'[2]AHTS-3'!IA90+'[2]AHTS-4'!IA90+'[2]AHTS-5'!IA90+'[2]AHTS-6'!IA90+'[2]AHTS-7'!IA90+'[2]AHTS-8'!IA90+'[3]CB-1'!IA90+'[3]CB-2'!IA90+'[3]CB-3'!IA90+'[3]CB-4'!IA90+'[3]CB-5'!IA90+'[3]CB-6'!IA90+'[3]CB-7'!IA90+'[3]CB-8'!IA90+'[3]CB-9'!IA90+'[3]CB-10'!IA90+'[3]CB-11'!IA90+'[3]CB-12'!IA90+'[3]CB-13'!IA90+'[3]CB-14'!IA90+'[3]CB-15'!IA90+'[3]CB-16'!IA90+'[3]CB-17'!IA90+'[3]CB-18'!IA90+'[3]CB-19'!IA90+'[3]CB-20'!IA90+'[3]CB-21'!IA90+'[3]CB-22'!IA90+'[3]CB-23'!IA90+'[3]CB-24'!IA90+'[4]LCT-1'!IA90+'[4]LCT-2'!IA90+'[4]LCT-3'!IA90+'[4]LCT-4'!IA90+'[4]LCT-5'!IA90+'[4]LCT-6'!IA90+'[4]LCT-7'!IA90+'[4]LCT-8'!IA90+'[5]TB-1'!IA90+'[5]TB-2'!IA90+'[5]TB-3'!IA90+'[5]TB-4'!IA90+'[5]TB-5'!IA90+'[5]TB-6'!IA90+'[5]TB-7'!IA90+'[5]TB-8'!IA90+'[5]TB-9'!IA90+'[5]TB-10'!IA90+'[6]DSV-1'!IA90+'[6]DSV-2'!IA90+'[6]DSV-3'!IA90+'[7]TUB-1'!IA90+'[7]TUB-2'!IA90+'[8]Barge-1'!IA90+'[8]Barge-2'!IA90+'[8]Barge-3'!IA90+'[8]Barge-4'!IA90 -> 0 | Z19: ='[2]AHTS-1'!IB57+'[2]AHTS-2'!IB57+'[2]AHTS-3'!IB57+'[2]AHTS-4'!IB57+'[2]AHTS-5'!IB57+'[2]AHTS-6'!IB57+'[2]AHTS-7'!IB57+'[2]AHTS-8'!IB57+'[3]CB-1'!IB57+'[3]CB-2'!IB57+'[3]CB-3'!IB57+'[3]CB-4'!IB57+'[3]CB-5'!IB57+'[3]CB-6'!IB57+'[3]CB-7'!IB57+'[3]CB-8'!IB57+'[3]CB-9'!IB57+'[3]CB-10'!IB57+'[3]CB-11'!IB57+'[3]CB-12'!IB57+'[3]CB-13'!IB57+'[3]CB-14'!IB57+'[3]CB-15'!IB57+'[3]CB-16'!IB57+'[3]CB-17'!IB57+'[3]CB-18'!IB57+'[3]CB-19'!IB57+'[3]CB-20'!IB57+'[3]CB-21'!IB57+'[3]CB-22'!IB57+'[3]CB-23'!IB57+'[3]CB-24'!IB57+'[4]LCT-1'!IB57+'[4]LCT-2'!IB57+'[4]LCT-3'!IB57+'[4]LCT-4'!IB57+'[4]LCT-5'!IB57+'[4]LCT-6'!IB57+'[4]LCT-7'!IB57+'[4]LCT-8'!IB57+'[5]TB-1'!IB57+'[5]TB-2'!IB57+'[5]TB-3'!IB57+'[5]TB-4'!IB57+'[5]TB-5'!IB57+'[5]TB-6'!IB57+'[5]TB-7'!IB57+'[5]TB-8'!IB57+'[5]TB-9'!IB57+'[5]TB-10'!IB57+'[6]DSV-1'!IB57+'[6]DSV-2'!IB57+'[6]DSV-3'!IB57+'[7]TUB-1'!IB57+'[7]TUB-2'!IB57+'[8]Barge-1'!IB57+'[8]Barge-2'!IB57+'[8]Barge-3'!IB57+'[8]Barge-4'!IB57 -> 61316167 | AA19: ='[2]AHTS-1'!IB19+'[2]AHTS-2'!IB19+'[2]AHTS-3'!IB19+'[2]AHTS-4'!IB19+'[2]AHTS-5'!IB19+'[2]AHTS-6'!IB19+'[2]AHTS-7'!IB19+'[2]AHTS-8'!IB19+'[3]CB-1'!IB19+'[3]CB-2'!IB19+'[3]CB-3'!IB19+'[3]CB-4'!IB19+'[3]CB-5'!IB19+'[3]CB-6'!IB19+'[3]CB-7'!IB19+'[3]CB-8'!IB19+'[3]CB-9'!IB19+'[3]CB-10'!IB19+'[3]CB-11'!IB19+'[3]CB-12'!IB19+'[3]CB-13'!IB19+'[3]CB-14'!IB19+'[3]CB-15'!IB19+'[3]CB-16'!IB19+'[3]CB-17'!IB19+'[3]CB-18'!IB19+'[3]CB-19'!IB19+'[3]CB-20'!IB19+'[3]CB-21'!IB19+'[3]CB-22'!IB19+'[3]CB-23'!IB19+'[3]CB-24'!IB19+'[4]LCT-1'!IB19+'[4]LCT-2'!IB19+'[4]LCT-3'!IB19+'[4]LCT-4'!IB19+'[4]LCT-5'!IB19+'[4]LCT-6'!IB19+'[4]LCT-7'!IB19+'[4]LCT-8'!IB19+'[5]TB-1'!IB19+'[5]TB-2'!IB19+'[5]TB-3'!IB19+'[5]TB-4'!IB19+'[5]TB-5'!IB19+'[5]TB-6'!IB19+'[5]TB-7'!IB19+'[5]TB-8'!IB19+'[5]TB-9'!IB19+'[5]TB-10'!IB19+'[6]DSV-1'!IB19+'[6]DSV-2'!IB19+'[6]DSV-3'!IB19+'[7]TUB-1'!IB19+'[7]TUB-2'!IB19+'[8]Barge-1'!IB19+'[8]Barge-2'!IB19+'[8]Barge-3'!IB19+'[8]Barge-4'!IB19 -> 51483333 | AB19: ='[2]AHTS-1'!IB90+'[2]AHTS-2'!IB90+'[2]AHTS-3'!IB90+'[2]AHTS-4'!IB90+'[2]AHTS-5'!IB90+'[2]AHTS-6'!IB90+'[2]AHTS-7'!IB90+'[2]AHTS-8'!IB90+'[3]CB-1'!IB90+'[3]CB-2'!IB90+'[3]CB-3'!IB90+'[3]CB-4'!IB90+'[3]CB-5'!IB90+'[3]CB-6'!IB90+'[3]CB-7'!IB90+'[3]CB-8'!IB90+'[3]CB-9'!IB90+'[3]CB-10'!IB90+'[3]CB-11'!IB90+'[3]CB-12'!IB90+'[3]CB-13'!IB90+'[3]CB-14'!IB90+'[3]CB-15'!IB90+'[3]CB-16'!IB90+'[3]CB-17'!IB90+'[3]CB-18'!IB90+'[3]CB-19'!IB90+'[3]CB-20'!IB90+'[3]CB-21'!IB90+'[3]CB-22'!IB90+'[3]CB-23'!IB90+'[3]CB-24'!IB90+'[4]LCT-1'!IB90+'[4]LCT-2'!IB90+'[4]LCT-3'!IB90+'[4]LCT-4'!IB90+'[4]LCT-5'!IB90+'[4]LCT-6'!IB90+'[4]LCT-7'!IB90+'[4]LCT-8'!IB90+'[5]TB-1'!IB90+'[5]TB-2'!IB90+'[5]TB-3'!IB90+'[5]TB-4'!IB90+'[5]TB-5'!IB90+'[5]TB-6'!IB90+'[5]TB-7'!IB90+'[5]TB-8'!IB90+'[5]TB-9'!IB90+'[5]TB-10'!IB90+'[6]DSV-1'!IB90+'[6]DSV-2'!IB90+'[6]DSV-3'!IB90+'[7]TUB-1'!IB90+'[7]TUB-2'!IB90+'[8]Barge-1'!IB90+'[8]Barge-2'!IB90+'[8]Barge-3'!IB90+'[8]Barge-4'!IB90 -> 0
A20: =[1]Control!AZ20 -> 45995 | C20: ='[2]AHTS-1'!AT20+'[2]AHTS-2'!AT20+'[2]AHTS-3'!AT20+'[2]AHTS-4'!AT20+'[2]AHTS-5'!AT20+'[2]AHTS-6'!AT20+'[2]AHTS-7'!AT20+'[2]AHTS-8'!AT20+'[3]CB-1'!AT20+'[3]CB-2'!AT20+'[3]CB-3'!AT20+'[3]CB-4'!AT20+'[3]CB-5'!AT20+'[3]CB-6'!AT20+'[3]CB-7'!AT20+'[3]CB-8'!AT20+'[3]CB-9'!AT20+'[3]CB-10'!AT20+'[3]CB-11'!AT20+'[3]CB-12'!AT20+'[3]CB-13'!AT20+'[3]CB-14'!AT20+'[3]CB-15'!AT20+'[3]CB-16'!AT20+'[3]CB-17'!AT20+'[3]CB-18'!AT20+'[3]CB-19'!AT20+'[3]CB-20'!AT20+'[3]CB-21'!AT20+'[3]CB-22'!AT20+'[3]CB-23'!AT20+'[3]CB-24'!AT20+'[4]LCT-1'!AT20+'[4]LCT-2'!AT20+'[4]LCT-3'!AT20+'[4]LCT-4'!AT20+'[4]LCT-5'!AT20+'[4]LCT-6'!AT20+'[4]LCT-7'!AT20+'[4]LCT-8'!AT20+'[5]TB-1'!AT20+'[5]TB-2'!AT20+'[5]TB-3'!AT20+'[5]TB-4'!AT20+'[5]TB-5'!AT20+'[5]TB-6'!AT20+'[5]TB-7'!AT20+'[5]TB-8'!AT20+'[5]TB-9'!AT20+'[5]TB-10'!AT20+'[6]DSV-1'!AT20+'[6]DSV-2'!AT20+'[6]DSV-3'!AT20+'[7]TUB-1'!AT20+'[7]TUB-2'!AT20+'[8]Barge-1'!AT20+'[8]Barge-2'!AT20+'[8]Barge-3'!AT20+'[8]Barge-4'!AT20 -> 0 | D20: ='[2]AHTS-1'!BP20+'[2]AHTS-2'!BP20+'[2]AHTS-3'!BP20+'[2]AHTS-4'!BP20+'[2]AHTS-5'!BP20+'[2]AHTS-6'!BP20+'[2]AHTS-7'!BP20+'[2]AHTS-8'!BP20+'[3]CB-1'!BP20+'[3]CB-2'!BP20+'[3]CB-3'!BP20+'[3]CB-4'!BP20+'[3]CB-5'!BP20+'[3]CB-6'!BP20+'[3]CB-7'!BP20+'[3]CB-8'!BP20+'[3]CB-9'!BP20+'[3]CB-10'!BP20+'[3]CB-11'!BP20+'[3]CB-12'!BP20+'[3]CB-13'!BP20+'[3]CB-14'!BP20+'[3]CB-15'!BP20+'[3]CB-16'!BP20+'[3]CB-17'!BP20+'[3]CB-18'!BP20+'[3]CB-19'!BP20+'[3]CB-20'!BP20+'[3]CB-21'!BP20+'[3]CB-22'!BP20+'[3]CB-23'!BP20+'[3]CB-24'!BP20+'[4]LCT-1'!BP20+'[4]LCT-2'!BP20+'[4]LCT-3'!BP20+'[4]LCT-4'!BP20+'[4]LCT-5'!BP20+'[4]LCT-6'!BP20+'[4]LCT-7'!BP20+'[4]LCT-8'!BP20+'[5]TB-1'!BP20+'[5]TB-2'!BP20+'[5]TB-3'!BP20+'[5]TB-4'!BP20+'[5]TB-5'!BP20+'[5]TB-6'!BP20+'[5]TB-7'!BP20+'[5]TB-8'!BP20+'[5]TB-9'!BP20+'[5]TB-10'!BP20+'[6]DSV-1'!BP20+'[6]DSV-2'!BP20+'[6]DSV-3'!BP20+'[7]TUB-1'!BP20+'[7]TUB-2'!BP20+'[8]Barge-1'!BP20+'[8]Barge-2'!BP20+'[8]Barge-3'!BP20+'[8]Barge-4'!BP20 -> 0 | E20: ='[2]AHTS-1'!CL20+'[2]AHTS-2'!CL20+'[2]AHTS-3'!CL20+'[2]AHTS-4'!CL20+'[2]AHTS-5'!CL20+'[2]AHTS-6'!CL20+'[2]AHTS-7'!CL20+'[2]AHTS-8'!CL20+'[3]CB-1'!CL20+'[3]CB-2'!CL20+'[3]CB-3'!CL20+'[3]CB-4'!CL20+'[3]CB-5'!CL20+'[3]CB-6'!CL20+'[3]CB-7'!CL20+'[3]CB-8'!CL20+'[3]CB-9'!CL20+'[3]CB-10'!CL20+'[3]CB-11'!CL20+'[3]CB-12'!CL20+'[3]CB-13'!CL20+'[3]CB-14'!CL20+'[3]CB-15'!CL20+'[3]CB-16'!CL20+'[3]CB-17'!CL20+'[3]CB-18'!CL20+'[3]CB-19'!CL20+'[3]CB-20'!CL20+'[3]CB-21'!CL20+'[3]CB-22'!CL20+'[3]CB-23'!CL20+'[3]CB-24'!CL20+'[4]LCT-1'!CL20+'[4]LCT-2'!CL20+'[4]LCT-3'!CL20+'[4]LCT-4'!CL20+'[4]LCT-5'!CL20+'[4]LCT-6'!CL20+'[4]LCT-7'!CL20+'[4]LCT-8'!CL20+'[5]TB-1'!CL20+'[5]TB-2'!CL20+'[5]TB-3'!CL20+'[5]TB-4'!CL20+'[5]TB-5'!CL20+'[5]TB-6'!CL20+'[5]TB-7'!CL20+'[5]TB-8'!CL20+'[5]TB-9'!CL20+'[5]TB-10'!CL20+'[6]DSV-1'!CL20+'[6]DSV-2'!CL20+'[6]DSV-3'!CL20+'[7]TUB-1'!CL20+'[7]TUB-2'!CL20+'[8]Barge-1'!CL20+'[8]Barge-2'!CL20+'[8]Barge-3'!CL20+'[8]Barge-4'!CL20 -> 0 | F20: ='[2]AHTS-1'!AU20+'[2]AHTS-2'!AU20+'[2]AHTS-3'!AU20+'[2]AHTS-4'!AU20+'[2]AHTS-5'!AU20+'[2]AHTS-6'!AU20+'[2]AHTS-7'!AU20+'[2]AHTS-8'!AU20+'[3]CB-1'!AU20+'[3]CB-2'!AU20+'[3]CB-3'!AU20+'[3]CB-4'!AU20+'[3]CB-5'!AU20+'[3]CB-6'!AU20+'[3]CB-7'!AU20+'[3]CB-8'!AU20+'[3]CB-9'!AU20+'[3]CB-10'!AU20+'[3]CB-11'!AU20+'[3]CB-12'!AU20+'[3]CB-13'!AU20+'[3]CB-14'!AU20+'[3]CB-15'!AU20+'[3]CB-16'!AU20+'[3]CB-17'!AU20+'[3]CB-18'!AU20+'[3]CB-19'!AU20+'[3]CB-20'!AU20+'[3]CB-21'!AU20+'[3]CB-22'!AU20+'[3]CB-23'!AU20+'[3]CB-24'!AU20+'[4]LCT-1'!AU20+'[4]LCT-2'!AU20+'[4]LCT-3'!AU20+'[4]LCT-4'!AU20+'[4]LCT-5'!AU20+'[4]LCT-6'!AU20+'[4]LCT-7'!AU20+'[4]LCT-8'!AU20+'[5]TB-1'!AU20+'[5]TB-2'!AU20+'[5]TB-3'!AU20+'[5]TB-4'!AU20+'[5]TB-5'!AU20+'[5]TB-6'!AU20+'[5]TB-7'!AU20+'[5]TB-8'!AU20+'[5]TB-9'!AU20+'[5]TB-10'!AU20+'[6]DSV-1'!AU20+'[6]DSV-2'!AU20+'[6]DSV-3'!AU20+'[7]TUB-1'!AU20+'[7]TUB-2'!AU20+'[8]Barge-1'!AU20+'[8]Barge-2'!AU20+'[8]Barge-3'!AU20+'[8]Barge-4'!AU20 -> 2584.4571 | G20: ='[2]AHTS-1'!BQ20+'[2]AHTS-2'!BQ20+'[2]AHTS-3'!BQ20+'[2]AHTS-4'!BQ20+'[2]AHTS-5'!BQ20+'[2]AHTS-6'!BQ20+'[2]AHTS-7'!BQ20+'[2]AHTS-8'!BQ20+'[3]CB-1'!BQ20+'[3]CB-2'!BQ20+'[3]CB-3'!BQ20+'[3]CB-4'!BQ20+'[3]CB-5'!BQ20+'[3]CB-6'!BQ20+'[3]CB-7'!BQ20+'[3]CB-8'!BQ20+'[3]CB-9'!BQ20+'[3]CB-10'!BQ20+'[3]CB-11'!BQ20+'[3]CB-12'!BQ20+'[3]CB-13'!BQ20+'[3]CB-14'!BQ20+'[3]CB-15'!BQ20+'[3]CB-16'!BQ20+'[3]CB-17'!BQ20+'[3]CB-18'!BQ20+'[3]CB-19'!BQ20+'[3]CB-20'!BQ20+'[3]CB-21'!BQ20+'[3]CB-22'!BQ20+'[3]CB-23'!BQ20+'[3]CB-24'!BQ20+'[4]LCT-1'!BQ20+'[4]LCT-2'!BQ20+'[4]LCT-3'!BQ20+'[4]LCT-4'!BQ20+'[4]LCT-5'!BQ20+'[4]LCT-6'!BQ20+'[4]LCT-7'!BQ20+'[4]LCT-8'!BQ20+'[5]TB-1'!BQ20+'[5]TB-2'!BQ20+'[5]TB-3'!BQ20+'[5]TB-4'!BQ20+'[5]TB-5'!BQ20+'[5]TB-6'!BQ20+'[5]TB-7'!BQ20+'[5]TB-8'!BQ20+'[5]TB-9'!BQ20+'[5]TB-10'!BQ20+'[6]DSV-1'!BQ20+'[6]DSV-2'!BQ20+'[6]DSV-3'!BQ20+'[7]TUB-1'!BQ20+'[7]TUB-2'!BQ20+'[8]Barge-1'!BQ20+'[8]Barge-2'!BQ20+'[8]Barge-3'!BQ20+'[8]Barge-4'!BQ20 -> 2302.2271 | H20: ='[2]AHTS-1'!CM20+'[2]AHTS-2'!CM20+'[2]AHTS-3'!CM20+'[2]AHTS-4'!CM20+'[2]AHTS-5'!CM20+'[2]AHTS-6'!CM20+'[2]AHTS-7'!CM20+'[2]AHTS-8'!CM20+'[3]CB-1'!CM20+'[3]CB-2'!CM20+'[3]CB-3'!CM20+'[3]CB-4'!CM20+'[3]CB-5'!CM20+'[3]CB-6'!CM20+'[3]CB-7'!CM20+'[3]CB-8'!CM20+'[3]CB-9'!CM20+'[3]CB-10'!CM20+'[3]CB-11'!CM20+'[3]CB-12'!CM20+'[3]CB-13'!CM20+'[3]CB-14'!CM20+'[3]CB-15'!CM20+'[3]CB-16'!CM20+'[3]CB-17'!CM20+'[3]CB-18'!CM20+'[3]CB-19'!CM20+'[3]CB-20'!CM20+'[3]CB-21'!CM20+'[3]CB-22'!CM20+'[3]CB-23'!CM20+'[3]CB-24'!CM20+'[4]LCT-1'!CM20+'[4]LCT-2'!CM20+'[4]LCT-3'!CM20+'[4]LCT-4'!CM20+'[4]LCT-5'!CM20+'[4]LCT-6'!CM20+'[4]LCT-7'!CM20+'[4]LCT-8'!CM20+'[5]TB-1'!CM20+'[5]TB-2'!CM20+'[5]TB-3'!CM20+'[5]TB-4'!CM20+'[5]TB-5'!CM20+'[5]TB-6'!CM20+'[5]TB-7'!CM20+'[5]TB-8'!CM20+'[5]TB-9'!CM20+'[5]TB-10'!CM20+'[6]DSV-1'!CM20+'[6]DSV-2'!CM20+'[6]DSV-3'!CM20+'[7]TUB-1'!CM20+'[7]TUB-2'!CM20+'[8]Barge-1'!CM20+'[8]Barge-2'!CM20+'[8]Barge-3'!CM20+'[8]Barge-4'!CM20 -> 0 | U20: =[1]Control!AZ20 -> 45995 | W20: ='[2]AHTS-1'!IA58+'[2]AHTS-2'!IA58+'[2]AHTS-3'!IA58+'[2]AHTS-4'!IA58+'[2]AHTS-5'!IA58+'[2]AHTS-6'!IA58+'[2]AHTS-7'!IA58+'[2]AHTS-8'!IA58+'[3]CB-1'!IA58+'[3]CB-2'!IA58+'[3]CB-3'!IA58+'[3]CB-4'!IA58+'[3]CB-5'!IA58+'[3]CB-6'!IA58+'[3]CB-7'!IA58+'[3]CB-8'!IA58+'[3]CB-9'!IA58+'[3]CB-10'!IA58+'[3]CB-11'!IA58+'[3]CB-12'!IA58+'[3]CB-13'!IA58+'[3]CB-14'!IA58+'[3]CB-15'!IA58+'[3]CB-16'!IA58+'[3]CB-17'!IA58+'[3]CB-18'!IA58+'[3]CB-19'!IA58+'[3]CB-20'!IA58+'[3]CB-21'!IA58+'[3]CB-22'!IA58+'[3]CB-23'!IA58+'[3]CB-24'!IA58+'[4]LCT-1'!IA58+'[4]LCT-2'!IA58+'[4]LCT-3'!IA58+'[4]LCT-4'!IA58+'[4]LCT-5'!IA58+'[4]LCT-6'!IA58+'[4]LCT-7'!IA58+'[4]LCT-8'!IA58+'[5]TB-1'!IA58+'[5]TB-2'!IA58+'[5]TB-3'!IA58+'[5]TB-4'!IA58+'[5]TB-5'!IA58+'[5]TB-6'!IA58+'[5]TB-7'!IA58+'[5]TB-8'!IA58+'[5]TB-9'!IA58+'[5]TB-10'!IA58+'[6]DSV-1'!IA58+'[6]DSV-2'!IA58+'[6]DSV-3'!IA58+'[7]TUB-1'!IA58+'[7]TUB-2'!IA58+'[8]Barge-1'!IA58+'[8]Barge-2'!IA58+'[8]Barge-3'!IA58+'[8]Barge-4'!IA58 -> 0 | X20: ='[2]AHTS-1'!IA20+'[2]AHTS-2'!IA20+'[2]AHTS-3'!IA20+'[2]AHTS-4'!IA20+'[2]AHTS-5'!IA20+'[2]AHTS-6'!IA20+'[2]AHTS-7'!IA20+'[2]AHTS-8'!IA20+'[3]CB-1'!IA20+'[3]CB-2'!IA20+'[3]CB-3'!IA20+'[3]CB-4'!IA20+'[3]CB-5'!IA20+'[3]CB-6'!IA20+'[3]CB-7'!IA20+'[3]CB-8'!IA20+'[3]CB-9'!IA20+'[3]CB-10'!IA20+'[3]CB-11'!IA20+'[3]CB-12'!IA20+'[3]CB-13'!IA20+'[3]CB-14'!IA20+'[3]CB-15'!IA20+'[3]CB-16'!IA20+'[3]CB-17'!IA20+'[3]CB-18'!IA20+'[3]CB-19'!IA20+'[3]CB-20'!IA20+'[3]CB-21'!IA20+'[3]CB-22'!IA20+'[3]CB-23'!IA20+'[3]CB-24'!IA20+'[4]LCT-1'!IA20+'[4]LCT-2'!IA20+'[4]LCT-3'!IA20+'[4]LCT-4'!IA20+'[4]LCT-5'!IA20+'[4]LCT-6'!IA20+'[4]LCT-7'!IA20+'[4]LCT-8'!IA20+'[5]TB-1'!IA20+'[5]TB-2'!IA20+'[5]TB-3'!IA20+'[5]TB-4'!IA20+'[5]TB-5'!IA20+'[5]TB-6'!IA20+'[5]TB-7'!IA20+'[5]TB-8'!IA20+'[5]TB-9'!IA20+'[5]TB-10'!IA20+'[6]DSV-1'!IA20+'[6]DSV-2'!IA20+'[6]DSV-3'!IA20+'[7]TUB-1'!IA20+'[7]TUB-2'!IA20+'[8]Barge-1'!IA20+'[8]Barge-2'!IA20+'[8]Barge-3'!IA20+'[8]Barge-4'!IA20 -> 0 | Y20: ='[2]AHTS-1'!IA91+'[2]AHTS-2'!IA91+'[2]AHTS-3'!IA91+'[2]AHTS-4'!IA91+'[2]AHTS-5'!IA91+'[2]AHTS-6'!IA91+'[2]AHTS-7'!IA91+'[2]AHTS-8'!IA91+'[3]CB-1'!IA91+'[3]CB-2'!IA91+'[3]CB-3'!IA91+'[3]CB-4'!IA91+'[3]CB-5'!IA91+'[3]CB-6'!IA91+'[3]CB-7'!IA91+'[3]CB-8'!IA91+'[3]CB-9'!IA91+'[3]CB-10'!IA91+'[3]CB-11'!IA91+'[3]CB-12'!IA91+'[3]CB-13'!IA91+'[3]CB-14'!IA91+'[3]CB-15'!IA91+'[3]CB-16'!IA91+'[3]CB-17'!IA91+'[3]CB-18'!IA91+'[3]CB-19'!IA91+'[3]CB-20'!IA91+'[3]CB-21'!IA91+'[3]CB-22'!IA91+'[3]CB-23'!IA91+'[3]CB-24'!IA91+'[4]LCT-1'!IA91+'[4]LCT-2'!IA91+'[4]LCT-3'!IA91+'[4]LCT-4'!IA91+'[4]LCT-5'!IA91+'[4]LCT-6'!IA91+'[4]LCT-7'!IA91+'[4]LCT-8'!IA91+'[5]TB-1'!IA91+'[5]TB-2'!IA91+'[5]TB-3'!IA91+'[5]TB-4'!IA91+'[5]TB-5'!IA91+'[5]TB-6'!IA91+'[5]TB-7'!IA91+'[5]TB-8'!IA91+'[5]TB-9'!IA91+'[5]TB-10'!IA91+'[6]DSV-1'!IA91+'[6]DSV-2'!IA91+'[6]DSV-3'!IA91+'[7]TUB-1'!IA91+'[7]TUB-2'!IA91+'[8]Barge-1'!IA91+'[8]Barge-2'!IA91+'[8]Barge-3'!IA91+'[8]Barge-4'!IA91 -> 0 | Z20: ='[2]AHTS-1'!IB58+'[2]AHTS-2'!IB58+'[2]AHTS-3'!IB58+'[2]AHTS-4'!IB58+'[2]AHTS-5'!IB58+'[2]AHTS-6'!IB58+'[2]AHTS-7'!IB58+'[2]AHTS-8'!IB58+'[3]CB-1'!IB58+'[3]CB-2'!IB58+'[3]CB-3'!IB58+'[3]CB-4'!IB58+'[3]CB-5'!IB58+'[3]CB-6'!IB58+'[3]CB-7'!IB58+'[3]CB-8'!IB58+'[3]CB-9'!IB58+'[3]CB-10'!IB58+'[3]CB-11'!IB58+'[3]CB-12'!IB58+'[3]CB-13'!IB58+'[3]CB-14'!IB58+'[3]CB-15'!IB58+'[3]CB-16'!IB58+'[3]CB-17'!IB58+'[3]CB-18'!IB58+'[3]CB-19'!IB58+'[3]CB-20'!IB58+'[3]CB-21'!IB58+'[3]CB-22'!IB58+'[3]CB-23'!IB58+'[3]CB-24'!IB58+'[4]LCT-1'!IB58+'[4]LCT-2'!IB58+'[4]LCT-3'!IB58+'[4]LCT-4'!IB58+'[4]LCT-5'!IB58+'[4]LCT-6'!IB58+'[4]LCT-7'!IB58+'[4]LCT-8'!IB58+'[5]TB-1'!IB58+'[5]TB-2'!IB58+'[5]TB-3'!IB58+'[5]TB-4'!IB58+'[5]TB-5'!IB58+'[5]TB-6'!IB58+'[5]TB-7'!IB58+'[5]TB-8'!IB58+'[5]TB-9'!IB58+'[5]TB-10'!IB58+'[6]DSV-1'!IB58+'[6]DSV-2'!IB58+'[6]DSV-3'!IB58+'[7]TUB-1'!IB58+'[7]TUB-2'!IB58+'[8]Barge-1'!IB58+'[8]Barge-2'!IB58+'[8]Barge-3'!IB58+'[8]Barge-4'!IB58 -> 40635419 | AA20: ='[2]AHTS-1'!IB20+'[2]AHTS-2'!IB20+'[2]AHTS-3'!IB20+'[2]AHTS-4'!IB20+'[2]AHTS-5'!IB20+'[2]AHTS-6'!IB20+'[2]AHTS-7'!IB20+'[2]AHTS-8'!IB20+'[3]CB-1'!IB20+'[3]CB-2'!IB20+'[3]CB-3'!IB20+'[3]CB-4'!IB20+'[3]CB-5'!IB20+'[3]CB-6'!IB20+'[3]CB-7'!IB20+'[3]CB-8'!IB20+'[3]CB-9'!IB20+'[3]CB-10'!IB20+'[3]CB-11'!IB20+'[3]CB-12'!IB20+'[3]CB-13'!IB20+'[3]CB-14'!IB20+'[3]CB-15'!IB20+'[3]CB-16'!IB20+'[3]CB-17'!IB20+'[3]CB-18'!IB20+'[3]CB-19'!IB20+'[3]CB-20'!IB20+'[3]CB-21'!IB20+'[3]CB-22'!IB20+'[3]CB-23'!IB20+'[3]CB-24'!IB20+'[4]LCT-1'!IB20+'[4]LCT-2'!IB20+'[4]LCT-3'!IB20+'[4]LCT-4'!IB20+'[4]LCT-5'!IB20+'[4]LCT-6'!IB20+'[4]LCT-7'!IB20+'[4]LCT-8'!IB20+'[5]TB-1'!IB20+'[5]TB-2'!IB20+'[5]TB-3'!IB20+'[5]TB-4'!IB20+'[5]TB-5'!IB20+'[5]TB-6'!IB20+'[5]TB-7'!IB20+'[5]TB-8'!IB20+'[5]TB-9'!IB20+'[5]TB-10'!IB20+'[6]DSV-1'!IB20+'[6]DSV-2'!IB20+'[6]DSV-3'!IB20+'[7]TUB-1'!IB20+'[7]TUB-2'!IB20+'[8]Barge-1'!IB20+'[8]Barge-2'!IB20+'[8]Barge-3'!IB20+'[8]Barge-4'!IB20 -> 36197917 | AB20: ='[2]AHTS-1'!IB91+'[2]AHTS-2'!IB91+'[2]AHTS-3'!IB91+'[2]AHTS-4'!IB91+'[2]AHTS-5'!IB91+'[2]AHTS-6'!IB91+'[2]AHTS-7'!IB91+'[2]AHTS-8'!IB91+'[3]CB-1'!IB91+'[3]CB-2'!IB91+'[3]CB-3'!IB91+'[3]CB-4'!IB91+'[3]CB-5'!IB91+'[3]CB-6'!IB91+'[3]CB-7'!IB91+'[3]CB-8'!IB91+'[3]CB-9'!IB91+'[3]CB-10'!IB91+'[3]CB-11'!IB91+'[3]CB-12'!IB91+'[3]CB-13'!IB91+'[3]CB-14'!IB91+'[3]CB-15'!IB91+'[3]CB-16'!IB91+'[3]CB-17'!IB91+'[3]CB-18'!IB91+'[3]CB-19'!IB91+'[3]CB-20'!IB91+'[3]CB-21'!IB91+'[3]CB-22'!IB91+'[3]CB-23'!IB91+'[3]CB-24'!IB91+'[4]LCT-1'!IB91+'[4]LCT-2'!IB91+'[4]LCT-3'!IB91+'[4]LCT-4'!IB91+'[4]LCT-5'!IB91+'[4]LCT-6'!IB91+'[4]LCT-7'!IB91+'[4]LCT-8'!IB91+'[5]TB-1'!IB91+'[5]TB-2'!IB91+'[5]TB-3'!IB91+'[5]TB-4'!IB91+'[5]TB-5'!IB91+'[5]TB-6'!IB91+'[5]TB-7'!IB91+'[5]TB-8'!IB91+'[5]TB-9'!IB91+'[5]TB-10'!IB91+'[6]DSV-1'!IB91+'[6]DSV-2'!IB91+'[6]DSV-3'!IB91+'[7]TUB-1'!IB91+'[7]TUB-2'!IB91+'[8]Barge-1'!IB91+'[8]Barge-2'!IB91+'[8]Barge-3'!IB91+'[8]Barge-4'!IB91 -> 0
A21: =[1]Control!AZ21 -> 45996 | C21: ='[2]AHTS-1'!AT21+'[2]AHTS-2'!AT21+'[2]AHTS-3'!AT21+'[2]AHTS-4'!AT21+'[2]AHTS-5'!AT21+'[2]AHTS-6'!AT21+'[2]AHTS-7'!AT21+'[2]AHTS-8'!AT21+'[3]CB-1'!AT21+'[3]CB-2'!AT21+'[3]CB-3'!AT21+'[3]CB-4'!AT21+'[3]CB-5'!AT21+'[3]CB-6'!AT21+'[3]CB-7'!AT21+'[3]CB-8'!AT21+'[3]CB-9'!AT21+'[3]CB-10'!AT21+'[3]CB-11'!AT21+'[3]CB-12'!AT21+'[3]CB-13'!AT21+'[3]CB-14'!AT21+'[3]CB-15'!AT21+'[3]CB-16'!AT21+'[3]CB-17'!AT21+'[3]CB-18'!AT21+'[3]CB-19'!AT21+'[3]CB-20'!AT21+'[3]CB-21'!AT21+'[3]CB-22'!AT21+'[3]CB-23'!AT21+'[3]CB-24'!AT21+'[4]LCT-1'!AT21+'[4]LCT-2'!AT21+'[4]LCT-3'!AT21+'[4]LCT-4'!AT21+'[4]LCT-5'!AT21+'[4]LCT-6'!AT21+'[4]LCT-7'!AT21+'[4]LCT-8'!AT21+'[5]TB-1'!AT21+'[5]TB-2'!AT21+'[5]TB-3'!AT21+'[5]TB-4'!AT21+'[5]TB-5'!AT21+'[5]TB-6'!AT21+'[5]TB-7'!AT21+'[5]TB-8'!AT21+'[5]TB-9'!AT21+'[5]TB-10'!AT21+'[6]DSV-1'!AT21+'[6]DSV-2'!AT21+'[6]DSV-3'!AT21+'[7]TUB-1'!AT21+'[7]TUB-2'!AT21+'[8]Barge-1'!AT21+'[8]Barge-2'!AT21+'[8]Barge-3'!AT21+'[8]Barge-4'!AT21 -> 0 | D21: ='[2]AHTS-1'!BP21+'[2]AHTS-2'!BP21+'[2]AHTS-3'!BP21+'[2]AHTS-4'!BP21+'[2]AHTS-5'!BP21+'[2]AHTS-6'!BP21+'[2]AHTS-7'!BP21+'[2]AHTS-8'!BP21+'[3]CB-1'!BP21+'[3]CB-2'!BP21+'[3]CB-3'!BP21+'[3]CB-4'!BP21+'[3]CB-5'!BP21+'[3]CB-6'!BP21+'[3]CB-7'!BP21+'[3]CB-8'!BP21+'[3]CB-9'!BP21+'[3]CB-10'!BP21+'[3]CB-11'!BP21+'[3]CB-12'!BP21+'[3]CB-13'!BP21+'[3]CB-14'!BP21+'[3]CB-15'!BP21+'[3]CB-16'!BP21+'[3]CB-17'!BP21+'[3]CB-18'!BP21+'[3]CB-19'!BP21+'[3]CB-20'!BP21+'[3]CB-21'!BP21+'[3]CB-22'!BP21+'[3]CB-23'!BP21+'[3]CB-24'!BP21+'[4]LCT-1'!BP21+'[4]LCT-2'!BP21+'[4]LCT-3'!BP21+'[4]LCT-4'!BP21+'[4]LCT-5'!BP21+'[4]LCT-6'!BP21+'[4]LCT-7'!BP21+'[4]LCT-8'!BP21+'[5]TB-1'!BP21+'[5]TB-2'!BP21+'[5]TB-3'!BP21+'[5]TB-4'!BP21+'[5]TB-5'!BP21+'[5]TB-6'!BP21+'[5]TB-7'!BP21+'[5]TB-8'!BP21+'[5]TB-9'!BP21+'[5]TB-10'!BP21+'[6]DSV-1'!BP21+'[6]DSV-2'!BP21+'[6]DSV-3'!BP21+'[7]TUB-1'!BP21+'[7]TUB-2'!BP21+'[8]Barge-1'!BP21+'[8]Barge-2'!BP21+'[8]Barge-3'!BP21+'[8]Barge-4'!BP21 -> 0 | E21: ='[2]AHTS-1'!CL21+'[2]AHTS-2'!CL21+'[2]AHTS-3'!CL21+'[2]AHTS-4'!CL21+'[2]AHTS-5'!CL21+'[2]AHTS-6'!CL21+'[2]AHTS-7'!CL21+'[2]AHTS-8'!CL21+'[3]CB-1'!CL21+'[3]CB-2'!CL21+'[3]CB-3'!CL21+'[3]CB-4'!CL21+'[3]CB-5'!CL21+'[3]CB-6'!CL21+'[3]CB-7'!CL21+'[3]CB-8'!CL21+'[3]CB-9'!CL21+'[3]CB-10'!CL21+'[3]CB-11'!CL21+'[3]CB-12'!CL21+'[3]CB-13'!CL21+'[3]CB-14'!CL21+'[3]CB-15'!CL21+'[3]CB-16'!CL21+'[3]CB-17'!CL21+'[3]CB-18'!CL21+'[3]CB-19'!CL21+'[3]CB-20'!CL21+'[3]CB-21'!CL21+'[3]CB-22'!CL21+'[3]CB-23'!CL21+'[3]CB-24'!CL21+'[4]LCT-1'!CL21+'[4]LCT-2'!CL21+'[4]LCT-3'!CL21+'[4]LCT-4'!CL21+'[4]LCT-5'!CL21+'[4]LCT-6'!CL21+'[4]LCT-7'!CL21+'[4]LCT-8'!CL21+'[5]TB-1'!CL21+'[5]TB-2'!CL21+'[5]TB-3'!CL21+'[5]TB-4'!CL21+'[5]TB-5'!CL21+'[5]TB-6'!CL21+'[5]TB-7'!CL21+'[5]TB-8'!CL21+'[5]TB-9'!CL21+'[5]TB-10'!CL21+'[6]DSV-1'!CL21+'[6]DSV-2'!CL21+'[6]DSV-3'!CL21+'[7]TUB-1'!CL21+'[7]TUB-2'!CL21+'[8]Barge-1'!CL21+'[8]Barge-2'!CL21+'[8]Barge-3'!CL21+'[8]Barge-4'!CL21 -> 0 | F21: ='[2]AHTS-1'!AU21+'[2]AHTS-2'!AU21+'[2]AHTS-3'!AU21+'[2]AHTS-4'!AU21+'[2]AHTS-5'!AU21+'[2]AHTS-6'!AU21+'[2]AHTS-7'!AU21+'[2]AHTS-8'!AU21+'[3]CB-1'!AU21+'[3]CB-2'!AU21+'[3]CB-3'!AU21+'[3]CB-4'!AU21+'[3]CB-5'!AU21+'[3]CB-6'!AU21+'[3]CB-7'!AU21+'[3]CB-8'!AU21+'[3]CB-9'!AU21+'[3]CB-10'!AU21+'[3]CB-11'!AU21+'[3]CB-12'!AU21+'[3]CB-13'!AU21+'[3]CB-14'!AU21+'[3]CB-15'!AU21+'[3]CB-16'!AU21+'[3]CB-17'!AU21+'[3]CB-18'!AU21+'[3]CB-19'!AU21+'[3]CB-20'!AU21+'[3]CB-21'!AU21+'[3]CB-22'!AU21+'[3]CB-23'!AU21+'[3]CB-24'!AU21+'[4]LCT-1'!AU21+'[4]LCT-2'!AU21+'[4]LCT-3'!AU21+'[4]LCT-4'!AU21+'[4]LCT-5'!AU21+'[4]LCT-6'!AU21+'[4]LCT-7'!AU21+'[4]LCT-8'!AU21+'[5]TB-1'!AU21+'[5]TB-2'!AU21+'[5]TB-3'!AU21+'[5]TB-4'!AU21+'[5]TB-5'!AU21+'[5]TB-6'!AU21+'[5]TB-7'!AU21+'[5]TB-8'!AU21+'[5]TB-9'!AU21+'[5]TB-10'!AU21+'[6]DSV-1'!AU21+'[6]DSV-2'!AU21+'[6]DSV-3'!AU21+'[7]TUB-1'!AU21+'[7]TUB-2'!AU21+'[8]Barge-1'!AU21+'[8]Barge-2'!AU21+'[8]Barge-3'!AU21+'[8]Barge-4'!AU21 -> 3068.8179 | G21: ='[2]AHTS-1'!BQ21+'[2]AHTS-2'!BQ21+'[2]AHTS-3'!BQ21+'[2]AHTS-4'!BQ21+'[2]AHTS-5'!BQ21+'[2]AHTS-6'!BQ21+'[2]AHTS-7'!BQ21+'[2]AHTS-8'!BQ21+'[3]CB-1'!BQ21+'[3]CB-2'!BQ21+'[3]CB-3'!BQ21+'[3]CB-4'!BQ21+'[3]CB-5'!BQ21+'[3]CB-6'!BQ21+'[3]CB-7'!BQ21+'[3]CB-8'!BQ21+'[3]CB-9'!BQ21+'[3]CB-10'!BQ21+'[3]CB-11'!BQ21+'[3]CB-12'!BQ21+'[3]CB-13'!BQ21+'[3]CB-14'!BQ21+'[3]CB-15'!BQ21+'[3]CB-16'!BQ21+'[3]CB-17'!BQ21+'[3]CB-18'!BQ21+'[3]CB-19'!BQ21+'[3]CB-20'!BQ21+'[3]CB-21'!BQ21+'[3]CB-22'!BQ21+'[3]CB-23'!BQ21+'[3]CB-24'!BQ21+'[4]LCT-1'!BQ21+'[4]LCT-2'!BQ21+'[4]LCT-3'!BQ21+'[4]LCT-4'!BQ21+'[4]LCT-5'!BQ21+'[4]LCT-6'!BQ21+'[4]LCT-7'!BQ21+'[4]LCT-8'!BQ21+'[5]TB-1'!BQ21+'[5]TB-2'!BQ21+'[5]TB-3'!BQ21+'[5]TB-4'!BQ21+'[5]TB-5'!BQ21+'[5]TB-6'!BQ21+'[5]TB-7'!BQ21+'[5]TB-8'!BQ21+'[5]TB-9'!BQ21+'[5]TB-10'!BQ21+'[6]DSV-1'!BQ21+'[6]DSV-2'!BQ21+'[6]DSV-3'!BQ21+'[7]TUB-1'!BQ21+'[7]TUB-2'!BQ21+'[8]Barge-1'!BQ21+'[8]Barge-2'!BQ21+'[8]Barge-3'!BQ21+'[8]Barge-4'!BQ21 -> 3064.8848 | H21: ='[2]AHTS-1'!CM21+'[2]AHTS-2'!CM21+'[2]AHTS-3'!CM21+'[2]AHTS-4'!CM21+'[2]AHTS-5'!CM21+'[2]AHTS-6'!CM21+'[2]AHTS-7'!CM21+'[2]AHTS-8'!CM21+'[3]CB-1'!CM21+'[3]CB-2'!CM21+'[3]CB-3'!CM21+'[3]CB-4'!CM21+'[3]CB-5'!CM21+'[3]CB-6'!CM21+'[3]CB-7'!CM21+'[3]CB-8'!CM21+'[3]CB-9'!CM21+'[3]CB-10'!CM21+'[3]CB-11'!CM21+'[3]CB-12'!CM21+'[3]CB-13'!CM21+'[3]CB-14'!CM21+'[3]CB-15'!CM21+'[3]CB-16'!CM21+'[3]CB-17'!CM21+'[3]CB-18'!CM21+'[3]CB-19'!CM21+'[3]CB-20'!CM21+'[3]CB-21'!CM21+'[3]CB-22'!CM21+'[3]CB-23'!CM21+'[3]CB-24'!CM21+'[4]LCT-1'!CM21+'[4]LCT-2'!CM21+'[4]LCT-3'!CM21+'[4]LCT-4'!CM21+'[4]LCT-5'!CM21+'[4]LCT-6'!CM21+'[4]LCT-7'!CM21+'[4]LCT-8'!CM21+'[5]TB-1'!CM21+'[5]TB-2'!CM21+'[5]TB-3'!CM21+'[5]TB-4'!CM21+'[5]TB-5'!CM21+'[5]TB-6'!CM21+'[5]TB-7'!CM21+'[5]TB-8'!CM21+'[5]TB-9'!CM21+'[5]TB-10'!CM21+'[6]DSV-1'!CM21+'[6]DSV-2'!CM21+'[6]DSV-3'!CM21+'[7]TUB-1'!CM21+'[7]TUB-2'!CM21+'[8]Barge-1'!CM21+'[8]Barge-2'!CM21+'[8]Barge-3'!CM21+'[8]Barge-4'!CM21 -> 0 | U21: =[1]Control!AZ21 -> 45996 | W21: ='[2]AHTS-1'!IA59+'[2]AHTS-2'!IA59+'[2]AHTS-3'!IA59+'[2]AHTS-4'!IA59+'[2]AHTS-5'!IA59+'[2]AHTS-6'!IA59+'[2]AHTS-7'!IA59+'[2]AHTS-8'!IA59+'[3]CB-1'!IA59+'[3]CB-2'!IA59+'[3]CB-3'!IA59+'[3]CB-4'!IA59+'[3]CB-5'!IA59+'[3]CB-6'!IA59+'[3]CB-7'!IA59+'[3]CB-8'!IA59+'[3]CB-9'!IA59+'[3]CB-10'!IA59+'[3]CB-11'!IA59+'[3]CB-12'!IA59+'[3]CB-13'!IA59+'[3]CB-14'!IA59+'[3]CB-15'!IA59+'[3]CB-16'!IA59+'[3]CB-17'!IA59+'[3]CB-18'!IA59+'[3]CB-19'!IA59+'[3]CB-20'!IA59+'[3]CB-21'!IA59+'[3]CB-22'!IA59+'[3]CB-23'!IA59+'[3]CB-24'!IA59+'[4]LCT-1'!IA59+'[4]LCT-2'!IA59+'[4]LCT-3'!IA59+'[4]LCT-4'!IA59+'[4]LCT-5'!IA59+'[4]LCT-6'!IA59+'[4]LCT-7'!IA59+'[4]LCT-8'!IA59+'[5]TB-1'!IA59+'[5]TB-2'!IA59+'[5]TB-3'!IA59+'[5]TB-4'!IA59+'[5]TB-5'!IA59+'[5]TB-6'!IA59+'[5]TB-7'!IA59+'[5]TB-8'!IA59+'[5]TB-9'!IA59+'[5]TB-10'!IA59+'[6]DSV-1'!IA59+'[6]DSV-2'!IA59+'[6]DSV-3'!IA59+'[7]TUB-1'!IA59+'[7]TUB-2'!IA59+'[8]Barge-1'!IA59+'[8]Barge-2'!IA59+'[8]Barge-3'!IA59+'[8]Barge-4'!IA59 -> 0 | X21: ='[2]AHTS-1'!IA21+'[2]AHTS-2'!IA21+'[2]AHTS-3'!IA21+'[2]AHTS-4'!IA21+'[2]AHTS-5'!IA21+'[2]AHTS-6'!IA21+'[2]AHTS-7'!IA21+'[2]AHTS-8'!IA21+'[3]CB-1'!IA21+'[3]CB-2'!IA21+'[3]CB-3'!IA21+'[3]CB-4'!IA21+'[3]CB-5'!IA21+'[3]CB-6'!IA21+'[3]CB-7'!IA21+'[3]CB-8'!IA21+'[3]CB-9'!IA21+'[3]CB-10'!IA21+'[3]CB-11'!IA21+'[3]CB-12'!IA21+'[3]CB-13'!IA21+'[3]CB-14'!IA21+'[3]CB-15'!IA21+'[3]CB-16'!IA21+'[3]CB-17'!IA21+'[3]CB-18'!IA21+'[3]CB-19'!IA21+'[3]CB-20'!IA21+'[3]CB-21'!IA21+'[3]CB-22'!IA21+'[3]CB-23'!IA21+'[3]CB-24'!IA21+'[4]LCT-1'!IA21+'[4]LCT-2'!IA21+'[4]LCT-3'!IA21+'[4]LCT-4'!IA21+'[4]LCT-5'!IA21+'[4]LCT-6'!IA21+'[4]LCT-7'!IA21+'[4]LCT-8'!IA21+'[5]TB-1'!IA21+'[5]TB-2'!IA21+'[5]TB-3'!IA21+'[5]TB-4'!IA21+'[5]TB-5'!IA21+'[5]TB-6'!IA21+'[5]TB-7'!IA21+'[5]TB-8'!IA21+'[5]TB-9'!IA21+'[5]TB-10'!IA21+'[6]DSV-1'!IA21+'[6]DSV-2'!IA21+'[6]DSV-3'!IA21+'[7]TUB-1'!IA21+'[7]TUB-2'!IA21+'[8]Barge-1'!IA21+'[8]Barge-2'!IA21+'[8]Barge-3'!IA21+'[8]Barge-4'!IA21 -> 0 | Y21: ='[2]AHTS-1'!IA92+'[2]AHTS-2'!IA92+'[2]AHTS-3'!IA92+'[2]AHTS-4'!IA92+'[2]AHTS-5'!IA92+'[2]AHTS-6'!IA92+'[2]AHTS-7'!IA92+'[2]AHTS-8'!IA92+'[3]CB-1'!IA92+'[3]CB-2'!IA92+'[3]CB-3'!IA92+'[3]CB-4'!IA92+'[3]CB-5'!IA92+'[3]CB-6'!IA92+'[3]CB-7'!IA92+'[3]CB-8'!IA92+'[3]CB-9'!IA92+'[3]CB-10'!IA92+'[3]CB-11'!IA92+'[3]CB-12'!IA92+'[3]CB-13'!IA92+'[3]CB-14'!IA92+'[3]CB-15'!IA92+'[3]CB-16'!IA92+'[3]CB-17'!IA92+'[3]CB-18'!IA92+'[3]CB-19'!IA92+'[3]CB-20'!IA92+'[3]CB-21'!IA92+'[3]CB-22'!IA92+'[3]CB-23'!IA92+'[3]CB-24'!IA92+'[4]LCT-1'!IA92+'[4]LCT-2'!IA92+'[4]LCT-3'!IA92+'[4]LCT-4'!IA92+'[4]LCT-5'!IA92+'[4]LCT-6'!IA92+'[4]LCT-7'!IA92+'[4]LCT-8'!IA92+'[5]TB-1'!IA92+'[5]TB-2'!IA92+'[5]TB-3'!IA92+'[5]TB-4'!IA92+'[5]TB-5'!IA92+'[5]TB-6'!IA92+'[5]TB-7'!IA92+'[5]TB-8'!IA92+'[5]TB-9'!IA92+'[5]TB-10'!IA92+'[6]DSV-1'!IA92+'[6]DSV-2'!IA92+'[6]DSV-3'!IA92+'[7]TUB-1'!IA92+'[7]TUB-2'!IA92+'[8]Barge-1'!IA92+'[8]Barge-2'!IA92+'[8]Barge-3'!IA92+'[8]Barge-4'!IA92 -> 0 | Z21: ='[2]AHTS-1'!IB59+'[2]AHTS-2'!IB59+'[2]AHTS-3'!IB59+'[2]AHTS-4'!IB59+'[2]AHTS-5'!IB59+'[2]AHTS-6'!IB59+'[2]AHTS-7'!IB59+'[2]AHTS-8'!IB59+'[3]CB-1'!IB59+'[3]CB-2'!IB59+'[3]CB-3'!IB59+'[3]CB-4'!IB59+'[3]CB-5'!IB59+'[3]CB-6'!IB59+'[3]CB-7'!IB59+'[3]CB-8'!IB59+'[3]CB-9'!IB59+'[3]CB-10'!IB59+'[3]CB-11'!IB59+'[3]CB-12'!IB59+'[3]CB-13'!IB59+'[3]CB-14'!IB59+'[3]CB-15'!IB59+'[3]CB-16'!IB59+'[3]CB-17'!IB59+'[3]CB-18'!IB59+'[3]CB-19'!IB59+'[3]CB-20'!IB59+'[3]CB-21'!IB59+'[3]CB-22'!IB59+'[3]CB-23'!IB59+'[3]CB-24'!IB59+'[4]LCT-1'!IB59+'[4]LCT-2'!IB59+'[4]LCT-3'!IB59+'[4]LCT-4'!IB59+'[4]LCT-5'!IB59+'[4]LCT-6'!IB59+'[4]LCT-7'!IB59+'[4]LCT-8'!IB59+'[5]TB-1'!IB59+'[5]TB-2'!IB59+'[5]TB-3'!IB59+'[5]TB-4'!IB59+'[5]TB-5'!IB59+'[5]TB-6'!IB59+'[5]TB-7'!IB59+'[5]TB-8'!IB59+'[5]TB-9'!IB59+'[5]TB-10'!IB59+'[6]DSV-1'!IB59+'[6]DSV-2'!IB59+'[6]DSV-3'!IB59+'[7]TUB-1'!IB59+'[7]TUB-2'!IB59+'[8]Barge-1'!IB59+'[8]Barge-2'!IB59+'[8]Barge-3'!IB59+'[8]Barge-4'!IB59 -> 48336950 | AA21: ='[2]AHTS-1'!IB21+'[2]AHTS-2'!IB21+'[2]AHTS-3'!IB21+'[2]AHTS-4'!IB21+'[2]AHTS-5'!IB21+'[2]AHTS-6'!IB21+'[2]AHTS-7'!IB21+'[2]AHTS-8'!IB21+'[3]CB-1'!IB21+'[3]CB-2'!IB21+'[3]CB-3'!IB21+'[3]CB-4'!IB21+'[3]CB-5'!IB21+'[3]CB-6'!IB21+'[3]CB-7'!IB21+'[3]CB-8'!IB21+'[3]CB-9'!IB21+'[3]CB-10'!IB21+'[3]CB-11'!IB21+'[3]CB-12'!IB21+'[3]CB-13'!IB21+'[3]CB-14'!IB21+'[3]CB-15'!IB21+'[3]CB-16'!IB21+'[3]CB-17'!IB21+'[3]CB-18'!IB21+'[3]CB-19'!IB21+'[3]CB-20'!IB21+'[3]CB-21'!IB21+'[3]CB-22'!IB21+'[3]CB-23'!IB21+'[3]CB-24'!IB21+'[4]LCT-1'!IB21+'[4]LCT-2'!IB21+'[4]LCT-3'!IB21+'[4]LCT-4'!IB21+'[4]LCT-5'!IB21+'[4]LCT-6'!IB21+'[4]LCT-7'!IB21+'[4]LCT-8'!IB21+'[5]TB-1'!IB21+'[5]TB-2'!IB21+'[5]TB-3'!IB21+'[5]TB-4'!IB21+'[5]TB-5'!IB21+'[5]TB-6'!IB21+'[5]TB-7'!IB21+'[5]TB-8'!IB21+'[5]TB-9'!IB21+'[5]TB-10'!IB21+'[6]DSV-1'!IB21+'[6]DSV-2'!IB21+'[6]DSV-3'!IB21+'[7]TUB-1'!IB21+'[7]TUB-2'!IB21+'[8]Barge-1'!IB21+'[8]Barge-2'!IB21+'[8]Barge-3'!IB21+'[8]Barge-4'!IB21 -> 48275000 | AB21: ='[2]AHTS-1'!IB92+'[2]AHTS-2'!IB92+'[2]AHTS-3'!IB92+'[2]AHTS-4'!IB92+'[2]AHTS-5'!IB92+'[2]AHTS-6'!IB92+'[2]AHTS-7'!IB92+'[2]AHTS-8'!IB92+'[3]CB-1'!IB92+'[3]CB-2'!IB92+'[3]CB-3'!IB92+'[3]CB-4'!IB92+'[3]CB-5'!IB92+'[3]CB-6'!IB92+'[3]CB-7'!IB92+'[3]CB-8'!IB92+'[3]CB-9'!IB92+'[3]CB-10'!IB92+'[3]CB-11'!IB92+'[3]CB-12'!IB92+'[3]CB-13'!IB92+'[3]CB-14'!IB92+'[3]CB-15'!IB92+'[3]CB-16'!IB92+'[3]CB-17'!IB92+'[3]CB-18'!IB92+'[3]CB-19'!IB92+'[3]CB-20'!IB92+'[3]CB-21'!IB92+'[3]CB-22'!IB92+'[3]CB-23'!IB92+'[3]CB-24'!IB92+'[4]LCT-1'!IB92+'[4]LCT-2'!IB92+'[4]LCT-3'!IB92+'[4]LCT-4'!IB92+'[4]LCT-5'!IB92+'[4]LCT-6'!IB92+'[4]LCT-7'!IB92+'[4]LCT-8'!IB92+'[5]TB-1'!IB92+'[5]TB-2'!IB92+'[5]TB-3'!IB92+'[5]TB-4'!IB92+'[5]TB-5'!IB92+'[5]TB-6'!IB92+'[5]TB-7'!IB92+'[5]TB-8'!IB92+'[5]TB-9'!IB92+'[5]TB-10'!IB92+'[6]DSV-1'!IB92+'[6]DSV-2'!IB92+'[6]DSV-3'!IB92+'[7]TUB-1'!IB92+'[7]TUB-2'!IB92+'[8]Barge-1'!IB92+'[8]Barge-2'!IB92+'[8]Barge-3'!IB92+'[8]Barge-4'!IB92 -> 0
A22: =[1]Control!AZ22 -> 45997 | C22: ='[2]AHTS-1'!AT22+'[2]AHTS-2'!AT22+'[2]AHTS-3'!AT22+'[2]AHTS-4'!AT22+'[2]AHTS-5'!AT22+'[2]AHTS-6'!AT22+'[2]AHTS-7'!AT22+'[2]AHTS-8'!AT22+'[3]CB-1'!AT22+'[3]CB-2'!AT22+'[3]CB-3'!AT22+'[3]CB-4'!AT22+'[3]CB-5'!AT22+'[3]CB-6'!AT22+'[3]CB-7'!AT22+'[3]CB-8'!AT22+'[3]CB-9'!AT22+'[3]CB-10'!AT22+'[3]CB-11'!AT22+'[3]CB-12'!AT22+'[3]CB-13'!AT22+'[3]CB-14'!AT22+'[3]CB-15'!AT22+'[3]CB-16'!AT22+'[3]CB-17'!AT22+'[3]CB-18'!AT22+'[3]CB-19'!AT22+'[3]CB-20'!AT22+'[3]CB-21'!AT22+'[3]CB-22'!AT22+'[3]CB-23'!AT22+'[3]CB-24'!AT22+'[4]LCT-1'!AT22+'[4]LCT-2'!AT22+'[4]LCT-3'!AT22+'[4]LCT-4'!AT22+'[4]LCT-5'!AT22+'[4]LCT-6'!AT22+'[4]LCT-7'!AT22+'[4]LCT-8'!AT22+'[5]TB-1'!AT22+'[5]TB-2'!AT22+'[5]TB-3'!AT22+'[5]TB-4'!AT22+'[5]TB-5'!AT22+'[5]TB-6'!AT22+'[5]TB-7'!AT22+'[5]TB-8'!AT22+'[5]TB-9'!AT22+'[5]TB-10'!AT22+'[6]DSV-1'!AT22+'[6]DSV-2'!AT22+'[6]DSV-3'!AT22+'[7]TUB-1'!AT22+'[7]TUB-2'!AT22+'[8]Barge-1'!AT22+'[8]Barge-2'!AT22+'[8]Barge-3'!AT22+'[8]Barge-4'!AT22 -> 0 | D22: ='[2]AHTS-1'!BP22+'[2]AHTS-2'!BP22+'[2]AHTS-3'!BP22+'[2]AHTS-4'!BP22+'[2]AHTS-5'!BP22+'[2]AHTS-6'!BP22+'[2]AHTS-7'!BP22+'[2]AHTS-8'!BP22+'[3]CB-1'!BP22+'[3]CB-2'!BP22+'[3]CB-3'!BP22+'[3]CB-4'!BP22+'[3]CB-5'!BP22+'[3]CB-6'!BP22+'[3]CB-7'!BP22+'[3]CB-8'!BP22+'[3]CB-9'!BP22+'[3]CB-10'!BP22+'[3]CB-11'!BP22+'[3]CB-12'!BP22+'[3]CB-13'!BP22+'[3]CB-14'!BP22+'[3]CB-15'!BP22+'[3]CB-16'!BP22+'[3]CB-17'!BP22+'[3]CB-18'!BP22+'[3]CB-19'!BP22+'[3]CB-20'!BP22+'[3]CB-21'!BP22+'[3]CB-22'!BP22+'[3]CB-23'!BP22+'[3]CB-24'!BP22+'[4]LCT-1'!BP22+'[4]LCT-2'!BP22+'[4]LCT-3'!BP22+'[4]LCT-4'!BP22+'[4]LCT-5'!BP22+'[4]LCT-6'!BP22+'[4]LCT-7'!BP22+'[4]LCT-8'!BP22+'[5]TB-1'!BP22+'[5]TB-2'!BP22+'[5]TB-3'!BP22+'[5]TB-4'!BP22+'[5]TB-5'!BP22+'[5]TB-6'!BP22+'[5]TB-7'!BP22+'[5]TB-8'!BP22+'[5]TB-9'!BP22+'[5]TB-10'!BP22+'[6]DSV-1'!BP22+'[6]DSV-2'!BP22+'[6]DSV-3'!BP22+'[7]TUB-1'!BP22+'[7]TUB-2'!BP22+'[8]Barge-1'!BP22+'[8]Barge-2'!BP22+'[8]Barge-3'!BP22+'[8]Barge-4'!BP22 -> 0 | E22: ='[2]AHTS-1'!CL22+'[2]AHTS-2'!CL22+'[2]AHTS-3'!CL22+'[2]AHTS-4'!CL22+'[2]AHTS-5'!CL22+'[2]AHTS-6'!CL22+'[2]AHTS-7'!CL22+'[2]AHTS-8'!CL22+'[3]CB-1'!CL22+'[3]CB-2'!CL22+'[3]CB-3'!CL22+'[3]CB-4'!CL22+'[3]CB-5'!CL22+'[3]CB-6'!CL22+'[3]CB-7'!CL22+'[3]CB-8'!CL22+'[3]CB-9'!CL22+'[3]CB-10'!CL22+'[3]CB-11'!CL22+'[3]CB-12'!CL22+'[3]CB-13'!CL22+'[3]CB-14'!CL22+'[3]CB-15'!CL22+'[3]CB-16'!CL22+'[3]CB-17'!CL22+'[3]CB-18'!CL22+'[3]CB-19'!CL22+'[3]CB-20'!CL22+'[3]CB-21'!CL22+'[3]CB-22'!CL22+'[3]CB-23'!CL22+'[3]CB-24'!CL22+'[4]LCT-1'!CL22+'[4]LCT-2'!CL22+'[4]LCT-3'!CL22+'[4]LCT-4'!CL22+'[4]LCT-5'!CL22+'[4]LCT-6'!CL22+'[4]LCT-7'!CL22+'[4]LCT-8'!CL22+'[5]TB-1'!CL22+'[5]TB-2'!CL22+'[5]TB-3'!CL22+'[5]TB-4'!CL22+'[5]TB-5'!CL22+'[5]TB-6'!CL22+'[5]TB-7'!CL22+'[5]TB-8'!CL22+'[5]TB-9'!CL22+'[5]TB-10'!CL22+'[6]DSV-1'!CL22+'[6]DSV-2'!CL22+'[6]DSV-3'!CL22+'[7]TUB-1'!CL22+'[7]TUB-2'!CL22+'[8]Barge-1'!CL22+'[8]Barge-2'!CL22+'[8]Barge-3'!CL22+'[8]Barge-4'!CL22 -> 0 | F22: ='[2]AHTS-1'!AU22+'[2]AHTS-2'!AU22+'[2]AHTS-3'!AU22+'[2]AHTS-4'!AU22+'[2]AHTS-5'!AU22+'[2]AHTS-6'!AU22+'[2]AHTS-7'!AU22+'[2]AHTS-8'!AU22+'[3]CB-1'!AU22+'[3]CB-2'!AU22+'[3]CB-3'!AU22+'[3]CB-4'!AU22+'[3]CB-5'!AU22+'[3]CB-6'!AU22+'[3]CB-7'!AU22+'[3]CB-8'!AU22+'[3]CB-9'!AU22+'[3]CB-10'!AU22+'[3]CB-11'!AU22+'[3]CB-12'!AU22+'[3]CB-13'!AU22+'[3]CB-14'!AU22+'[3]CB-15'!AU22+'[3]CB-16'!AU22+'[3]CB-17'!AU22+'[3]CB-18'!AU22+'[3]CB-19'!AU22+'[3]CB-20'!AU22+'[3]CB-21'!AU22+'[3]CB-22'!AU22+'[3]CB-23'!AU22+'[3]CB-24'!AU22+'[4]LCT-1'!AU22+'[4]LCT-2'!AU22+'[4]LCT-3'!AU22+'[4]LCT-4'!AU22+'[4]LCT-5'!AU22+'[4]LCT-6'!AU22+'[4]LCT-7'!AU22+'[4]LCT-8'!AU22+'[5]TB-1'!AU22+'[5]TB-2'!AU22+'[5]TB-3'!AU22+'[5]TB-4'!AU22+'[5]TB-5'!AU22+'[5]TB-6'!AU22+'[5]TB-7'!AU22+'[5]TB-8'!AU22+'[5]TB-9'!AU22+'[5]TB-10'!AU22+'[6]DSV-1'!AU22+'[6]DSV-2'!AU22+'[6]DSV-3'!AU22+'[7]TUB-1'!AU22+'[7]TUB-2'!AU22+'[8]Barge-1'!AU22+'[8]Barge-2'!AU22+'[8]Barge-3'!AU22+'[8]Barge-4'!AU22 -> 2420.5537 | G22: ='[2]AHTS-1'!BQ22+'[2]AHTS-2'!BQ22+'[2]AHTS-3'!BQ22+'[2]AHTS-4'!BQ22+'[2]AHTS-5'!BQ22+'[2]AHTS-6'!BQ22+'[2]AHTS-7'!BQ22+'[2]AHTS-8'!BQ22+'[3]CB-1'!BQ22+'[3]CB-2'!BQ22+'[3]CB-3'!BQ22+'[3]CB-4'!BQ22+'[3]CB-5'!BQ22+'[3]CB-6'!BQ22+'[3]CB-7'!BQ22+'[3]CB-8'!BQ22+'[3]CB-9'!BQ22+'[3]CB-10'!BQ22+'[3]CB-11'!BQ22+'[3]CB-12'!BQ22+'[3]CB-13'!BQ22+'[3]CB-14'!BQ22+'[3]CB-15'!BQ22+'[3]CB-16'!BQ22+'[3]CB-17'!BQ22+'[3]CB-18'!BQ22+'[3]CB-19'!BQ22+'[3]CB-20'!BQ22+'[3]CB-21'!BQ22+'[3]CB-22'!BQ22+'[3]CB-23'!BQ22+'[3]CB-24'!BQ22+'[4]LCT-1'!BQ22+'[4]LCT-2'!BQ22+'[4]LCT-3'!BQ22+'[4]LCT-4'!BQ22+'[4]LCT-5'!BQ22+'[4]LCT-6'!BQ22+'[4]LCT-7'!BQ22+'[4]LCT-8'!BQ22+'[5]TB-1'!BQ22+'[5]TB-2'!BQ22+'[5]TB-3'!BQ22+'[5]TB-4'!BQ22+'[5]TB-5'!BQ22+'[5]TB-6'!BQ22+'[5]TB-7'!BQ22+'[5]TB-8'!BQ22+'[5]TB-9'!BQ22+'[5]TB-10'!BQ22+'[6]DSV-1'!BQ22+'[6]DSV-2'!BQ22+'[6]DSV-3'!BQ22+'[7]TUB-1'!BQ22+'[7]TUB-2'!BQ22+'[8]Barge-1'!BQ22+'[8]Barge-2'!BQ22+'[8]Barge-3'!BQ22+'[8]Barge-4'!BQ22 -> 2564.5905 | H22: ='[2]AHTS-1'!CM22+'[2]AHTS-2'!CM22+'[2]AHTS-3'!CM22+'[2]AHTS-4'!CM22+'[2]AHTS-5'!CM22+'[2]AHTS-6'!CM22+'[2]AHTS-7'!CM22+'[2]AHTS-8'!CM22+'[3]CB-1'!CM22+'[3]CB-2'!CM22+'[3]CB-3'!CM22+'[3]CB-4'!CM22+'[3]CB-5'!CM22+'[3]CB-6'!CM22+'[3]CB-7'!CM22+'[3]CB-8'!CM22+'[3]CB-9'!CM22+'[3]CB-10'!CM22+'[3]CB-11'!CM22+'[3]CB-12'!CM22+'[3]CB-13'!CM22+'[3]CB-14'!CM22+'[3]CB-15'!CM22+'[3]CB-16'!CM22+'[3]CB-17'!CM22+'[3]CB-18'!CM22+'[3]CB-19'!CM22+'[3]CB-20'!CM22+'[3]CB-21'!CM22+'[3]CB-22'!CM22+'[3]CB-23'!CM22+'[3]CB-24'!CM22+'[4]LCT-1'!CM22+'[4]LCT-2'!CM22+'[4]LCT-3'!CM22+'[4]LCT-4'!CM22+'[4]LCT-5'!CM22+'[4]LCT-6'!CM22+'[4]LCT-7'!CM22+'[4]LCT-8'!CM22+'[5]TB-1'!CM22+'[5]TB-2'!CM22+'[5]TB-3'!CM22+'[5]TB-4'!CM22+'[5]TB-5'!CM22+'[5]TB-6'!CM22+'[5]TB-7'!CM22+'[5]TB-8'!CM22+'[5]TB-9'!CM22+'[5]TB-10'!CM22+'[6]DSV-1'!CM22+'[6]DSV-2'!CM22+'[6]DSV-3'!CM22+'[7]TUB-1'!CM22+'[7]TUB-2'!CM22+'[8]Barge-1'!CM22+'[8]Barge-2'!CM22+'[8]Barge-3'!CM22+'[8]Barge-4'!CM22 -> 0 | U22: =[1]Control!AZ22 -> 45997 | W22: ='[2]AHTS-1'!IA60+'[2]AHTS-2'!IA60+'[2]AHTS-3'!IA60+'[2]AHTS-4'!IA60+'[2]AHTS-5'!IA60+'[2]AHTS-6'!IA60+'[2]AHTS-7'!IA60+'[2]AHTS-8'!IA60+'[3]CB-1'!IA60+'[3]CB-2'!IA60+'[3]CB-3'!IA60+'[3]CB-4'!IA60+'[3]CB-5'!IA60+'[3]CB-6'!IA60+'[3]CB-7'!IA60+'[3]CB-8'!IA60+'[3]CB-9'!IA60+'[3]CB-10'!IA60+'[3]CB-11'!IA60+'[3]CB-12'!IA60+'[3]CB-13'!IA60+'[3]CB-14'!IA60+'[3]CB-15'!IA60+'[3]CB-16'!IA60+'[3]CB-17'!IA60+'[3]CB-18'!IA60+'[3]CB-19'!IA60+'[3]CB-20'!IA60+'[3]CB-21'!IA60+'[3]CB-22'!IA60+'[3]CB-23'!IA60+'[3]CB-24'!IA60+'[4]LCT-1'!IA60+'[4]LCT-2'!IA60+'[4]LCT-3'!IA60+'[4]LCT-4'!IA60+'[4]LCT-5'!IA60+'[4]LCT-6'!IA60+'[4]LCT-7'!IA60+'[4]LCT-8'!IA60+'[5]TB-1'!IA60+'[5]TB-2'!IA60+'[5]TB-3'!IA60+'[5]TB-4'!IA60+'[5]TB-5'!IA60+'[5]TB-6'!IA60+'[5]TB-7'!IA60+'[5]TB-8'!IA60+'[5]TB-9'!IA60+'[5]TB-10'!IA60+'[6]DSV-1'!IA60+'[6]DSV-2'!IA60+'[6]DSV-3'!IA60+'[7]TUB-1'!IA60+'[7]TUB-2'!IA60+'[8]Barge-1'!IA60+'[8]Barge-2'!IA60+'[8]Barge-3'!IA60+'[8]Barge-4'!IA60 -> 0 | X22: ='[2]AHTS-1'!IA22+'[2]AHTS-2'!IA22+'[2]AHTS-3'!IA22+'[2]AHTS-4'!IA22+'[2]AHTS-5'!IA22+'[2]AHTS-6'!IA22+'[2]AHTS-7'!IA22+'[2]AHTS-8'!IA22+'[3]CB-1'!IA22+'[3]CB-2'!IA22+'[3]CB-3'!IA22+'[3]CB-4'!IA22+'[3]CB-5'!IA22+'[3]CB-6'!IA22+'[3]CB-7'!IA22+'[3]CB-8'!IA22+'[3]CB-9'!IA22+'[3]CB-10'!IA22+'[3]CB-11'!IA22+'[3]CB-12'!IA22+'[3]CB-13'!IA22+'[3]CB-14'!IA22+'[3]CB-15'!IA22+'[3]CB-16'!IA22+'[3]CB-17'!IA22+'[3]CB-18'!IA22+'[3]CB-19'!IA22+'[3]CB-20'!IA22+'[3]CB-21'!IA22+'[3]CB-22'!IA22+'[3]CB-23'!IA22+'[3]CB-24'!IA22+'[4]LCT-1'!IA22+'[4]LCT-2'!IA22+'[4]LCT-3'!IA22+'[4]LCT-4'!IA22+'[4]LCT-5'!IA22+'[4]LCT-6'!IA22+'[4]LCT-7'!IA22+'[4]LCT-8'!IA22+'[5]TB-1'!IA22+'[5]TB-2'!IA22+'[5]TB-3'!IA22+'[5]TB-4'!IA22+'[5]TB-5'!IA22+'[5]TB-6'!IA22+'[5]TB-7'!IA22+'[5]TB-8'!IA22+'[5]TB-9'!IA22+'[5]TB-10'!IA22+'[6]DSV-1'!IA22+'[6]DSV-2'!IA22+'[6]DSV-3'!IA22+'[7]TUB-1'!IA22+'[7]TUB-2'!IA22+'[8]Barge-1'!IA22+'[8]Barge-2'!IA22+'[8]Barge-3'!IA22+'[8]Barge-4'!IA22 -> 0 | Y22: ='[2]AHTS-1'!IA93+'[2]AHTS-2'!IA93+'[2]AHTS-3'!IA93+'[2]AHTS-4'!IA93+'[2]AHTS-5'!IA93+'[2]AHTS-6'!IA93+'[2]AHTS-7'!IA93+'[2]AHTS-8'!IA93+'[3]CB-1'!IA93+'[3]CB-2'!IA93+'[3]CB-3'!IA93+'[3]CB-4'!IA93+'[3]CB-5'!IA93+'[3]CB-6'!IA93+'[3]CB-7'!IA93+'[3]CB-8'!IA93+'[3]CB-9'!IA93+'[3]CB-10'!IA93+'[3]CB-11'!IA93+'[3]CB-12'!IA93+'[3]CB-13'!IA93+'[3]CB-14'!IA93+'[3]CB-15'!IA93+'[3]CB-16'!IA93+'[3]CB-17'!IA93+'[3]CB-18'!IA93+'[3]CB-19'!IA93+'[3]CB-20'!IA93+'[3]CB-21'!IA93+'[3]CB-22'!IA93+'[3]CB-23'!IA93+'[3]CB-24'!IA93+'[4]LCT-1'!IA93+'[4]LCT-2'!IA93+'[4]LCT-3'!IA93+'[4]LCT-4'!IA93+'[4]LCT-5'!IA93+'[4]LCT-6'!IA93+'[4]LCT-7'!IA93+'[4]LCT-8'!IA93+'[5]TB-1'!IA93+'[5]TB-2'!IA93+'[5]TB-3'!IA93+'[5]TB-4'!IA93+'[5]TB-5'!IA93+'[5]TB-6'!IA93+'[5]TB-7'!IA93+'[5]TB-8'!IA93+'[5]TB-9'!IA93+'[5]TB-10'!IA93+'[6]DSV-1'!IA93+'[6]DSV-2'!IA93+'[6]DSV-3'!IA93+'[7]TUB-1'!IA93+'[7]TUB-2'!IA93+'[8]Barge-1'!IA93+'[8]Barge-2'!IA93+'[8]Barge-3'!IA93+'[8]Barge-4'!IA93 -> 0 | Z22: ='[2]AHTS-1'!IB60+'[2]AHTS-2'!IB60+'[2]AHTS-3'!IB60+'[2]AHTS-4'!IB60+'[2]AHTS-5'!IB60+'[2]AHTS-6'!IB60+'[2]AHTS-7'!IB60+'[2]AHTS-8'!IB60+'[3]CB-1'!IB60+'[3]CB-2'!IB60+'[3]CB-3'!IB60+'[3]CB-4'!IB60+'[3]CB-5'!IB60+'[3]CB-6'!IB60+'[3]CB-7'!IB60+'[3]CB-8'!IB60+'[3]CB-9'!IB60+'[3]CB-10'!IB60+'[3]CB-11'!IB60+'[3]CB-12'!IB60+'[3]CB-13'!IB60+'[3]CB-14'!IB60+'[3]CB-15'!IB60+'[3]CB-16'!IB60+'[3]CB-17'!IB60+'[3]CB-18'!IB60+'[3]CB-19'!IB60+'[3]CB-20'!IB60+'[3]CB-21'!IB60+'[3]CB-22'!IB60+'[3]CB-23'!IB60+'[3]CB-24'!IB60+'[4]LCT-1'!IB60+'[4]LCT-2'!IB60+'[4]LCT-3'!IB60+'[4]LCT-4'!IB60+'[4]LCT-5'!IB60+'[4]LCT-6'!IB60+'[4]LCT-7'!IB60+'[4]LCT-8'!IB60+'[5]TB-1'!IB60+'[5]TB-2'!IB60+'[5]TB-3'!IB60+'[5]TB-4'!IB60+'[5]TB-5'!IB60+'[5]TB-6'!IB60+'[5]TB-7'!IB60+'[5]TB-8'!IB60+'[5]TB-9'!IB60+'[5]TB-10'!IB60+'[6]DSV-1'!IB60+'[6]DSV-2'!IB60+'[6]DSV-3'!IB60+'[7]TUB-1'!IB60+'[7]TUB-2'!IB60+'[8]Barge-1'!IB60+'[8]Barge-2'!IB60+'[8]Barge-3'!IB60+'[8]Barge-4'!IB60 -> 38162450 | AA22: ='[2]AHTS-1'!IB22+'[2]AHTS-2'!IB22+'[2]AHTS-3'!IB22+'[2]AHTS-4'!IB22+'[2]AHTS-5'!IB22+'[2]AHTS-6'!IB22+'[2]AHTS-7'!IB22+'[2]AHTS-8'!IB22+'[3]CB-1'!IB22+'[3]CB-2'!IB22+'[3]CB-3'!IB22+'[3]CB-4'!IB22+'[3]CB-5'!IB22+'[3]CB-6'!IB22+'[3]CB-7'!IB22+'[3]CB-8'!IB22+'[3]CB-9'!IB22+'[3]CB-10'!IB22+'[3]CB-11'!IB22+'[3]CB-12'!IB22+'[3]CB-13'!IB22+'[3]CB-14'!IB22+'[3]CB-15'!IB22+'[3]CB-16'!IB22+'[3]CB-17'!IB22+'[3]CB-18'!IB22+'[3]CB-19'!IB22+'[3]CB-20'!IB22+'[3]CB-21'!IB22+'[3]CB-22'!IB22+'[3]CB-23'!IB22+'[3]CB-24'!IB22+'[4]LCT-1'!IB22+'[4]LCT-2'!IB22+'[4]LCT-3'!IB22+'[4]LCT-4'!IB22+'[4]LCT-5'!IB22+'[4]LCT-6'!IB22+'[4]LCT-7'!IB22+'[4]LCT-8'!IB22+'[5]TB-1'!IB22+'[5]TB-2'!IB22+'[5]TB-3'!IB22+'[5]TB-4'!IB22+'[5]TB-5'!IB22+'[5]TB-6'!IB22+'[5]TB-7'!IB22+'[5]TB-8'!IB22+'[5]TB-9'!IB22+'[5]TB-10'!IB22+'[6]DSV-1'!IB22+'[6]DSV-2'!IB22+'[6]DSV-3'!IB22+'[7]TUB-1'!IB22+'[7]TUB-2'!IB22+'[8]Barge-1'!IB22+'[8]Barge-2'!IB22+'[8]Barge-3'!IB22+'[8]Barge-4'!IB22 -> 40433333 | AB22: ='[2]AHTS-1'!IB93+'[2]AHTS-2'!IB93+'[2]AHTS-3'!IB93+'[2]AHTS-4'!IB93+'[2]AHTS-5'!IB93+'[2]AHTS-6'!IB93+'[2]AHTS-7'!IB93+'[2]AHTS-8'!IB93+'[3]CB-1'!IB93+'[3]CB-2'!IB93+'[3]CB-3'!IB93+'[3]CB-4'!IB93+'[3]CB-5'!IB93+'[3]CB-6'!IB93+'[3]CB-7'!IB93+'[3]CB-8'!IB93+'[3]CB-9'!IB93+'[3]CB-10'!IB93+'[3]CB-11'!IB93+'[3]CB-12'!IB93+'[3]CB-13'!IB93+'[3]CB-14'!IB93+'[3]CB-15'!IB93+'[3]CB-16'!IB93+'[3]CB-17'!IB93+'[3]CB-18'!IB93+'[3]CB-19'!IB93+'[3]CB-20'!IB93+'[3]CB-21'!IB93+'[3]CB-22'!IB93+'[3]CB-23'!IB93+'[3]CB-24'!IB93+'[4]LCT-1'!IB93+'[4]LCT-2'!IB93+'[4]LCT-3'!IB93+'[4]LCT-4'!IB93+'[4]LCT-5'!IB93+'[4]LCT-6'!IB93+'[4]LCT-7'!IB93+'[4]LCT-8'!IB93+'[5]TB-1'!IB93+'[5]TB-2'!IB93+'[5]TB-3'!IB93+'[5]TB-4'!IB93+'[5]TB-5'!IB93+'[5]TB-6'!IB93+'[5]TB-7'!IB93+'[5]TB-8'!IB93+'[5]TB-9'!IB93+'[5]TB-10'!IB93+'[6]DSV-1'!IB93+'[6]DSV-2'!IB93+'[6]DSV-3'!IB93+'[7]TUB-1'!IB93+'[7]TUB-2'!IB93+'[8]Barge-1'!IB93+'[8]Barge-2'!IB93+'[8]Barge-3'!IB93+'[8]Barge-4'!IB93 -> 0
... A41: =[1]Control!AZ41 -> - | C41: ='[2]AHTS-1'!AT41+'[2]AHTS-2'!AT41+'[2]AHTS-3'!AT41+'[2]AHTS-4'!AT41+'[2]AHTS-5'!AT41+'[2]AHTS-6'!AT41+'[2]AHTS-7'!AT41+'[2]AHTS-8'!AT41+'[3]CB-1'!AT41+'[3]CB-2'!AT41+'[3]CB-3'!AT41+'[3]CB-4'!AT41+'[3]CB-5'!AT41+'[3]CB-6'!AT41+'[3]CB-7'!AT41+'[3]CB-8'!AT41+'[3]CB-9'!AT41+'[3]CB-10'!AT41+'[3]CB-11'!AT41+'[3]CB-12'!AT41+'[3]CB-13'!AT41+'[3]CB-14'!AT41+'[3]CB-15'!AT41+'[3]CB-16'!AT41+'[3]CB-17'!AT41+'[3]CB-18'!AT41+'[3]CB-19'!AT41+'[3]CB-20'!AT41+'[3]CB-21'!AT41+'[3]CB-22'!AT41+'[3]CB-23'!AT41+'[3]CB-24'!AT41+'[4]LCT-1'!AT41+'[4]LCT-2'!AT41+'[4]LCT-3'!AT41+'[4]LCT-4'!AT41+'[4]LCT-5'!AT41+'[4]LCT-6'!AT41+'[4]LCT-7'!AT41+'[4]LCT-8'!AT41+'[5]TB-1'!AT41+'[5]TB-2'!AT41+'[5]TB-3'!AT41+'[5]TB-4'!AT41+'[5]TB-5'!AT41+'[5]TB-6'!AT41+'[5]TB-7'!AT41+'[5]TB-8'!AT41+'[5]TB-9'!AT41+'[5]TB-10'!AT41+'[6]DSV-1'!AT41+'[6]DSV-2'!AT41+'[6]DSV-3'!AT41+'[7]TUB-1'!AT41+'[7]TUB-2'!AT41+'[8]Barge-1'!AT41+'[8]Barge-2'!AT41+'[8]Barge-3'!AT41+'[8]Barge-4'!AT41 -> 0 | D41: ='[2]AHTS-1'!BP41+'[2]AHTS-2'!BP41+'[2]AHTS-3'!BP41+'[2]AHTS-4'!BP41+'[2]AHTS-5'!BP41+'[2]AHTS-6'!BP41+'[2]AHTS-7'!BP41+'[2]AHTS-8'!BP41+'[3]CB-1'!BP41+'[3]CB-2'!BP41+'[3]CB-3'!BP41+'[3]CB-4'!BP41+'[3]CB-5'!BP41+'[3]CB-6'!BP41+'[3]CB-7'!BP41+'[3]CB-8'!BP41+'[3]CB-9'!BP41+'[3]CB-10'!BP41+'[3]CB-11'!BP41+'[3]CB-12'!BP41+'[3]CB-13'!BP41+'[3]CB-14'!BP41+'[3]CB-15'!BP41+'[3]CB-16'!BP41+'[3]CB-17'!BP41+'[3]CB-18'!BP41+'[3]CB-19'!BP41+'[3]CB-20'!BP41+'[3]CB-21'!BP41+'[3]CB-22'!BP41+'[3]CB-23'!BP41+'[3]CB-24'!BP41+'[4]LCT-1'!BP41+'[4]LCT-2'!BP41+'[4]LCT-3'!BP41+'[4]LCT-4'!BP41+'[4]LCT-5'!BP41+'[4]LCT-6'!BP41+'[4]LCT-7'!BP41+'[4]LCT-8'!BP41+'[5]TB-1'!BP41+'[5]TB-2'!BP41+'[5]TB-3'!BP41+'[5]TB-4'!BP41+'[5]TB-5'!BP41+'[5]TB-6'!BP41+'[5]TB-7'!BP41+'[5]TB-8'!BP41+'[5]TB-9'!BP41+'[5]TB-10'!BP41+'[6]DSV-1'!BP41+'[6]DSV-2'!BP41+'[6]DSV-3'!BP41+'[7]TUB-1'!BP41+'[7]TUB-2'!BP41+'[8]Barge-1'!BP41+'[8]Barge-2'!BP41+'[8]Barge-3'!BP41+'[8]Barge-4'!BP41 -> 0 | E41: ='[2]AHTS-1'!CL41+'[2]AHTS-2'!CL41+'[2]AHTS-3'!CL41+'[2]AHTS-4'!CL41+'[2]AHTS-5'!CL41+'[2]AHTS-6'!CL41+'[2]AHTS-7'!CL41+'[2]AHTS-8'!CL41+'[3]CB-1'!CL41+'[3]CB-2'!CL41+'[3]CB-3'!CL41+'[3]CB-4'!CL41+'[3]CB-5'!CL41+'[3]CB-6'!CL41+'[3]CB-7'!CL41+'[3]CB-8'!CL41+'[3]CB-9'!CL41+'[3]CB-10'!CL41+'[3]CB-11'!CL41+'[3]CB-12'!CL41+'[3]CB-13'!CL41+'[3]CB-14'!CL41+'[3]CB-15'!CL41+'[3]CB-16'!CL41+'[3]CB-17'!CL41+'[3]CB-18'!CL41+'[3]CB-19'!CL41+'[3]CB-20'!CL41+'[3]CB-21'!CL41+'[3]CB-22'!CL41+'[3]CB-23'!CL41+'[3]CB-24'!CL41+'[4]LCT-1'!CL41+'[4]LCT-2'!CL41+'[4]LCT-3'!CL41+'[4]LCT-4'!CL41+'[4]LCT-5'!CL41+'[4]LCT-6'!CL41+'[4]LCT-7'!CL41+'[4]LCT-8'!CL41+'[5]TB-1'!CL41+'[5]TB-2'!CL41+'[5]TB-3'!CL41+'[5]TB-4'!CL41+'[5]TB-5'!CL41+'[5]TB-6'!CL41+'[5]TB-7'!CL41+'[5]TB-8'!CL41+'[5]TB-9'!CL41+'[5]TB-10'!CL41+'[6]DSV-1'!CL41+'[6]DSV-2'!CL41+'[6]DSV-3'!CL41+'[7]TUB-1'!CL41+'[7]TUB-2'!CL41+'[8]Barge-1'!CL41+'[8]Barge-2'!CL41+'[8]Barge-3'!CL41+'[8]Barge-4'!CL41 -> 0 | F41: ='[2]AHTS-1'!AU41+'[2]AHTS-2'!AU41+'[2]AHTS-3'!AU41+'[2]AHTS-4'!AU41+'[2]AHTS-5'!AU41+'[2]AHTS-6'!AU41+'[2]AHTS-7'!AU41+'[2]AHTS-8'!AU41+'[3]CB-1'!AU41+'[3]CB-2'!AU41+'[3]CB-3'!AU41+'[3]CB-4'!AU41+'[3]CB-5'!AU41+'[3]CB-6'!AU41+'[3]CB-7'!AU41+'[3]CB-8'!AU41+'[3]CB-9'!AU41+'[3]CB-10'!AU41+'[3]CB-11'!AU41+'[3]CB-12'!AU41+'[3]CB-13'!AU41+'[3]CB-14'!AU41+'[3]CB-15'!AU41+'[3]CB-16'!AU41+'[3]CB-17'!AU41+'[3]CB-18'!AU41+'[3]CB-19'!AU41+'[3]CB-20'!AU41+'[3]CB-21'!AU41+'[3]CB-22'!AU41+'[3]CB-23'!AU41+'[3]CB-24'!AU41+'[4]LCT-1'!AU41+'[4]LCT-2'!AU41+'[4]LCT-3'!AU41+'[4]LCT-4'!AU41+'[4]LCT-5'!AU41+'[4]LCT-6'!AU41+'[4]LCT-7'!AU41+'[4]LCT-8'!AU41+'[5]TB-1'!AU41+'[5]TB-2'!AU41+'[5]TB-3'!AU41+'[5]TB-4'!AU41+'[5]TB-5'!AU41+'[5]TB-6'!AU41+'[5]TB-7'!AU41+'[5]TB-8'!AU41+'[5]TB-9'!AU41+'[5]TB-10'!AU41+'[6]DSV-1'!AU41+'[6]DSV-2'!AU41+'[6]DSV-3'!AU41+'[7]TUB-1'!AU41+'[7]TUB-2'!AU41+'[8]Barge-1'!AU41+'[8]Barge-2'!AU41+'[8]Barge-3'!AU41+'[8]Barge-4'!AU41 -> 0 | G41: ='[2]AHTS-1'!BQ41+'[2]AHTS-2'!BQ41+'[2]AHTS-3'!BQ41+'[2]AHTS-4'!BQ41+'[2]AHTS-5'!BQ41+'[2]AHTS-6'!BQ41+'[2]AHTS-7'!BQ41+'[2]AHTS-8'!BQ41+'[3]CB-1'!BQ41+'[3]CB-2'!BQ41+'[3]CB-3'!BQ41+'[3]CB-4'!BQ41+'[3]CB-5'!BQ41+'[3]CB-6'!BQ41+'[3]CB-7'!BQ41+'[3]CB-8'!BQ41+'[3]CB-9'!BQ41+'[3]CB-10'!BQ41+'[3]CB-11'!BQ41+'[3]CB-12'!BQ41+'[3]CB-13'!BQ41+'[3]CB-14'!BQ41+'[3]CB-15'!BQ41+'[3]CB-16'!BQ41+'[3]CB-17'!BQ41+'[3]CB-18'!BQ41+'[3]CB-19'!BQ41+'[3]CB-20'!BQ41+'[3]CB-21'!BQ41+'[3]CB-22'!BQ41+'[3]CB-23'!BQ41+'[3]CB-24'!BQ41+'[4]LCT-1'!BQ41+'[4]LCT-2'!BQ41+'[4]LCT-3'!BQ41+'[4]LCT-4'!BQ41+'[4]LCT-5'!BQ41+'[4]LCT-6'!BQ41+'[4]LCT-7'!BQ41+'[4]LCT-8'!BQ41+'[5]TB-1'!BQ41+'[5]TB-2'!BQ41+'[5]TB-3'!BQ41+'[5]TB-4'!BQ41+'[5]TB-5'!BQ41+'[5]TB-6'!BQ41+'[5]TB-7'!BQ41+'[5]TB-8'!BQ41+'[5]TB-9'!BQ41+'[5]TB-10'!BQ41+'[6]DSV-1'!BQ41+'[6]DSV-2'!BQ41+'[6]DSV-3'!BQ41+'[7]TUB-1'!BQ41+'[7]TUB-2'!BQ41+'[8]Barge-1'!BQ41+'[8]Barge-2'!BQ41+'[8]Barge-3'!BQ41+'[8]Barge-4'!BQ41 -> 0 | H41: ='[2]AHTS-1'!CM41+'[2]AHTS-2'!CM41+'[2]AHTS-3'!CM41+'[2]AHTS-4'!CM41+'[2]AHTS-5'!CM41+'[2]AHTS-6'!CM41+'[2]AHTS-7'!CM41+'[2]AHTS-8'!CM41+'[3]CB-1'!CM41+'[3]CB-2'!CM41+'[3]CB-3'!CM41+'[3]CB-4'!CM41+'[3]CB-5'!CM41+'[3]CB-6'!CM41+'[3]CB-7'!CM41+'[3]CB-8'!CM41+'[3]CB-9'!CM41+'[3]CB-10'!CM41+'[3]CB-11'!CM41+'[3]CB-12'!CM41+'[3]CB-13'!CM41+'[3]CB-14'!CM41+'[3]CB-15'!CM41+'[3]CB-16'!CM41+'[3]CB-17'!CM41+'[3]CB-18'!CM41+'[3]CB-19'!CM41+'[3]CB-20'!CM41+'[3]CB-21'!CM41+'[3]CB-22'!CM41+'[3]CB-23'!CM41+'[3]CB-24'!CM41+'[4]LCT-1'!CM41+'[4]LCT-2'!CM41+'[4]LCT-3'!CM41+'[4]LCT-4'!CM41+'[4]LCT-5'!CM41+'[4]LCT-6'!CM41+'[4]LCT-7'!CM41+'[4]LCT-8'!CM41+'[5]TB-1'!CM41+'[5]TB-2'!CM41+'[5]TB-3'!CM41+'[5]TB-4'!CM41+'[5]TB-5'!CM41+'[5]TB-6'!CM41+'[5]TB-7'!CM41+'[5]TB-8'!CM41+'[5]TB-9'!CM41+'[5]TB-10'!CM41+'[6]DSV-1'!CM41+'[6]DSV-2'!CM41+'[6]DSV-3'!CM41+'[7]TUB-1'!CM41+'[7]TUB-2'!CM41+'[8]Barge-1'!CM41+'[8]Barge-2'!CM41+'[8]Barge-3'!CM41+'[8]Barge-4'!CM41 -> 0 | U41: =[1]Control!AZ41 -> - | W41: ='[2]AHTS-1'!IA79+'[2]AHTS-2'!IA79+'[2]AHTS-3'!IA79+'[2]AHTS-4'!IA79+'[2]AHTS-5'!IA79+'[2]AHTS-6'!IA79+'[2]AHTS-7'!IA79+'[2]AHTS-8'!IA79+'[3]CB-1'!IA79+'[3]CB-2'!IA79+'[3]CB-3'!IA79+'[3]CB-4'!IA79+'[3]CB-5'!IA79+'[3]CB-6'!IA79+'[3]CB-7'!IA79+'[3]CB-8'!IA79+'[3]CB-9'!IA79+'[3]CB-10'!IA79+'[3]CB-11'!IA79+'[3]CB-12'!IA79+'[3]CB-13'!IA79+'[3]CB-14'!IA79+'[3]CB-15'!IA79+'[3]CB-16'!IA79+'[3]CB-17'!IA79+'[3]CB-18'!IA79+'[3]CB-19'!IA79+'[3]CB-20'!IA79+'[3]CB-21'!IA79+'[3]CB-22'!IA79+'[3]CB-23'!IA79+'[3]CB-24'!IA79+'[4]LCT-1'!IA79+'[4]LCT-2'!IA79+'[4]LCT-3'!IA79+'[4]LCT-4'!IA79+'[4]LCT-5'!IA79+'[4]LCT-6'!IA79+'[4]LCT-7'!IA79+'[4]LCT-8'!IA79+'[5]TB-1'!IA79+'[5]TB-2'!IA79+'[5]TB-3'!IA79+'[5]TB-4'!IA79+'[5]TB-5'!IA79+'[5]TB-6'!IA79+'[5]TB-7'!IA79+'[5]TB-8'!IA79+'[5]TB-9'!IA79+'[5]TB-10'!IA79+'[6]DSV-1'!IA79+'[6]DSV-2'!IA79+'[6]DSV-3'!IA79+'[7]TUB-1'!IA79+'[7]TUB-2'!IA79+'[8]Barge-1'!IA79+'[8]Barge-2'!IA79+'[8]Barge-3'!IA79+'[8]Barge-4'!IA79 -> 0 | X41: ='[2]AHTS-1'!IA41+'[2]AHTS-2'!IA41+'[2]AHTS-3'!IA41+'[2]AHTS-4'!IA41+'[2]AHTS-5'!IA41+'[2]AHTS-6'!IA41+'[2]AHTS-7'!IA41+'[2]AHTS-8'!IA41+'[3]CB-1'!IA41+'[3]CB-2'!IA41+'[3]CB-3'!IA41+'[3]CB-4'!IA41+'[3]CB-5'!IA41+'[3]CB-6'!IA41+'[3]CB-7'!IA41+'[3]CB-8'!IA41+'[3]CB-9'!IA41+'[3]CB-10'!IA41+'[3]CB-11'!IA41+'[3]CB-12'!IA41+'[3]CB-13'!IA41+'[3]CB-14'!IA41+'[3]CB-15'!IA41+'[3]CB-16'!IA41+'[3]CB-17'!IA41+'[3]CB-18'!IA41+'[3]CB-19'!IA41+'[3]CB-20'!IA41+'[3]CB-21'!IA41+'[3]CB-22'!IA41+'[3]CB-23'!IA41+'[3]CB-24'!IA41+'[4]LCT-1'!IA41+'[4]LCT-2'!IA41+'[4]LCT-3'!IA41+'[4]LCT-4'!IA41+'[4]LCT-5'!IA41+'[4]LCT-6'!IA41+'[4]LCT-7'!IA41+'[4]LCT-8'!IA41+'[5]TB-1'!IA41+'[5]TB-2'!IA41+'[5]TB-3'!IA41+'[5]TB-4'!IA41+'[5]TB-5'!IA41+'[5]TB-6'!IA41+'[5]TB-7'!IA41+'[5]TB-8'!IA41+'[5]TB-9'!IA41+'[5]TB-10'!IA41+'[6]DSV-1'!IA41+'[6]DSV-2'!IA41+'[6]DSV-3'!IA41+'[7]TUB-1'!IA41+'[7]TUB-2'!IA41+'[8]Barge-1'!IA41+'[8]Barge-2'!IA41+'[8]Barge-3'!IA41+'[8]Barge-4'!IA41 -> 0 | Y41: ='[2]AHTS-1'!IA112+'[2]AHTS-2'!IA112+'[2]AHTS-3'!IA112+'[2]AHTS-4'!IA112+'[2]AHTS-5'!IA112+'[2]AHTS-6'!IA112+'[2]AHTS-7'!IA112+'[2]AHTS-8'!IA112+'[3]CB-1'!IA112+'[3]CB-2'!IA112+'[3]CB-3'!IA112+'[3]CB-4'!IA112+'[3]CB-5'!IA112+'[3]CB-6'!IA112+'[3]CB-7'!IA112+'[3]CB-8'!IA112+'[3]CB-9'!IA112+'[3]CB-10'!IA112+'[3]CB-11'!IA112+'[3]CB-12'!IA112+'[3]CB-13'!IA112+'[3]CB-14'!IA112+'[3]CB-15'!IA112+'[3]CB-16'!IA112+'[3]CB-17'!IA112+'[3]CB-18'!IA112+'[3]CB-19'!IA112+'[3]CB-20'!IA112+'[3]CB-21'!IA112+'[3]CB-22'!IA112+'[3]CB-23'!IA112+'[3]CB-24'!IA112+'[4]LCT-1'!IA112+'[4]LCT-2'!IA112+'[4]LCT-3'!IA112+'[4]LCT-4'!IA112+'[4]LCT-5'!IA112+'[4]LCT-6'!IA112+'[4]LCT-7'!IA112+'[4]LCT-8'!IA112+'[5]TB-1'!IA112+'[5]TB-2'!IA112+'[5]TB-3'!IA112+'[5]TB-4'!IA112+'[5]TB-5'!IA112+'[5]TB-6'!IA112+'[5]TB-7'!IA112+'[5]TB-8'!IA112+'[5]TB-9'!IA112+'[5]TB-10'!IA112+'[6]DSV-1'!IA112+'[6]DSV-2'!IA112+'[6]DSV-3'!IA112+'[7]TUB-1'!IA112+'[7]TUB-2'!IA112+'[8]Barge-1'!IA112+'[8]Barge-2'!IA112+'[8]Barge-3'!IA112+'[8]Barge-4'!IA112 -> 0 | Z41: ='[2]AHTS-1'!IB79+'[2]AHTS-2'!IB79+'[2]AHTS-3'!IB79+'[2]AHTS-4'!IB79+'[2]AHTS-5'!IB79+'[2]AHTS-6'!IB79+'[2]AHTS-7'!IB79+'[2]AHTS-8'!IB79+'[3]CB-1'!IB79+'[3]CB-2'!IB79+'[3]CB-3'!IB79+'[3]CB-4'!IB79+'[3]CB-5'!IB79+'[3]CB-6'!IB79+'[3]CB-7'!IB79+'[3]CB-8'!IB79+'[3]CB-9'!IB79+'[3]CB-10'!IB79+'[3]CB-11'!IB79+'[3]CB-12'!IB79+'[3]CB-13'!IB79+'[3]CB-14'!IB79+'[3]CB-15'!IB79+'[3]CB-16'!IB79+'[3]CB-17'!IB79+'[3]CB-18'!IB79+'[3]CB-19'!IB79+'[3]CB-20'!IB79+'[3]CB-21'!IB79+'[3]CB-22'!IB79+'[3]CB-23'!IB79+'[3]CB-24'!IB79+'[4]LCT-1'!IB79+'[4]LCT-2'!IB79+'[4]LCT-3'!IB79+'[4]LCT-4'!IB79+'[4]LCT-5'!IB79+'[4]LCT-6'!IB79+'[4]LCT-7'!IB79+'[4]LCT-8'!IB79+'[5]TB-1'!IB79+'[5]TB-2'!IB79+'[5]TB-3'!IB79+'[5]TB-4'!IB79+'[5]TB-5'!IB79+'[5]TB-6'!IB79+'[5]TB-7'!IB79+'[5]TB-8'!IB79+'[5]TB-9'!IB79+'[5]TB-10'!IB79+'[6]DSV-1'!IB79+'[6]DSV-2'!IB79+'[6]DSV-3'!IB79+'[7]TUB-1'!IB79+'[7]TUB-2'!IB79+'[8]Barge-1'!IB79+'[8]Barge-2'!IB79+'[8]Barge-3'!IB79+'[8]Barge-4'!IB79 -> 0 | AA41: ='[2]AHTS-1'!IB41+'[2]AHTS-2'!IB41+'[2]AHTS-3'!IB41+'[2]AHTS-4'!IB41+'[2]AHTS-5'!IB41+'[2]AHTS-6'!IB41+'[2]AHTS-7'!IB41+'[2]AHTS-8'!IB41+'[3]CB-1'!IB41+'[3]CB-2'!IB41+'[3]CB-3'!IB41+'[3]CB-4'!IB41+'[3]CB-5'!IB41+'[3]CB-6'!IB41+'[3]CB-7'!IB41+'[3]CB-8'!IB41+'[3]CB-9'!IB41+'[3]CB-10'!IB41+'[3]CB-11'!IB41+'[3]CB-12'!IB41+'[3]CB-13'!IB41+'[3]CB-14'!IB41+'[3]CB-15'!IB41+'[3]CB-16'!IB41+'[3]CB-17'!IB41+'[3]CB-18'!IB41+'[3]CB-19'!IB41+'[3]CB-20'!IB41+'[3]CB-21'!IB41+'[3]CB-22'!IB41+'[3]CB-23'!IB41+'[3]CB-24'!IB41+'[4]LCT-1'!IB41+'[4]LCT-2'!IB41+'[4]LCT-3'!IB41+'[4]LCT-4'!IB41+'[4]LCT-5'!IB41+'[4]LCT-6'!IB41+'[4]LCT-7'!IB41+'[4]LCT-8'!IB41+'[5]TB-1'!IB41+'[5]TB-2'!IB41+'[5]TB-3'!IB41+'[5]TB-4'!IB41+'[5]TB-5'!IB41+'[5]TB-6'!IB41+'[5]TB-7'!IB41+'[5]TB-8'!IB41+'[5]TB-9'!IB41+'[5]TB-10'!IB41+'[6]DSV-1'!IB41+'[6]DSV-2'!IB41+'[6]DSV-3'!IB41+'[7]TUB-1'!IB41+'[7]TUB-2'!IB41+'[8]Barge-1'!IB41+'[8]Barge-2'!IB41+'[8]Barge-3'!IB41+'[8]Barge-4'!IB41 -> 0 | AB41: ='[2]AHTS-1'!IB112+'[2]AHTS-2'!IB112+'[2]AHTS-3'!IB112+'[2]AHTS-4'!IB112+'[2]AHTS-5'!IB112+'[2]AHTS-6'!IB112+'[2]AHTS-7'!IB112+'[2]AHTS-8'!IB112+'[3]CB-1'!IB112+'[3]CB-2'!IB112+'[3]CB-3'!IB112+'[3]CB-4'!IB112+'[3]CB-5'!IB112+'[3]CB-6'!IB112+'[3]CB-7'!IB112+'[3]CB-8'!IB112+'[3]CB-9'!IB112+'[3]CB-10'!IB112+'[3]CB-11'!IB112+'[3]CB-12'!IB112+'[3]CB-13'!IB112+'[3]CB-14'!IB112+'[3]CB-15'!IB112+'[3]CB-16'!IB112+'[3]CB-17'!IB112+'[3]CB-18'!IB112+'[3]CB-19'!IB112+'[3]CB-20'!IB112+'[3]CB-21'!IB112+'[3]CB-22'!IB112+'[3]CB-23'!IB112+'[3]CB-24'!IB112+'[4]LCT-1'!IB112+'[4]LCT-2'!IB112+'[4]LCT-3'!IB112+'[4]LCT-4'!IB112+'[4]LCT-5'!IB112+'[4]LCT-6'!IB112+'[4]LCT-7'!IB112+'[4]LCT-8'!IB112+'[5]TB-1'!IB112+'[5]TB-2'!IB112+'[5]TB-3'!IB112+'[5]TB-4'!IB112+'[5]TB-5'!IB112+'[5]TB-6'!IB112+'[5]TB-7'!IB112+'[5]TB-8'!IB112+'[5]TB-9'!IB112+'[5]TB-10'!IB112+'[6]DSV-1'!IB112+'[6]DSV-2'!IB112+'[6]DSV-3'!IB112+'[7]TUB-1'!IB112+'[7]TUB-2'!IB112+'[8]Barge-1'!IB112+'[8]Barge-2'!IB112+'[8]Barge-3'!IB112+'[8]Barge-4'!IB112 -> 0
A42: SUM | C42: =SUM(C11:C41) -> 45728.79 | D42: =SUM(D11:D41) -> 25643.066 | E42: =SUM(E11:E41) -> 0 | F42: =SUM(F11:F41) -> 117224.8 | G42: =SUM(G11:G41) -> 99980.859 | H42: =SUM(H11:H41) -> 0 | U42: SUM | W42: =SUM(W11:W41) -> 725280350 | X42: =SUM(X11:X41) -> 407125000 | Y42: =SUM(Y11:Y41) -> 0 | Z42: =SUM(Z11:Z41) -> 1.8446665e+09 | AA42: =SUM(AA11:AA41) -> 1.5743169e+09 | AB42: =SUM(AB11:AB41) -> 0
A43: This Month Daily AVG | C43: =C42/(COUNT($D11:$D41)-COUNTIF($D11:$D41, "0")) -> 6532.6842 | D43: =D42/(COUNT($D11:$D41)-COUNTIF($D11:$D41, "0")) -> 3663.2951 | E43: =E42/(COUNT($D11:$D41)-COUNTIF($D11:$D41, "0")) -> 0 | F43: =F42/(COUNT($G11:$G41)-COUNTIF($G11:$G41, "0")) -> 3907.4933 | G43: =G42/(COUNT($G11:$G41)-COUNTIF($G11:$G41, "0")) -> 3332.6953 | H43: =H42/(COUNT($G11:$G41)-COUNTIF($G11:$G41, "0")) -> 0 | U43: This Month Daily AVG | W43: =W42/(COUNT($D11:$D41)-COUNTIF($D11:$D41, "0")) -> 1.0361148e+08 | X43: =X42/(COUNT($D11:$D41)-COUNTIF($D11:$D41, "0")) -> 58160714 | Y43: =Y42/(COUNT($D11:$D41)-COUNTIF($D11:$D41, "0")) -> 0 | Z43: =Z42/(COUNT($G11:$G41)-COUNTIF($G11:$G41, "0")) -> 61488884 | AA43: =AA42/(COUNT($G11:$G41)-COUNTIF($G11:$G41, "0")) -> 52477231 | AB43: =AB42/(COUNT($G11:$G41)-COUNTIF($G11:$G41, "0")) -> 0
A44: Started Jun 01 | U44: Started Jun 01
C50: =C9 -> SOUTH OSF | F50: =F9 -> NORTH OSF
A51: =A11 -> 45986 | C51: ='[2]AHTS-1'!AT49+'[2]AHTS-2'!AT49+'[2]AHTS-3'!AT49+'[2]AHTS-4'!AT49+'[2]AHTS-5'!AT49+'[2]AHTS-6'!AT49+'[3]CB-1'!AT49+'[3]CB-2'!AT49+'[3]CB-3'!AT49+'[3]CB-4'!AT49+'[3]CB-5'!AT49+'[3]CB-6'!AT49+'[3]CB-7'!AT49+'[3]CB-8'!AT49+'[3]CB-9'!AT49+'[3]CB-10'!AT49+'[3]CB-11'!AT49+'[3]CB-12'!AT49+'[3]CB-13'!AT49+'[3]CB-14'!AT49+'[3]CB-15'!AT49+'[3]CB-16'!AT49+'[4]LCT-1'!AT49+'[4]LCT-2'!AT49+'[4]LCT-3'!AT49+'[4]LCT-4'!AT49+'[4]LCT-5'!AT49+'[4]LCT-6'!AT49+'[4]LCT-7'!AT49+'[4]LCT-8'!AT49+'[5]TB-1'!AT49+'[5]TB-2'!AT49+'[5]TB-3'!AT49+'[5]TB-4'!AT49+'[5]TB-5'!AT49+'[5]TB-6'!AT49+'[5]TB-7'!AT49+'[5]TB-8'!AT49+'[5]TB-9'!AT49+'[5]TB-10'!AT49+'[6]DSV-1'!AT49+'[6]DSV-2'!AT49+'[6]DSV-3'!AT49+'[7]TUB-1'!AT49+'[7]TUB-2'!AT49+'[8]Barge-1'!AT49+'[8]Barge-2'!AT49+'[8]Barge-3'!AT49+'[8]Barge-4'!AT49 -> 0 | F51: ='[2]AHTS-1'!AU49+'[2]AHTS-2'!AU49+'[2]AHTS-3'!AU49+'[2]AHTS-4'!AU49+'[2]AHTS-5'!AU49+'[2]AHTS-6'!AU49+'[3]CB-1'!AU49+'[3]CB-2'!AU49+'[3]CB-3'!AU49+'[3]CB-4'!AU49+'[3]CB-5'!AU49+'[3]CB-6'!AU49+'[3]CB-7'!AU49+'[3]CB-8'!AU49+'[3]CB-9'!AU49+'[3]CB-10'!AU49+'[3]CB-11'!AU49+'[3]CB-12'!AU49+'[3]CB-13'!AU49+'[3]CB-14'!AU49+'[3]CB-15'!AU49+'[3]CB-16'!AU49+'[4]LCT-1'!AU49+'[4]LCT-2'!AU49+'[4]LCT-3'!AU49+'[4]LCT-4'!AU49+'[4]LCT-5'!AU49+'[4]LCT-6'!AU49+'[4]LCT-7'!AU49+'[4]LCT-8'!AU49+'[5]TB-1'!AU49+'[5]TB-2'!AU49+'[5]TB-3'!AU49+'[5]TB-4'!AU49+'[5]TB-5'!AU49+'[5]TB-6'!AU49+'[5]TB-7'!AU49+'[5]TB-8'!AU49+'[5]TB-9'!AU49+'[5]TB-10'!AU49+'[6]DSV-1'!AU49+'[6]DSV-2'!AU49+'[6]DSV-3'!AU49+'[7]TUB-1'!AU49+'[7]TUB-2'!AU49+'[8]Barge-1'!AU49+'[8]Barge-2'!AU49+'[8]Barge-3'!AU49+'[8]Barge-4'!AU49 -> 12967.167
A52: =A12 -> 45987 | C52: ='[2]AHTS-1'!AT50+'[2]AHTS-2'!AT50+'[2]AHTS-3'!AT50+'[2]AHTS-4'!AT50+'[2]AHTS-5'!AT50+'[2]AHTS-6'!AT50+'[3]CB-1'!AT50+'[3]CB-2'!AT50+'[3]CB-3'!AT50+'[3]CB-4'!AT50+'[3]CB-5'!AT50+'[3]CB-6'!AT50+'[3]CB-7'!AT50+'[3]CB-8'!AT50+'[3]CB-9'!AT50+'[3]CB-10'!AT50+'[3]CB-11'!AT50+'[3]CB-12'!AT50+'[3]CB-13'!AT50+'[3]CB-14'!AT50+'[3]CB-15'!AT50+'[3]CB-16'!AT50+'[4]LCT-1'!AT50+'[4]LCT-2'!AT50+'[4]LCT-3'!AT50+'[4]LCT-4'!AT50+'[4]LCT-5'!AT50+'[4]LCT-6'!AT50+'[4]LCT-7'!AT50+'[4]LCT-8'!AT50+'[5]TB-1'!AT50+'[5]TB-2'!AT50+'[5]TB-3'!AT50+'[5]TB-4'!AT50+'[5]TB-5'!AT50+'[5]TB-6'!AT50+'[5]TB-7'!AT50+'[5]TB-8'!AT50+'[5]TB-9'!AT50+'[5]TB-10'!AT50+'[6]DSV-1'!AT50+'[6]DSV-2'!AT50+'[6]DSV-3'!AT50+'[7]TUB-1'!AT50+'[7]TUB-2'!AT50+'[8]Barge-1'!AT50+'[8]Barge-2'!AT50+'[8]Barge-3'!AT50+'[8]Barge-4'!AT50 -> 0 | F52: ='[2]AHTS-1'!AU50+'[2]AHTS-2'!AU50+'[2]AHTS-3'!AU50+'[2]AHTS-4'!AU50+'[2]AHTS-5'!AU50+'[2]AHTS-6'!AU50+'[3]CB-1'!AU50+'[3]CB-2'!AU50+'[3]CB-3'!AU50+'[3]CB-4'!AU50+'[3]CB-5'!AU50+'[3]CB-6'!AU50+'[3]CB-7'!AU50+'[3]CB-8'!AU50+'[3]CB-9'!AU50+'[3]CB-10'!AU50+'[3]CB-11'!AU50+'[3]CB-12'!AU50+'[3]CB-13'!AU50+'[3]CB-14'!AU50+'[3]CB-15'!AU50+'[3]CB-16'!AU50+'[4]LCT-1'!AU50+'[4]LCT-2'!AU50+'[4]LCT-3'!AU50+'[4]LCT-4'!AU50+'[4]LCT-5'!AU50+'[4]LCT-6'!AU50+'[4]LCT-7'!AU50+'[4]LCT-8'!AU50+'[5]TB-1'!AU50+'[5]TB-2'!AU50+'[5]TB-3'!AU50+'[5]TB-4'!AU50+'[5]TB-5'!AU50+'[5]TB-6'!AU50+'[5]TB-7'!AU50+'[5]TB-8'!AU50+'[5]TB-9'!AU50+'[5]TB-10'!AU50+'[6]DSV-1'!AU50+'[6]DSV-2'!AU50+'[6]DSV-3'!AU50+'[7]TUB-1'!AU50+'[7]TUB-2'!AU50+'[8]Barge-1'!AU50+'[8]Barge-2'!AU50+'[8]Barge-3'!AU50+'[8]Barge-4'!AU50 -> 12350.108
A53: =A13 -> 45988 | C53: ='[2]AHTS-1'!AT51+'[2]AHTS-2'!AT51+'[2]AHTS-3'!AT51+'[2]AHTS-4'!AT51+'[2]AHTS-5'!AT51+'[2]AHTS-6'!AT51+'[3]CB-1'!AT51+'[3]CB-2'!AT51+'[3]CB-3'!AT51+'[3]CB-4'!AT51+'[3]CB-5'!AT51+'[3]CB-6'!AT51+'[3]CB-7'!AT51+'[3]CB-8'!AT51+'[3]CB-9'!AT51+'[3]CB-10'!AT51+'[3]CB-11'!AT51+'[3]CB-12'!AT51+'[3]CB-13'!AT51+'[3]CB-14'!AT51+'[3]CB-15'!AT51+'[3]CB-16'!AT51+'[4]LCT-1'!AT51+'[4]LCT-2'!AT51+'[4]LCT-3'!AT51+'[4]LCT-4'!AT51+'[4]LCT-5'!AT51+'[4]LCT-6'!AT51+'[4]LCT-7'!AT51+'[4]LCT-8'!AT51+'[5]TB-1'!AT51+'[5]TB-2'!AT51+'[5]TB-3'!AT51+'[5]TB-4'!AT51+'[5]TB-5'!AT51+'[5]TB-6'!AT51+'[5]TB-7'!AT51+'[5]TB-8'!AT51+'[5]TB-9'!AT51+'[5]TB-10'!AT51+'[6]DSV-1'!AT51+'[6]DSV-2'!AT51+'[6]DSV-3'!AT51+'[7]TUB-1'!AT51+'[7]TUB-2'!AT51+'[8]Barge-1'!AT51+'[8]Barge-2'!AT51+'[8]Barge-3'!AT51+'[8]Barge-4'!AT51 -> 0 | F53: ='[2]AHTS-1'!AU51+'[2]AHTS-2'!AU51+'[2]AHTS-3'!AU51+'[2]AHTS-4'!AU51+'[2]AHTS-5'!AU51+'[2]AHTS-6'!AU51+'[3]CB-1'!AU51+'[3]CB-2'!AU51+'[3]CB-3'!AU51+'[3]CB-4'!AU51+'[3]CB-5'!AU51+'[3]CB-6'!AU51+'[3]CB-7'!AU51+'[3]CB-8'!AU51+'[3]CB-9'!AU51+'[3]CB-10'!AU51+'[3]CB-11'!AU51+'[3]CB-12'!AU51+'[3]CB-13'!AU51+'[3]CB-14'!AU51+'[3]CB-15'!AU51+'[3]CB-16'!AU51+'[4]LCT-1'!AU51+'[4]LCT-2'!AU51+'[4]LCT-3'!AU51+'[4]LCT-4'!AU51+'[4]LCT-5'!AU51+'[4]LCT-6'!AU51+'[4]LCT-7'!AU51+'[4]LCT-8'!AU51+'[5]TB-1'!AU51+'[5]TB-2'!AU51+'[5]TB-3'!AU51+'[5]TB-4'!AU51+'[5]TB-5'!AU51+'[5]TB-6'!AU51+'[5]TB-7'!AU51+'[5]TB-8'!AU51+'[5]TB-9'!AU51+'[5]TB-10'!AU51+'[6]DSV-1'!AU51+'[6]DSV-2'!AU51+'[6]DSV-3'!AU51+'[7]TUB-1'!AU51+'[7]TUB-2'!AU51+'[8]Barge-1'!AU51+'[8]Barge-2'!AU51+'[8]Barge-3'!AU51+'[8]Barge-4'!AU51 -> 8654.35
A54: =A14 -> 45989 | C54: ='[2]AHTS-1'!AT52+'[2]AHTS-2'!AT52+'[2]AHTS-3'!AT52+'[2]AHTS-4'!AT52+'[2]AHTS-5'!AT52+'[2]AHTS-6'!AT52+'[3]CB-1'!AT52+'[3]CB-2'!AT52+'[3]CB-3'!AT52+'[3]CB-4'!AT52+'[3]CB-5'!AT52+'[3]CB-6'!AT52+'[3]CB-7'!AT52+'[3]CB-8'!AT52+'[3]CB-9'!AT52+'[3]CB-10'!AT52+'[3]CB-11'!AT52+'[3]CB-12'!AT52+'[3]CB-13'!AT52+'[3]CB-14'!AT52+'[3]CB-15'!AT52+'[3]CB-16'!AT52+'[4]LCT-1'!AT52+'[4]LCT-2'!AT52+'[4]LCT-3'!AT52+'[4]LCT-4'!AT52+'[4]LCT-5'!AT52+'[4]LCT-6'!AT52+'[4]LCT-7'!AT52+'[4]LCT-8'!AT52+'[5]TB-1'!AT52+'[5]TB-2'!AT52+'[5]TB-3'!AT52+'[5]TB-4'!AT52+'[5]TB-5'!AT52+'[5]TB-6'!AT52+'[5]TB-7'!AT52+'[5]TB-8'!AT52+'[5]TB-9'!AT52+'[5]TB-10'!AT52+'[6]DSV-1'!AT52+'[6]DSV-2'!AT52+'[6]DSV-3'!AT52+'[7]TUB-1'!AT52+'[7]TUB-2'!AT52+'[8]Barge-1'!AT52+'[8]Barge-2'!AT52+'[8]Barge-3'!AT52+'[8]Barge-4'!AT52 -> 0 | F54: ='[2]AHTS-1'!AU52+'[2]AHTS-2'!AU52+'[2]AHTS-3'!AU52+'[2]AHTS-4'!AU52+'[2]AHTS-5'!AU52+'[2]AHTS-6'!AU52+'[3]CB-1'!AU52+'[3]CB-2'!AU52+'[3]CB-3'!AU52+'[3]CB-4'!AU52+'[3]CB-5'!AU52+'[3]CB-6'!AU52+'[3]CB-7'!AU52+'[3]CB-8'!AU52+'[3]CB-9'!AU52+'[3]CB-10'!AU52+'[3]CB-11'!AU52+'[3]CB-12'!AU52+'[3]CB-13'!AU52+'[3]CB-14'!AU52+'[3]CB-15'!AU52+'[3]CB-16'!AU52+'[4]LCT-1'!AU52+'[4]LCT-2'!AU52+'[4]LCT-3'!AU52+'[4]LCT-4'!AU52+'[4]LCT-5'!AU52+'[4]LCT-6'!AU52+'[4]LCT-7'!AU52+'[4]LCT-8'!AU52+'[5]TB-1'!AU52+'[5]TB-2'!AU52+'[5]TB-3'!AU52+'[5]TB-4'!AU52+'[5]TB-5'!AU52+'[5]TB-6'!AU52+'[5]TB-7'!AU52+'[5]TB-8'!AU52+'[5]TB-9'!AU52+'[5]TB-10'!AU52+'[6]DSV-1'!AU52+'[6]DSV-2'!AU52+'[6]DSV-3'!AU52+'[7]TUB-1'!AU52+'[7]TUB-2'!AU52+'[8]Barge-1'!AU52+'[8]Barge-2'!AU52+'[8]Barge-3'!AU52+'[8]Barge-4'!AU52 -> 4686.375
A55: =A15 -> 45990 | C55: ='[2]AHTS-1'!AT53+'[2]AHTS-2'!AT53+'[2]AHTS-3'!AT53+'[2]AHTS-4'!AT53+'[2]AHTS-5'!AT53+'[2]AHTS-6'!AT53+'[3]CB-1'!AT53+'[3]CB-2'!AT53+'[3]CB-3'!AT53+'[3]CB-4'!AT53+'[3]CB-5'!AT53+'[3]CB-6'!AT53+'[3]CB-7'!AT53+'[3]CB-8'!AT53+'[3]CB-9'!AT53+'[3]CB-10'!AT53+'[3]CB-11'!AT53+'[3]CB-12'!AT53+'[3]CB-13'!AT53+'[3]CB-14'!AT53+'[3]CB-15'!AT53+'[3]CB-16'!AT53+'[4]LCT-1'!AT53+'[4]LCT-2'!AT53+'[4]LCT-3'!AT53+'[4]LCT-4'!AT53+'[4]LCT-5'!AT53+'[4]LCT-6'!AT53+'[4]LCT-7'!AT53+'[4]LCT-8'!AT53+'[5]TB-1'!AT53+'[5]TB-2'!AT53+'[5]TB-3'!AT53+'[5]TB-4'!AT53+'[5]TB-5'!AT53+'[5]TB-6'!AT53+'[5]TB-7'!AT53+'[5]TB-8'!AT53+'[5]TB-9'!AT53+'[5]TB-10'!AT53+'[6]DSV-1'!AT53+'[6]DSV-2'!AT53+'[6]DSV-3'!AT53+'[7]TUB-1'!AT53+'[7]TUB-2'!AT53+'[8]Barge-1'!AT53+'[8]Barge-2'!AT53+'[8]Barge-3'!AT53+'[8]Barge-4'!AT53 -> 0 | F55: ='[2]AHTS-1'!AU53+'[2]AHTS-2'!AU53+'[2]AHTS-3'!AU53+'[2]AHTS-4'!AU53+'[2]AHTS-5'!AU53+'[2]AHTS-6'!AU53+'[3]CB-1'!AU53+'[3]CB-2'!AU53+'[3]CB-3'!AU53+'[3]CB-4'!AU53+'[3]CB-5'!AU53+'[3]CB-6'!AU53+'[3]CB-7'!AU53+'[3]CB-8'!AU53+'[3]CB-9'!AU53+'[3]CB-10'!AU53+'[3]CB-11'!AU53+'[3]CB-12'!AU53+'[3]CB-13'!AU53+'[3]CB-14'!AU53+'[3]CB-15'!AU53+'[3]CB-16'!AU53+'[4]LCT-1'!AU53+'[4]LCT-2'!AU53+'[4]LCT-3'!AU53+'[4]LCT-4'!AU53+'[4]LCT-5'!AU53+'[4]LCT-6'!AU53+'[4]LCT-7'!AU53+'[4]LCT-8'!AU53+'[5]TB-1'!AU53+'[5]TB-2'!AU53+'[5]TB-3'!AU53+'[5]TB-4'!AU53+'[5]TB-5'!AU53+'[5]TB-6'!AU53+'[5]TB-7'!AU53+'[5]TB-8'!AU53+'[5]TB-9'!AU53+'[5]TB-10'!AU53+'[6]DSV-1'!AU53+'[6]DSV-2'!AU53+'[6]DSV-3'!AU53+'[7]TUB-1'!AU53+'[7]TUB-2'!AU53+'[8]Barge-1'!AU53+'[8]Barge-2'!AU53+'[8]Barge-3'!AU53+'[8]Barge-4'!AU53 -> 3049.8889
A56: =A16 -> 45991 | C56: ='[2]AHTS-1'!AT54+'[2]AHTS-2'!AT54+'[2]AHTS-3'!AT54+'[2]AHTS-4'!AT54+'[2]AHTS-5'!AT54+'[2]AHTS-6'!AT54+'[3]CB-1'!AT54+'[3]CB-2'!AT54+'[3]CB-3'!AT54+'[3]CB-4'!AT54+'[3]CB-5'!AT54+'[3]CB-6'!AT54+'[3]CB-7'!AT54+'[3]CB-8'!AT54+'[3]CB-9'!AT54+'[3]CB-10'!AT54+'[3]CB-11'!AT54+'[3]CB-12'!AT54+'[3]CB-13'!AT54+'[3]CB-14'!AT54+'[3]CB-15'!AT54+'[3]CB-16'!AT54+'[4]LCT-1'!AT54+'[4]LCT-2'!AT54+'[4]LCT-3'!AT54+'[4]LCT-4'!AT54+'[4]LCT-5'!AT54+'[4]LCT-6'!AT54+'[4]LCT-7'!AT54+'[4]LCT-8'!AT54+'[5]TB-1'!AT54+'[5]TB-2'!AT54+'[5]TB-3'!AT54+'[5]TB-4'!AT54+'[5]TB-5'!AT54+'[5]TB-6'!AT54+'[5]TB-7'!AT54+'[5]TB-8'!AT54+'[5]TB-9'!AT54+'[5]TB-10'!AT54+'[6]DSV-1'!AT54+'[6]DSV-2'!AT54+'[6]DSV-3'!AT54+'[7]TUB-1'!AT54+'[7]TUB-2'!AT54+'[8]Barge-1'!AT54+'[8]Barge-2'!AT54+'[8]Barge-3'!AT54+'[8]Barge-4'!AT54 -> 0 | F56: ='[2]AHTS-1'!AU54+'[2]AHTS-2'!AU54+'[2]AHTS-3'!AU54+'[2]AHTS-4'!AU54+'[2]AHTS-5'!AU54+'[2]AHTS-6'!AU54+'[3]CB-1'!AU54+'[3]CB-2'!AU54+'[3]CB-3'!AU54+'[3]CB-4'!AU54+'[3]CB-5'!AU54+'[3]CB-6'!AU54+'[3]CB-7'!AU54+'[3]CB-8'!AU54+'[3]CB-9'!AU54+'[3]CB-10'!AU54+'[3]CB-11'!AU54+'[3]CB-12'!AU54+'[3]CB-13'!AU54+'[3]CB-14'!AU54+'[3]CB-15'!AU54+'[3]CB-16'!AU54+'[4]LCT-1'!AU54+'[4]LCT-2'!AU54+'[4]LCT-3'!AU54+'[4]LCT-4'!AU54+'[4]LCT-5'!AU54+'[4]LCT-6'!AU54+'[4]LCT-7'!AU54+'[4]LCT-8'!AU54+'[5]TB-1'!AU54+'[5]TB-2'!AU54+'[5]TB-3'!AU54+'[5]TB-4'!AU54+'[5]TB-5'!AU54+'[5]TB-6'!AU54+'[5]TB-7'!AU54+'[5]TB-8'!AU54+'[5]TB-9'!AU54+'[5]TB-10'!AU54+'[6]DSV-1'!AU54+'[6]DSV-2'!AU54+'[6]DSV-3'!AU54+'[7]TUB-1'!AU54+'[7]TUB-2'!AU54+'[8]Barge-1'!AU54+'[8]Barge-2'!AU54+'[8]Barge-3'!AU54+'[8]Barge-4'!AU54 -> 3492.5667
A57: =A17 -> 45992 | C57: ='[2]AHTS-1'!AT55+'[2]AHTS-2'!AT55+'[2]AHTS-3'!AT55+'[2]AHTS-4'!AT55+'[2]AHTS-5'!AT55+'[2]AHTS-6'!AT55+'[3]CB-1'!AT55+'[3]CB-2'!AT55+'[3]CB-3'!AT55+'[3]CB-4'!AT55+'[3]CB-5'!AT55+'[3]CB-6'!AT55+'[3]CB-7'!AT55+'[3]CB-8'!AT55+'[3]CB-9'!AT55+'[3]CB-10'!AT55+'[3]CB-11'!AT55+'[3]CB-12'!AT55+'[3]CB-13'!AT55+'[3]CB-14'!AT55+'[3]CB-15'!AT55+'[3]CB-16'!AT55+'[4]LCT-1'!AT55+'[4]LCT-2'!AT55+'[4]LCT-3'!AT55+'[4]LCT-4'!AT55+'[4]LCT-5'!AT55+'[4]LCT-6'!AT55+'[4]LCT-7'!AT55+'[4]LCT-8'!AT55+'[5]TB-1'!AT55+'[5]TB-2'!AT55+'[5]TB-3'!AT55+'[5]TB-4'!AT55+'[5]TB-5'!AT55+'[5]TB-6'!AT55+'[5]TB-7'!AT55+'[5]TB-8'!AT55+'[5]TB-9'!AT55+'[5]TB-10'!AT55+'[6]DSV-1'!AT55+'[6]DSV-2'!AT55+'[6]DSV-3'!AT55+'[7]TUB-1'!AT55+'[7]TUB-2'!AT55+'[8]Barge-1'!AT55+'[8]Barge-2'!AT55+'[8]Barge-3'!AT55+'[8]Barge-4'!AT55 -> 0 | F57: ='[2]AHTS-1'!AU55+'[2]AHTS-2'!AU55+'[2]AHTS-3'!AU55+'[2]AHTS-4'!AU55+'[2]AHTS-5'!AU55+'[2]AHTS-6'!AU55+'[3]CB-1'!AU55+'[3]CB-2'!AU55+'[3]CB-3'!AU55+'[3]CB-4'!AU55+'[3]CB-5'!AU55+'[3]CB-6'!AU55+'[3]CB-7'!AU55+'[3]CB-8'!AU55+'[3]CB-9'!AU55+'[3]CB-10'!AU55+'[3]CB-11'!AU55+'[3]CB-12'!AU55+'[3]CB-13'!AU55+'[3]CB-14'!AU55+'[3]CB-15'!AU55+'[3]CB-16'!AU55+'[4]LCT-1'!AU55+'[4]LCT-2'!AU55+'[4]LCT-3'!AU55+'[4]LCT-4'!AU55+'[4]LCT-5'!AU55+'[4]LCT-6'!AU55+'[4]LCT-7'!AU55+'[4]LCT-8'!AU55+'[5]TB-1'!AU55+'[5]TB-2'!AU55+'[5]TB-3'!AU55+'[5]TB-4'!AU55+'[5]TB-5'!AU55+'[5]TB-6'!AU55+'[5]TB-7'!AU55+'[5]TB-8'!AU55+'[5]TB-9'!AU55+'[5]TB-10'!AU55+'[6]DSV-1'!AU55+'[6]DSV-2'!AU55+'[6]DSV-3'!AU55+'[7]TUB-1'!AU55+'[7]TUB-2'!AU55+'[8]Barge-1'!AU55+'[8]Barge-2'!AU55+'[8]Barge-3'!AU55+'[8]Barge-4'!AU55 -> 3360.0625
A58: =A18 -> 45993 | C58: ='[2]AHTS-1'!AT56+'[2]AHTS-2'!AT56+'[2]AHTS-3'!AT56+'[2]AHTS-4'!AT56+'[2]AHTS-5'!AT56+'[2]AHTS-6'!AT56+'[3]CB-1'!AT56+'[3]CB-2'!AT56+'[3]CB-3'!AT56+'[3]CB-4'!AT56+'[3]CB-5'!AT56+'[3]CB-6'!AT56+'[3]CB-7'!AT56+'[3]CB-8'!AT56+'[3]CB-9'!AT56+'[3]CB-10'!AT56+'[3]CB-11'!AT56+'[3]CB-12'!AT56+'[3]CB-13'!AT56+'[3]CB-14'!AT56+'[3]CB-15'!AT56+'[3]CB-16'!AT56+'[4]LCT-1'!AT56+'[4]LCT-2'!AT56+'[4]LCT-3'!AT56+'[4]LCT-4'!AT56+'[4]LCT-5'!AT56+'[4]LCT-6'!AT56+'[4]LCT-7'!AT56+'[4]LCT-8'!AT56+'[5]TB-1'!AT56+'[5]TB-2'!AT56+'[5]TB-3'!AT56+'[5]TB-4'!AT56+'[5]TB-5'!AT56+'[5]TB-6'!AT56+'[5]TB-7'!AT56+'[5]TB-8'!AT56+'[5]TB-9'!AT56+'[5]TB-10'!AT56+'[6]DSV-1'!AT56+'[6]DSV-2'!AT56+'[6]DSV-3'!AT56+'[7]TUB-1'!AT56+'[7]TUB-2'!AT56+'[8]Barge-1'!AT56+'[8]Barge-2'!AT56+'[8]Barge-3'!AT56+'[8]Barge-4'!AT56 -> 0 | F58: ='[2]AHTS-1'!AU56+'[2]AHTS-2'!AU56+'[2]AHTS-3'!AU56+'[2]AHTS-4'!AU56+'[2]AHTS-5'!AU56+'[2]AHTS-6'!AU56+'[3]CB-1'!AU56+'[3]CB-2'!AU56+'[3]CB-3'!AU56+'[3]CB-4'!AU56+'[3]CB-5'!AU56+'[3]CB-6'!AU56+'[3]CB-7'!AU56+'[3]CB-8'!AU56+'[3]CB-9'!AU56+'[3]CB-10'!AU56+'[3]CB-11'!AU56+'[3]CB-12'!AU56+'[3]CB-13'!AU56+'[3]CB-14'!AU56+'[3]CB-15'!AU56+'[3]CB-16'!AU56+'[4]LCT-1'!AU56+'[4]LCT-2'!AU56+'[4]LCT-3'!AU56+'[4]LCT-4'!AU56+'[4]LCT-5'!AU56+'[4]LCT-6'!AU56+'[4]LCT-7'!AU56+'[4]LCT-8'!AU56+'[5]TB-1'!AU56+'[5]TB-2'!AU56+'[5]TB-3'!AU56+'[5]TB-4'!AU56+'[5]TB-5'!AU56+'[5]TB-6'!AU56+'[5]TB-7'!AU56+'[5]TB-8'!AU56+'[5]TB-9'!AU56+'[5]TB-10'!AU56+'[6]DSV-1'!AU56+'[6]DSV-2'!AU56+'[6]DSV-3'!AU56+'[7]TUB-1'!AU56+'[7]TUB-2'!AU56+'[8]Barge-1'!AU56+'[8]Barge-2'!AU56+'[8]Barge-3'!AU56+'[8]Barge-4'!AU56 -> 3184.5
A59: =A19 -> 45994 | C59: ='[2]AHTS-1'!AT57+'[2]AHTS-2'!AT57+'[2]AHTS-3'!AT57+'[2]AHTS-4'!AT57+'[2]AHTS-5'!AT57+'[2]AHTS-6'!AT57+'[3]CB-1'!AT57+'[3]CB-2'!AT57+'[3]CB-3'!AT57+'[3]CB-4'!AT57+'[3]CB-5'!AT57+'[3]CB-6'!AT57+'[3]CB-7'!AT57+'[3]CB-8'!AT57+'[3]CB-9'!AT57+'[3]CB-10'!AT57+'[3]CB-11'!AT57+'[3]CB-12'!AT57+'[3]CB-13'!AT57+'[3]CB-14'!AT57+'[3]CB-15'!AT57+'[3]CB-16'!AT57+'[4]LCT-1'!AT57+'[4]LCT-2'!AT57+'[4]LCT-3'!AT57+'[4]LCT-4'!AT57+'[4]LCT-5'!AT57+'[4]LCT-6'!AT57+'[4]LCT-7'!AT57+'[4]LCT-8'!AT57+'[5]TB-1'!AT57+'[5]TB-2'!AT57+'[5]TB-3'!AT57+'[5]TB-4'!AT57+'[5]TB-5'!AT57+'[5]TB-6'!AT57+'[5]TB-7'!AT57+'[5]TB-8'!AT57+'[5]TB-9'!AT57+'[5]TB-10'!AT57+'[6]DSV-1'!AT57+'[6]DSV-2'!AT57+'[6]DSV-3'!AT57+'[7]TUB-1'!AT57+'[7]TUB-2'!AT57+'[8]Barge-1'!AT57+'[8]Barge-2'!AT57+'[8]Barge-3'!AT57+'[8]Barge-4'!AT57 -> 0 | F59: ='[2]AHTS-1'!AU57+'[2]AHTS-2'!AU57+'[2]AHTS-3'!AU57+'[2]AHTS-4'!AU57+'[2]AHTS-5'!AU57+'[2]AHTS-6'!AU57+'[3]CB-1'!AU57+'[3]CB-2'!AU57+'[3]CB-3'!AU57+'[3]CB-4'!AU57+'[3]CB-5'!AU57+'[3]CB-6'!AU57+'[3]CB-7'!AU57+'[3]CB-8'!AU57+'[3]CB-9'!AU57+'[3]CB-10'!AU57+'[3]CB-11'!AU57+'[3]CB-12'!AU57+'[3]CB-13'!AU57+'[3]CB-14'!AU57+'[3]CB-15'!AU57+'[3]CB-16'!AU57+'[4]LCT-1'!AU57+'[4]LCT-2'!AU57+'[4]LCT-3'!AU57+'[4]LCT-4'!AU57+'[4]LCT-5'!AU57+'[4]LCT-6'!AU57+'[4]LCT-7'!AU57+'[4]LCT-8'!AU57+'[5]TB-1'!AU57+'[5]TB-2'!AU57+'[5]TB-3'!AU57+'[5]TB-4'!AU57+'[5]TB-5'!AU57+'[5]TB-6'!AU57+'[5]TB-7'!AU57+'[5]TB-8'!AU57+'[5]TB-9'!AU57+'[5]TB-10'!AU57+'[6]DSV-1'!AU57+'[6]DSV-2'!AU57+'[6]DSV-3'!AU57+'[7]TUB-1'!AU57+'[7]TUB-2'!AU57+'[8]Barge-1'!AU57+'[8]Barge-2'!AU57+'[8]Barge-3'!AU57+'[8]Barge-4'!AU57 -> 3796.6667
A60: =A20 -> 45995 | C60: ='[2]AHTS-1'!AT58+'[2]AHTS-2'!AT58+'[2]AHTS-3'!AT58+'[2]AHTS-4'!AT58+'[2]AHTS-5'!AT58+'[2]AHTS-6'!AT58+'[3]CB-1'!AT58+'[3]CB-2'!AT58+'[3]CB-3'!AT58+'[3]CB-4'!AT58+'[3]CB-5'!AT58+'[3]CB-6'!AT58+'[3]CB-7'!AT58+'[3]CB-8'!AT58+'[3]CB-9'!AT58+'[3]CB-10'!AT58+'[3]CB-11'!AT58+'[3]CB-12'!AT58+'[3]CB-13'!AT58+'[3]CB-14'!AT58+'[3]CB-15'!AT58+'[3]CB-16'!AT58+'[4]LCT-1'!AT58+'[4]LCT-2'!AT58+'[4]LCT-3'!AT58+'[4]LCT-4'!AT58+'[4]LCT-5'!AT58+'[4]LCT-6'!AT58+'[4]LCT-7'!AT58+'[4]LCT-8'!AT58+'[5]TB-1'!AT58+'[5]TB-2'!AT58+'[5]TB-3'!AT58+'[5]TB-4'!AT58+'[5]TB-5'!AT58+'[5]TB-6'!AT58+'[5]TB-7'!AT58+'[5]TB-8'!AT58+'[5]TB-9'!AT58+'[5]TB-10'!AT58+'[6]DSV-1'!AT58+'[6]DSV-2'!AT58+'[6]DSV-3'!AT58+'[7]TUB-1'!AT58+'[7]TUB-2'!AT58+'[8]Barge-1'!AT58+'[8]Barge-2'!AT58+'[8]Barge-3'!AT58+'[8]Barge-4'!AT58 -> 0 | F60: ='[2]AHTS-1'!AU58+'[2]AHTS-2'!AU58+'[2]AHTS-3'!AU58+'[2]AHTS-4'!AU58+'[2]AHTS-5'!AU58+'[2]AHTS-6'!AU58+'[3]CB-1'!AU58+'[3]CB-2'!AU58+'[3]CB-3'!AU58+'[3]CB-4'!AU58+'[3]CB-5'!AU58+'[3]CB-6'!AU58+'[3]CB-7'!AU58+'[3]CB-8'!AU58+'[3]CB-9'!AU58+'[3]CB-10'!AU58+'[3]CB-11'!AU58+'[3]CB-12'!AU58+'[3]CB-13'!AU58+'[3]CB-14'!AU58+'[3]CB-15'!AU58+'[3]CB-16'!AU58+'[4]LCT-1'!AU58+'[4]LCT-2'!AU58+'[4]LCT-3'!AU58+'[4]LCT-4'!AU58+'[4]LCT-5'!AU58+'[4]LCT-6'!AU58+'[4]LCT-7'!AU58+'[4]LCT-8'!AU58+'[5]TB-1'!AU58+'[5]TB-2'!AU58+'[5]TB-3'!AU58+'[5]TB-4'!AU58+'[5]TB-5'!AU58+'[5]TB-6'!AU58+'[5]TB-7'!AU58+'[5]TB-8'!AU58+'[5]TB-9'!AU58+'[5]TB-10'!AU58+'[6]DSV-1'!AU58+'[6]DSV-2'!AU58+'[6]DSV-3'!AU58+'[7]TUB-1'!AU58+'[7]TUB-2'!AU58+'[8]Barge-1'!AU58+'[8]Barge-2'!AU58+'[8]Barge-3'!AU58+'[8]Barge-4'!AU58 -> 2516.125
A61: =A21 -> 45996 | C61: ='[2]AHTS-1'!AT59+'[2]AHTS-2'!AT59+'[2]AHTS-3'!AT59+'[2]AHTS-4'!AT59+'[2]AHTS-5'!AT59+'[2]AHTS-6'!AT59+'[3]CB-1'!AT59+'[3]CB-2'!AT59+'[3]CB-3'!AT59+'[3]CB-4'!AT59+'[3]CB-5'!AT59+'[3]CB-6'!AT59+'[3]CB-7'!AT59+'[3]CB-8'!AT59+'[3]CB-9'!AT59+'[3]CB-10'!AT59+'[3]CB-11'!AT59+'[3]CB-12'!AT59+'[3]CB-13'!AT59+'[3]CB-14'!AT59+'[3]CB-15'!AT59+'[3]CB-16'!AT59+'[4]LCT-1'!AT59+'[4]LCT-2'!AT59+'[4]LCT-3'!AT59+'[4]LCT-4'!AT59+'[4]LCT-5'!AT59+'[4]LCT-6'!AT59+'[4]LCT-7'!AT59+'[4]LCT-8'!AT59+'[5]TB-1'!AT59+'[5]TB-2'!AT59+'[5]TB-3'!AT59+'[5]TB-4'!AT59+'[5]TB-5'!AT59+'[5]TB-6'!AT59+'[5]TB-7'!AT59+'[5]TB-8'!AT59+'[5]TB-9'!AT59+'[5]TB-10'!AT59+'[6]DSV-1'!AT59+'[6]DSV-2'!AT59+'[6]DSV-3'!AT59+'[7]TUB-1'!AT59+'[7]TUB-2'!AT59+'[8]Barge-1'!AT59+'[8]Barge-2'!AT59+'[8]Barge-3'!AT59+'[8]Barge-4'!AT59 -> 0 | F61: ='[2]AHTS-1'!AU59+'[2]AHTS-2'!AU59+'[2]AHTS-3'!AU59+'[2]AHTS-4'!AU59+'[2]AHTS-5'!AU59+'[2]AHTS-6'!AU59+'[3]CB-1'!AU59+'[3]CB-2'!AU59+'[3]CB-3'!AU59+'[3]CB-4'!AU59+'[3]CB-5'!AU59+'[3]CB-6'!AU59+'[3]CB-7'!AU59+'[3]CB-8'!AU59+'[3]CB-9'!AU59+'[3]CB-10'!AU59+'[3]CB-11'!AU59+'[3]CB-12'!AU59+'[3]CB-13'!AU59+'[3]CB-14'!AU59+'[3]CB-15'!AU59+'[3]CB-16'!AU59+'[4]LCT-1'!AU59+'[4]LCT-2'!AU59+'[4]LCT-3'!AU59+'[4]LCT-4'!AU59+'[4]LCT-5'!AU59+'[4]LCT-6'!AU59+'[4]LCT-7'!AU59+'[4]LCT-8'!AU59+'[5]TB-1'!AU59+'[5]TB-2'!AU59+'[5]TB-3'!AU59+'[5]TB-4'!AU59+'[5]TB-5'!AU59+'[5]TB-6'!AU59+'[5]TB-7'!AU59+'[5]TB-8'!AU59+'[5]TB-9'!AU59+'[5]TB-10'!AU59+'[6]DSV-1'!AU59+'[6]DSV-2'!AU59+'[6]DSV-3'!AU59+'[7]TUB-1'!AU59+'[7]TUB-2'!AU59+'[8]Barge-1'!AU59+'[8]Barge-2'!AU59+'[8]Barge-3'!AU59+'[8]Barge-4'!AU59 -> 2993
A62: =A22 -> 45997 | C62: ='[2]AHTS-1'!AT60+'[2]AHTS-2'!AT60+'[2]AHTS-3'!AT60+'[2]AHTS-4'!AT60+'[2]AHTS-5'!AT60+'[2]AHTS-6'!AT60+'[3]CB-1'!AT60+'[3]CB-2'!AT60+'[3]CB-3'!AT60+'[3]CB-4'!AT60+'[3]CB-5'!AT60+'[3]CB-6'!AT60+'[3]CB-7'!AT60+'[3]CB-8'!AT60+'[3]CB-9'!AT60+'[3]CB-10'!AT60+'[3]CB-11'!AT60+'[3]CB-12'!AT60+'[3]CB-13'!AT60+'[3]CB-14'!AT60+'[3]CB-15'!AT60+'[3]CB-16'!AT60+'[4]LCT-1'!AT60+'[4]LCT-2'!AT60+'[4]LCT-3'!AT60+'[4]LCT-4'!AT60+'[4]LCT-5'!AT60+'[4]LCT-6'!AT60+'[4]LCT-7'!AT60+'[4]LCT-8'!AT60+'[5]TB-1'!AT60+'[5]TB-2'!AT60+'[5]TB-3'!AT60+'[5]TB-4'!AT60+'[5]TB-5'!AT60+'[5]TB-6'!AT60+'[5]TB-7'!AT60+'[5]TB-8'!AT60+'[5]TB-9'!AT60+'[5]TB-10'!AT60+'[6]DSV-1'!AT60+'[6]DSV-2'!AT60+'[6]DSV-3'!AT60+'[7]TUB-1'!AT60+'[7]TUB-2'!AT60+'[8]Barge-1'!AT60+'[8]Barge-2'!AT60+'[8]Barge-3'!AT60+'[8]Barge-4'!AT60 -> 0 | F62: ='[2]AHTS-1'!AU60+'[2]AHTS-2'!AU60+'[2]AHTS-3'!AU60+'[2]AHTS-4'!AU60+'[2]AHTS-5'!AU60+'[2]AHTS-6'!AU60+'[3]CB-1'!AU60+'[3]CB-2'!AU60+'[3]CB-3'!AU60+'[3]CB-4'!AU60+'[3]CB-5'!AU60+'[3]CB-6'!AU60+'[3]CB-7'!AU60+'[3]CB-8'!AU60+'[3]CB-9'!AU60+'[3]CB-10'!AU60+'[3]CB-11'!AU60+'[3]CB-12'!AU60+'[3]CB-13'!AU60+'[3]CB-14'!AU60+'[3]CB-15'!AU60+'[3]CB-16'!AU60+'[4]LCT-1'!AU60+'[4]LCT-2'!AU60+'[4]LCT-3'!AU60+'[4]LCT-4'!AU60+'[4]LCT-5'!AU60+'[4]LCT-6'!AU60+'[4]LCT-7'!AU60+'[4]LCT-8'!AU60+'[5]TB-1'!AU60+'[5]TB-2'!AU60+'[5]TB-3'!AU60+'[5]TB-4'!AU60+'[5]TB-5'!AU60+'[5]TB-6'!AU60+'[5]TB-7'!AU60+'[5]TB-8'!AU60+'[5]TB-9'!AU60+'[5]TB-10'!AU60+'[6]DSV-1'!AU60+'[6]DSV-2'!AU60+'[6]DSV-3'!AU60+'[7]TUB-1'!AU60+'[7]TUB-2'!AU60+'[8]Barge-1'!AU60+'[8]Barge-2'!AU60+'[8]Barge-3'!AU60+'[8]Barge-4'!AU60 -> 2363
... A81: =A41 -> - | C81: ='[2]AHTS-1'!AT79+'[2]AHTS-2'!AT79+'[2]AHTS-3'!AT79+'[2]AHTS-4'!AT79+'[2]AHTS-5'!AT79+'[2]AHTS-6'!AT79+'[3]CB-1'!AT79+'[3]CB-2'!AT79+'[3]CB-3'!AT79+'[3]CB-4'!AT79+'[3]CB-5'!AT79+'[3]CB-6'!AT79+'[3]CB-7'!AT79+'[3]CB-8'!AT79+'[3]CB-9'!AT79+'[3]CB-10'!AT79+'[3]CB-11'!AT79+'[3]CB-12'!AT79+'[3]CB-13'!AT79+'[3]CB-14'!AT79+'[3]CB-15'!AT79+'[3]CB-16'!AT79+'[4]LCT-1'!AT79+'[4]LCT-2'!AT79+'[4]LCT-3'!AT79+'[4]LCT-4'!AT79+'[4]LCT-5'!AT79+'[4]LCT-6'!AT79+'[4]LCT-7'!AT79+'[4]LCT-8'!AT79+'[5]TB-1'!AT79+'[5]TB-2'!AT79+'[5]TB-3'!AT79+'[5]TB-4'!AT79+'[5]TB-5'!AT79+'[5]TB-6'!AT79+'[5]TB-7'!AT79+'[5]TB-8'!AT79+'[5]TB-9'!AT79+'[5]TB-10'!AT79+'[6]DSV-1'!AT79+'[6]DSV-2'!AT79+'[6]DSV-3'!AT79+'[7]TUB-1'!AT79+'[7]TUB-2'!AT79+'[8]Barge-1'!AT79+'[8]Barge-2'!AT79+'[8]Barge-3'!AT79+'[8]Barge-4'!AT79 -> 0 | F81: ='[2]AHTS-1'!AU79+'[2]AHTS-2'!AU79+'[2]AHTS-3'!AU79+'[2]AHTS-4'!AU79+'[2]AHTS-5'!AU79+'[2]AHTS-6'!AU79+'[3]CB-1'!AU79+'[3]CB-2'!AU79+'[3]CB-3'!AU79+'[3]CB-4'!AU79+'[3]CB-5'!AU79+'[3]CB-6'!AU79+'[3]CB-7'!AU79+'[3]CB-8'!AU79+'[3]CB-9'!AU79+'[3]CB-10'!AU79+'[3]CB-11'!AU79+'[3]CB-12'!AU79+'[3]CB-13'!AU79+'[3]CB-14'!AU79+'[3]CB-15'!AU79+'[3]CB-16'!AU79+'[4]LCT-1'!AU79+'[4]LCT-2'!AU79+'[4]LCT-3'!AU79+'[4]LCT-4'!AU79+'[4]LCT-5'!AU79+'[4]LCT-6'!AU79+'[4]LCT-7'!AU79+'[4]LCT-8'!AU79+'[5]TB-1'!AU79+'[5]TB-2'!AU79+'[5]TB-3'!AU79+'[5]TB-4'!AU79+'[5]TB-5'!AU79+'[5]TB-6'!AU79+'[5]TB-7'!AU79+'[5]TB-8'!AU79+'[5]TB-9'!AU79+'[5]TB-10'!AU79+'[6]DSV-1'!AU79+'[6]DSV-2'!AU79+'[6]DSV-3'!AU79+'[7]TUB-1'!AU79+'[7]TUB-2'!AU79+'[8]Barge-1'!AU79+'[8]Barge-2'!AU79+'[8]Barge-3'!AU79+'[8]Barge-4'!AU79 -> 0
A82: =A42 -> SUM | C82: =SUM(C51:E81) -> 44909 | F82: =SUM(F51:H81) -> 114220.84
