Workbook
Name IDS: "Rectangle 3"

Sheet Ops
L5: =[1]Control!AU10 -> 25 Nov - 24 Dec 2025 | AG5: =L5 -> 25 Nov - 24 Dec 2025
C7: FUEL COST | E7: CHARTER RATE | G7: MOB / DEMOB | I7: TOTAL COST | J7: PCT | L7: BOAT HOURS | M7: PCT | X7: FUEL COST | Z7: CHARTER RATE | AB7: MOB / DEMOB | AD7: TOTAL COST | AE7: PCT | AG7: BOAT HOURS | AH7: PCT
L8: Logistics Cost Sharing | AG8: Logistics Cost Sharing
A9: =Distribute!C9 -> - | C9: =Distribute!C42 -> 0 | E9: =Distribute!D42 -> 0 | G9: =Distribute!E42 -> 0 | I9: =SUM(C9,E9,G9) -> 0 | J9: =(I9/I23)*100% -> 0 | L9: ='[2]AHTS-1'!GG42+'[2]AHTS-2'!GG42+'[2]AHTS-3'!GG42+'[2]AHTS-4'!GG42+'[2]AHTS-5'!GG42+'[2]AHTS-6'!GG42+'[2]AHTS-7'!GG42+'[2]AHTS-8'!GG42+'[3]CB-1'!GG42+'[3]CB-2'!GG42+'[3]CB-3'!GG42+'[3]CB-4'!GG42+'[3]CB-5'!GG42+'[3]CB-6'!GG42+'[3]CB-7'!GG42+'[3]CB-8'!GG42+'[3]CB-9'!GG42+'[3]CB-10'!GG42+'[3]CB-11'!GG42+'[3]CB-12'!GG42+'[3]CB-13'!GG42+'[3]CB-14'!GG42+'[3]CB-15'!GG42+'[3]CB-16'!GG42+'[3]CB-17'!GG42+'[3]CB-18'!GG42+'[3]CB-19'!GG42+'[3]CB-20'!GG42+'[3]CB-21'!GG42+'[3]CB-22'!GG42+'[3]CB-23'!GG42+'[3]CB-24'!GG42+'[4]LCT-1'!GG42+'[4]LCT-2'!GG42+'[4]LCT-3'!GG42+'[4]LCT-4'!GG42+'[4]LCT-5'!GG42+'[4]LCT-6'!GG42+'[4]LCT-7'!GG42+'[4]LCT-8'!GG42+'[5]TB-1'!GG42+'[5]TB-2'!GG42+'[5]TB-3'!GG42+'[5]TB-4'!GG42+'[5]TB-5'!GG42+'[5]TB-6'!GG42+'[5]TB-7'!GG42+'[5]TB-8'!GG42+'[5]TB-9'!GG42+'[5]TB-10'!GG42+'[6]DSV-1'!GG42+'[6]DSV-2'!GG42+'[6]DSV-3'!GG42+'[7]TUB-1'!GG42+'[7]TUB-2'!GG42+'[8]Barge-1'!GG42+'[8]Barge-2'!GG42+'[8]Barge-3'!GG42+'[8]Barge-4'!GG42 -> 0 | M9: =(L9/L23)*100% -> 0 | V9: =A9 -> - | X9: =Distribute!AC42 -> 0 | Z9: =Distribute!AD42 -> 0 | AB9: =Distribute!AE42 -> 0 | AD9: =SUM(X9,Z9,AB9) -> 0 | AE9: =(AD9/AD23)*100% -> 0 | AG9: ='[2]AHTS-1'!GG42+'[2]AHTS-2'!GG42+'[2]AHTS-3'!GG42+'[2]AHTS-4'!GG42+'[2]AHTS-5'!GG42+'[2]AHTS-6'!GG42+'[2]AHTS-7'!GG42+'[2]AHTS-8'!GG42+'[3]CB-1'!GG42+'[3]CB-2'!GG42+'[3]CB-3'!GG42+'[3]CB-4'!GG42+'[3]CB-5'!GG42+'[3]CB-6'!GG42+'[3]CB-7'!GG42+'[3]CB-8'!GG42+'[3]CB-9'!GG42+'[3]CB-10'!GG42+'[3]CB-11'!GG42+'[3]CB-12'!GG42+'[3]CB-13'!GG42+'[3]CB-14'!GG42+'[3]CB-15'!GG42+'[3]CB-16'!GG42+'[3]CB-17'!GG42+'[3]CB-18'!GG42+'[3]CB-19'!GG42+'[3]CB-20'!GG42+'[3]CB-21'!GG42+'[3]CB-22'!GG42+'[3]CB-23'!GG42+'[3]CB-24'!GG42+'[4]LCT-1'!GG42+'[4]LCT-2'!GG42+'[4]LCT-3'!GG42+'[4]LCT-4'!GG42+'[4]LCT-5'!GG42+'[4]LCT-6'!GG42+'[4]LCT-7'!GG42+'[4]LCT-8'!GG42+'[5]TB-1'!GG42+'[5]TB-2'!GG42+'[5]TB-3'!GG42+'[5]TB-4'!GG42+'[5]TB-5'!GG42+'[5]TB-6'!GG42+'[5]TB-7'!GG42+'[5]TB-8'!GG42+'[5]TB-9'!GG42+'[5]TB-10'!GG42+'[6]DSV-1'!GG42+'[6]DSV-2'!GG42+'[6]DSV-3'!GG42+'[7]TUB-1'!GG42+'[7]TUB-2'!GG42+'[8]Barge-1'!GG42+'[8]Barge-2'!GG42+'[8]Barge-3'!GG42 -> 0 | AH9: =(AG9/AG23)*100% -> 0
A11: =Distribute!F9 -> P_NORTH ATTAKA | C11: =Distribute!F42 -> 48454.072 | E11: =Distribute!G42 -> 51427.768 | G11: =Distribute!H42 -> 0 | I11: =SUM(C11,E11,G11) -> 99881.84 | J11: =(I11/I23)*100% -> 0.12054832 | L11: ='[2]AHTS-1'!GH42+'[2]AHTS-2'!GH42+'[2]AHTS-3'!GH42+'[2]AHTS-4'!GH42+'[2]AHTS-5'!GH42+'[2]AHTS-6'!GH42+'[2]AHTS-7'!GH42+'[2]AHTS-8'!GH42+'[3]CB-1'!GH42+'[3]CB-2'!GH42+'[3]CB-3'!GH42+'[3]CB-4'!GH42+'[3]CB-5'!GH42+'[3]CB-6'!GH42+'[3]CB-7'!GH42+'[3]CB-8'!GH42+'[3]CB-9'!GH42+'[3]CB-10'!GH42+'[3]CB-11'!GH42+'[3]CB-12'!GH42+'[3]CB-13'!GH42+'[3]CB-14'!GH42+'[3]CB-15'!GH42+'[3]CB-16'!GH42+'[3]CB-17'!GH42+'[3]CB-18'!GH42+'[3]CB-19'!GH42+'[3]CB-20'!GH42+'[3]CB-21'!GH42+'[3]CB-22'!GH42+'[3]CB-23'!GH42+'[3]CB-24'!GH42+'[4]LCT-1'!GH42+'[4]LCT-2'!GH42+'[4]LCT-3'!GH42+'[4]LCT-4'!GH42+'[4]LCT-5'!GH42+'[4]LCT-6'!GH42+'[4]LCT-7'!GH42+'[4]LCT-8'!GH42+'[5]TB-1'!GH42+'[5]TB-2'!GH42+'[5]TB-3'!GH42+'[5]TB-4'!GH42+'[5]TB-5'!GH42+'[5]TB-6'!GH42+'[5]TB-7'!GH42+'[5]TB-8'!GH42+'[5]TB-9'!GH42+'[5]TB-10'!GH42+'[6]DSV-1'!GH42+'[6]DSV-2'!GH42+'[6]DSV-3'!GH42+'[7]TUB-1'!GH42+'[7]TUB-2'!GH42+'[8]Barge-1'!GH42+'[8]Barge-2'!GH42+'[8]Barge-3'!GH42+'[8]Barge-4'!GH42 -> 1032.4 | M11: =(L11/L23)*100% -> 0.14800231 | V11: =A11 -> P_NORTH ATTAKA | X11: =Distribute!AF42 -> 7.6413732e+08 | Z11: =Distribute!AG42 -> 8.1096194e+08 | AB11: =Distribute!AH42 -> 0 | AD11: =SUM(X11,Z11,AB11) -> 1.5750993e+09 | AE11: =(AD11/AD23)*100% -> 0.1204877 | AG11: ='[2]AHTS-1'!GH42+'[2]AHTS-2'!GH42+'[2]AHTS-3'!GH42+'[2]AHTS-4'!GH42+'[2]AHTS-5'!GH42+'[2]AHTS-6'!GH42+'[2]AHTS-7'!GH42+'[2]AHTS-8'!GH42+'[3]CB-1'!GH42+'[3]CB-2'!GH42+'[3]CB-3'!GH42+'[3]CB-4'!GH42+'[3]CB-5'!GH42+'[3]CB-6'!GH42+'[3]CB-7'!GH42+'[3]CB-8'!GH42+'[3]CB-9'!GH42+'[3]CB-10'!GH42+'[3]CB-11'!GH42+'[3]CB-12'!GH42+'[3]CB-13'!GH42+'[3]CB-14'!GH42+'[3]CB-15'!GH42+'[3]CB-16'!GH42+'[3]CB-17'!GH42+'[3]CB-18'!GH42+'[3]CB-19'!GH42+'[3]CB-20'!GH42+'[3]CB-21'!GH42+'[3]CB-22'!GH42+'[3]CB-23'!GH42+'[3]CB-24'!GH42+'[4]LCT-1'!GH42+'[4]LCT-2'!GH42+'[4]LCT-3'!GH42+'[4]LCT-4'!GH42+'[4]LCT-5'!GH42+'[4]LCT-6'!GH42+'[4]LCT-7'!GH42+'[4]LCT-8'!GH42+'[5]TB-1'!GH42+'[5]TB-2'!GH42+'[5]TB-3'!GH42+'[5]TB-4'!GH42+'[5]TB-5'!GH42+'[5]TB-6'!GH42+'[5]TB-7'!GH42+'[5]TB-8'!GH42+'[5]TB-9'!GH42+'[5]TB-10'!GH42+'[6]DSV-1'!GH42+'[6]DSV-2'!GH42+'[6]DSV-3'!GH42+'[7]TUB-1'!GH42+'[7]TUB-2'!GH42+'[8]Barge-1'!GH42+'[8]Barge-2'!GH42+'[8]Barge-3'!GH42 -> 1032.4 | AH11: =(AG11/AG23)*100% -> 0.14800231
A13: =Distribute!I9 -> P_NORTH NIB | C13: =Distribute!I42 -> 98673.625 | E13: =Distribute!J42 -> 79360.342 | G13: =Distribute!K42 -> 0 | I13: =SUM(C13,E13,G13) -> 178033.97 | J13: =(I13/I23)*100% -> 0.21487084 | L13: ='[2]AHTS-1'!GI42+'[2]AHTS-2'!GI42+'[2]AHTS-3'!GI42+'[2]AHTS-4'!GI42+'[2]AHTS-5'!GI42+'[2]AHTS-6'!GI42+'[2]AHTS-7'!GI42+'[2]AHTS-8'!GI42+'[3]CB-1'!GI42+'[3]CB-2'!GI42+'[3]CB-3'!GI42+'[3]CB-4'!GI42+'[3]CB-5'!GI42+'[3]CB-6'!GI42+'[3]CB-7'!GI42+'[3]CB-8'!GI42+'[3]CB-9'!GI42+'[3]CB-10'!GI42+'[3]CB-11'!GI42+'[3]CB-12'!GI42+'[3]CB-13'!GI42+'[3]CB-14'!GI42+'[3]CB-15'!GI42+'[3]CB-16'!GI42+'[3]CB-17'!GI42+'[3]CB-18'!GI42+'[3]CB-19'!GI42+'[3]CB-20'!GI42+'[3]CB-21'!GI42+'[3]CB-22'!GI42+'[3]CB-23'!GI42+'[3]CB-24'!GI42+'[4]LCT-1'!GI42+'[4]LCT-2'!GI42+'[4]LCT-3'!GI42+'[4]LCT-4'!GI42+'[4]LCT-5'!GI42+'[4]LCT-6'!GI42+'[4]LCT-7'!GI42+'[4]LCT-8'!GI42+'[5]TB-1'!GI42+'[5]TB-2'!GI42+'[5]TB-3'!GI42+'[5]TB-4'!GI42+'[5]TB-5'!GI42+'[5]TB-6'!GI42+'[5]TB-7'!GI42+'[5]TB-8'!GI42+'[5]TB-9'!GI42+'[5]TB-10'!GI42+'[6]DSV-1'!GI42+'[6]DSV-2'!GI42+'[6]DSV-3'!GI42+'[7]TUB-1'!GI42+'[7]TUB-2'!GI42+'[8]Barge-1'!GI42+'[8]Barge-2'!GI42+'[8]Barge-3'!GI42+'[8]Barge-4'!GI42 -> 935.26667 | M13: =(L13/L23)*100% -> 0.13407752 | V13: =A13 -> P_NORTH NIB | X13: =Distribute!AI42 -> 1.5582003e+09 | Z13: =Distribute!AJ42 -> 1.2533624e+09 | AB13: =Distribute!AK42 -> 0 | AD13: =SUM(X13,Z13,AB13) -> 2.8115627e+09 | AE13: =(AD13/AD23)*100% -> 0.21507134 | AG13: ='[2]AHTS-1'!GI42+'[2]AHTS-2'!GI42+'[2]AHTS-3'!GI42+'[2]AHTS-4'!GI42+'[2]AHTS-5'!GI42+'[2]AHTS-6'!GI42+'[2]AHTS-7'!GI42+'[2]AHTS-8'!GI42+'[3]CB-1'!GI42+'[3]CB-2'!GI42+'[3]CB-3'!GI42+'[3]CB-4'!GI42+'[3]CB-5'!GI42+'[3]CB-6'!GI42+'[3]CB-7'!GI42+'[3]CB-8'!GI42+'[3]CB-9'!GI42+'[3]CB-10'!GI42+'[3]CB-11'!GI42+'[3]CB-12'!GI42+'[3]CB-13'!GI42+'[3]CB-14'!GI42+'[3]CB-15'!GI42+'[3]CB-16'!GI42+'[3]CB-17'!GI42+'[3]CB-18'!GI42+'[3]CB-19'!GI42+'[3]CB-20'!GI42+'[3]CB-21'!GI42+'[3]CB-22'!GI42+'[3]CB-23'!GI42+'[3]CB-24'!GI42+'[4]LCT-1'!GI42+'[4]LCT-2'!GI42+'[4]LCT-3'!GI42+'[4]LCT-4'!GI42+'[4]LCT-5'!GI42+'[4]LCT-6'!GI42+'[4]LCT-7'!GI42+'[4]LCT-8'!GI42+'[5]TB-1'!GI42+'[5]TB-2'!GI42+'[5]TB-3'!GI42+'[5]TB-4'!GI42+'[5]TB-5'!GI42+'[5]TB-6'!GI42+'[5]TB-7'!GI42+'[5]TB-8'!GI42+'[5]TB-9'!GI42+'[5]TB-10'!GI42+'[6]DSV-1'!GI42+'[6]DSV-2'!GI42+'[6]DSV-3'!GI42+'[7]TUB-1'!GI42+'[7]TUB-2'!GI42+'[8]Barge-1'!GI42+'[8]Barge-2'!GI42+'[8]Barge-3'!GI42 -> 935.26667 | AH13: =(AG13/AG23)*100% -> 0.13407752
A15: =Distribute!L9 -> P_NORTH SANTAN TERMINAL | C15: =Distribute!L42 -> 112234.89 | E15: =Distribute!M42 -> 118656.29 | G15: =Distribute!N42 -> 0 | I15: =SUM(C15,E15,G15) -> 230891.18 | J15: =(I15/I23)*100% -> 0.2786647 | L15: ='[2]AHTS-1'!GJ42+'[2]AHTS-2'!GJ42+'[2]AHTS-3'!GJ42+'[2]AHTS-4'!GJ42+'[2]AHTS-5'!GJ42+'[2]AHTS-6'!GJ42+'[2]AHTS-7'!GJ42+'[2]AHTS-8'!GJ42+'[3]CB-1'!GJ42+'[3]CB-2'!GJ42+'[3]CB-3'!GJ42+'[3]CB-4'!GJ42+'[3]CB-5'!GJ42+'[3]CB-6'!GJ42+'[3]CB-7'!GJ42+'[3]CB-8'!GJ42+'[3]CB-9'!GJ42+'[3]CB-10'!GJ42+'[3]CB-11'!GJ42+'[3]CB-12'!GJ42+'[3]CB-13'!GJ42+'[3]CB-14'!GJ42+'[3]CB-15'!GJ42+'[3]CB-16'!GJ42+'[3]CB-17'!GJ42+'[3]CB-18'!GJ42+'[3]CB-19'!GJ42+'[3]CB-20'!GJ42+'[3]CB-21'!GJ42+'[3]CB-22'!GJ42+'[3]CB-23'!GJ42+'[3]CB-24'!GJ42+'[4]LCT-1'!GJ42+'[4]LCT-2'!GJ42+'[4]LCT-3'!GJ42+'[4]LCT-4'!GJ42+'[4]LCT-5'!GJ42+'[4]LCT-6'!GJ42+'[4]LCT-7'!GJ42+'[4]LCT-8'!GJ42+'[5]TB-1'!GJ42+'[5]TB-2'!GJ42+'[5]TB-3'!GJ42+'[5]TB-4'!GJ42+'[5]TB-5'!GJ42+'[5]TB-6'!GJ42+'[5]TB-7'!GJ42+'[5]TB-8'!GJ42+'[5]TB-9'!GJ42+'[5]TB-10'!GJ42+'[6]DSV-1'!GJ42+'[6]DSV-2'!GJ42+'[6]DSV-3'!GJ42+'[7]TUB-1'!GJ42+'[7]TUB-2'!GJ42+'[8]Barge-1'!GJ42+'[8]Barge-2'!GJ42+'[8]Barge-3'!GJ42+'[8]Barge-4'!GJ42 -> 1562.5667 | M15: =(L15/L23)*100% -> 0.2240057 | V15: =A15 -> P_NORTH SANTAN TERMINAL | X15: =Distribute!AL42 -> 1.7709971e+09 | Z15: =Distribute!AM42 -> 1.8725665e+09 | AB15: =Distribute!AN42 -> 0 | AD15: =SUM(X15,Z15,AB15) -> 3.6435636e+09 | AE15: =(AD15/AD23)*100% -> 0.2787155 | AG15: ='[2]AHTS-1'!GJ42+'[2]AHTS-2'!GJ42+'[2]AHTS-3'!GJ42+'[2]AHTS-4'!GJ42+'[2]AHTS-5'!GJ42+'[2]AHTS-6'!GJ42+'[2]AHTS-7'!GJ42+'[2]AHTS-8'!GJ42+'[3]CB-1'!GJ42+'[3]CB-2'!GJ42+'[3]CB-3'!GJ42+'[3]CB-4'!GJ42+'[3]CB-5'!GJ42+'[3]CB-6'!GJ42+'[3]CB-7'!GJ42+'[3]CB-8'!GJ42+'[3]CB-9'!GJ42+'[3]CB-10'!GJ42+'[3]CB-11'!GJ42+'[3]CB-12'!GJ42+'[3]CB-13'!GJ42+'[3]CB-14'!GJ42+'[3]CB-15'!GJ42+'[3]CB-16'!GJ42+'[3]CB-17'!GJ42+'[3]CB-18'!GJ42+'[3]CB-19'!GJ42+'[3]CB-20'!GJ42+'[3]CB-21'!GJ42+'[3]CB-22'!GJ42+'[3]CB-23'!GJ42+'[3]CB-24'!GJ42+'[4]LCT-1'!GJ42+'[4]LCT-2'!GJ42+'[4]LCT-3'!GJ42+'[4]LCT-4'!GJ42+'[4]LCT-5'!GJ42+'[4]LCT-6'!GJ42+'[4]LCT-7'!GJ42+'[4]LCT-8'!GJ42+'[5]TB-1'!GJ42+'[5]TB-2'!GJ42+'[5]TB-3'!GJ42+'[5]TB-4'!GJ42+'[5]TB-5'!GJ42+'[5]TB-6'!GJ42+'[5]TB-7'!GJ42+'[5]TB-8'!GJ42+'[5]TB-9'!GJ42+'[5]TB-10'!GJ42+'[6]DSV-1'!GJ42+'[6]DSV-2'!GJ42+'[6]DSV-3'!GJ42+'[7]TUB-1'!GJ42+'[7]TUB-2'!GJ42+'[8]Barge-1'!GJ42+'[8]Barge-2'!GJ42+'[8]Barge-3'!GJ42 -> 1562.5667 | AH15: =(AG15/AG23)*100% -> 0.2240057
A17: =Distribute!O9 -> P_NORTH SECURITY PATROL | C17: =Distribute!O42 -> 1302.6383 | E17: =Distribute!P42 -> 8357.905 | G17: =Distribute!Q42 -> 0 | I17: =SUM(C17,E17,G17) -> 9660.5434 | J17: =(I17/I23)*100% -> 0.011659399 | L17: ='[2]AHTS-1'!GK42+'[2]AHTS-2'!GK42+'[2]AHTS-3'!GK42+'[2]AHTS-4'!GK42+'[2]AHTS-5'!GK42+'[2]AHTS-6'!GK42+'[2]AHTS-7'!GK42+'[2]AHTS-8'!GK42+'[3]CB-1'!GK42+'[3]CB-2'!GK42+'[3]CB-3'!GK42+'[3]CB-4'!GK42+'[3]CB-5'!GK42+'[3]CB-6'!GK42+'[3]CB-7'!GK42+'[3]CB-8'!GK42+'[3]CB-9'!GK42+'[3]CB-10'!GK42+'[3]CB-11'!GK42+'[3]CB-12'!GK42+'[3]CB-13'!GK42+'[3]CB-14'!GK42+'[3]CB-15'!GK42+'[3]CB-16'!GK42+'[3]CB-17'!GK42+'[3]CB-18'!GK42+'[3]CB-19'!GK42+'[3]CB-20'!GK42+'[3]CB-21'!GK42+'[3]CB-22'!GK42+'[3]CB-23'!GK42+'[3]CB-24'!GK42+'[4]LCT-1'!GK42+'[4]LCT-2'!GK42+'[4]LCT-3'!GK42+'[4]LCT-4'!GK42+'[4]LCT-5'!GK42+'[4]LCT-6'!GK42+'[4]LCT-7'!GK42+'[4]LCT-8'!GK42+'[5]TB-1'!GK42+'[5]TB-2'!GK42+'[5]TB-3'!GK42+'[5]TB-4'!GK42+'[5]TB-5'!GK42+'[5]TB-6'!GK42+'[5]TB-7'!GK42+'[5]TB-8'!GK42+'[5]TB-9'!GK42+'[5]TB-10'!GK42+'[6]DSV-1'!GK42+'[6]DSV-2'!GK42+'[6]DSV-3'!GK42+'[7]TUB-1'!GK42+'[7]TUB-2'!GK42+'[8]Barge-1'!GK42+'[8]Barge-2'!GK42+'[8]Barge-3'!GK42+'[8]Barge-4'!GK42 -> 243.33333 | M17: =(L17/L23)*100% -> 0.034883665 | V17: =A17 -> P_NORTH SECURITY PATROL | X17: =Distribute!AO42 -> 20541903 | Z17: =Distribute!AP42 -> 1.3180556e+08 | AB17: =Distribute!AQ42 -> 0 | AD17: =SUM(X17,Z17,AB17) -> 1.5234746e+08 | AE17: =(AD17/AD23)*100% -> 0.011653865 | AG17: ='[2]AHTS-1'!GK42+'[2]AHTS-2'!GK42+'[2]AHTS-3'!GK42+'[2]AHTS-4'!GK42+'[2]AHTS-5'!GK42+'[2]AHTS-6'!GK42+'[2]AHTS-7'!GK42+'[2]AHTS-8'!GK42+'[3]CB-1'!GK42+'[3]CB-2'!GK42+'[3]CB-3'!GK42+'[3]CB-4'!GK42+'[3]CB-5'!GK42+'[3]CB-6'!GK42+'[3]CB-7'!GK42+'[3]CB-8'!GK42+'[3]CB-9'!GK42+'[3]CB-10'!GK42+'[3]CB-11'!GK42+'[3]CB-12'!GK42+'[3]CB-13'!GK42+'[3]CB-14'!GK42+'[3]CB-15'!GK42+'[3]CB-16'!GK42+'[3]CB-17'!GK42+'[3]CB-18'!GK42+'[3]CB-19'!GK42+'[3]CB-20'!GK42+'[3]CB-21'!GK42+'[3]CB-22'!GK42+'[3]CB-23'!GK42+'[3]CB-24'!GK42+'[4]LCT-1'!GK42+'[4]LCT-2'!GK42+'[4]LCT-3'!GK42+'[4]LCT-4'!GK42+'[4]LCT-5'!GK42+'[4]LCT-6'!GK42+'[4]LCT-7'!GK42+'[4]LCT-8'!GK42+'[5]TB-1'!GK42+'[5]TB-2'!GK42+'[5]TB-3'!GK42+'[5]TB-4'!GK42+'[5]TB-5'!GK42+'[5]TB-6'!GK42+'[5]TB-7'!GK42+'[5]TB-8'!GK42+'[5]TB-9'!GK42+'[5]TB-10'!GK42+'[6]DSV-1'!GK42+'[6]DSV-2'!GK42+'[6]DSV-3'!GK42+'[7]TUB-1'!GK42+'[7]TUB-2'!GK42+'[8]Barge-1'!GK42+'[8]Barge-2'!GK42+'[8]Barge-3'!GK42 -> 243.33333 | AH17: =(AG17/AG23)*100% -> 0.034883665
A19: =Distribute!R9 -> P_SOUTH | C19: =Distribute!R42 -> 141824.9 | E19: =Distribute!S42 -> 168270.28 | G19: =Distribute!T42 -> 0 | I19: =SUM(C19,E19,G19) -> 310095.17 | J19: =(I19/I23)*100% -> 0.37425674 | L19: ='[2]AHTS-1'!GL42+'[2]AHTS-2'!GL42+'[2]AHTS-3'!GL42+'[2]AHTS-4'!GL42+'[2]AHTS-5'!GL42+'[2]AHTS-6'!GL42+'[2]AHTS-7'!GL42+'[2]AHTS-8'!GL42+'[3]CB-1'!GL42+'[3]CB-2'!GL42+'[3]CB-3'!GL42+'[3]CB-4'!GL42+'[3]CB-5'!GL42+'[3]CB-6'!GL42+'[3]CB-7'!GL42+'[3]CB-8'!GL42+'[3]CB-9'!GL42+'[3]CB-10'!GL42+'[3]CB-11'!GL42+'[3]CB-12'!GL42+'[3]CB-13'!GL42+'[3]CB-14'!GL42+'[3]CB-15'!GL42+'[3]CB-16'!GL42+'[3]CB-17'!GL42+'[3]CB-18'!GL42+'[3]CB-19'!GL42+'[3]CB-20'!GL42+'[3]CB-21'!GL42+'[3]CB-22'!GL42+'[3]CB-23'!GL42+'[3]CB-24'!GL42+'[4]LCT-1'!GL42+'[4]LCT-2'!GL42+'[4]LCT-3'!GL42+'[4]LCT-4'!GL42+'[4]LCT-5'!GL42+'[4]LCT-6'!GL42+'[4]LCT-7'!GL42+'[4]LCT-8'!GL42+'[5]TB-1'!GL42+'[5]TB-2'!GL42+'[5]TB-3'!GL42+'[5]TB-4'!GL42+'[5]TB-5'!GL42+'[5]TB-6'!GL42+'[5]TB-7'!GL42+'[5]TB-8'!GL42+'[5]TB-9'!GL42+'[5]TB-10'!GL42+'[6]DSV-1'!GL42+'[6]DSV-2'!GL42+'[6]DSV-3'!GL42+'[7]TUB-1'!GL42+'[7]TUB-2'!GL42+'[8]Barge-1'!GL42+'[8]Barge-2'!GL42+'[8]Barge-3'!GL42+'[8]Barge-4'!GL42 -> 3202 | M19: =(L19/L23)*100% -> 0.45903081 | V19: =A19 -> P_SOUTH | X19: =Distribute!AR42 -> 2.2364251e+09 | Z19: =Distribute!AS42 -> 2653700000 | AB19: =Distribute!AT42 -> 0 | AD19: =SUM(X19,Z19,AB19) -> 4.8901251e+09 | AE19: =(AD19/AD23)*100% -> 0.3740716 | AG19: ='[2]AHTS-1'!GL42+'[2]AHTS-2'!GL42+'[2]AHTS-3'!GL42+'[2]AHTS-4'!GL42+'[2]AHTS-5'!GL42+'[2]AHTS-6'!GL42+'[2]AHTS-7'!GL42+'[2]AHTS-8'!GL42+'[3]CB-1'!GL42+'[3]CB-2'!GL42+'[3]CB-3'!GL42+'[3]CB-4'!GL42+'[3]CB-5'!GL42+'[3]CB-6'!GL42+'[3]CB-7'!GL42+'[3]CB-8'!GL42+'[3]CB-9'!GL42+'[3]CB-10'!GL42+'[3]CB-11'!GL42+'[3]CB-12'!GL42+'[3]CB-13'!GL42+'[3]CB-14'!GL42+'[3]CB-15'!GL42+'[3]CB-16'!GL42+'[3]CB-17'!GL42+'[3]CB-18'!GL42+'[3]CB-19'!GL42+'[3]CB-20'!GL42+'[3]CB-21'!GL42+'[3]CB-22'!GL42+'[3]CB-23'!GL42+'[3]CB-24'!GL42+'[4]LCT-1'!GL42+'[4]LCT-2'!GL42+'[4]LCT-3'!GL42+'[4]LCT-4'!GL42+'[4]LCT-5'!GL42+'[4]LCT-6'!GL42+'[4]LCT-7'!GL42+'[4]LCT-8'!GL42+'[5]TB-1'!GL42+'[5]TB-2'!GL42+'[5]TB-3'!GL42+'[5]TB-4'!GL42+'[5]TB-5'!GL42+'[5]TB-6'!GL42+'[5]TB-7'!GL42+'[5]TB-8'!GL42+'[5]TB-9'!GL42+'[5]TB-10'!GL42+'[6]DSV-1'!GL42+'[6]DSV-2'!GL42+'[6]DSV-3'!GL42+'[7]TUB-1'!GL42+'[7]TUB-2'!GL42+'[8]Barge-1'!GL42+'[8]Barge-2'!GL42+'[8]Barge-3'!GL42 -> 3202 | AH19: =(AG19/AG23)*100% -> 0.45903081
A21: =Distribute!U9 -> P_SOUTH SECURITY PATROL | C21: =Distribute!U42 -> 0 | E21: =Distribute!V42 -> 0 | G21: =Distribute!W42 -> 0 | I21: =SUM(C21,E21,G21) -> 0 | J21: =(I21/I23)*100% -> 0 | L21: ='[2]AHTS-1'!GM42+'[2]AHTS-2'!GM42+'[2]AHTS-3'!GM42+'[2]AHTS-4'!GM42+'[2]AHTS-5'!GM42+'[2]AHTS-6'!GM42+'[2]AHTS-7'!GM42+'[2]AHTS-8'!GM42+'[3]CB-1'!GM42+'[3]CB-2'!GM42+'[3]CB-3'!GM42+'[3]CB-4'!GM42+'[3]CB-5'!GM42+'[3]CB-6'!GM42+'[3]CB-7'!GM42+'[3]CB-8'!GM42+'[3]CB-9'!GM42+'[3]CB-10'!GM42+'[3]CB-11'!GM42+'[3]CB-12'!GM42+'[3]CB-13'!GM42+'[3]CB-14'!GM42+'[3]CB-15'!GM42+'[3]CB-16'!GM42+'[3]CB-17'!GM42+'[3]CB-18'!GM42+'[3]CB-19'!GM42+'[3]CB-20'!GM42+'[3]CB-21'!GM42+'[3]CB-22'!GM42+'[3]CB-23'!GM42+'[3]CB-24'!GM42+'[4]LCT-1'!GM42+'[4]LCT-2'!GM42+'[4]LCT-3'!GM42+'[4]LCT-4'!GM42+'[4]LCT-5'!GM42+'[4]LCT-6'!GM42+'[4]LCT-7'!GM42+'[4]LCT-8'!GM42+'[5]TB-1'!GM42+'[5]TB-2'!GM42+'[5]TB-3'!GM42+'[5]TB-4'!GM42+'[5]TB-5'!GM42+'[5]TB-6'!GM42+'[5]TB-7'!GM42+'[5]TB-8'!GM42+'[5]TB-9'!GM42+'[5]TB-10'!GM42+'[6]DSV-1'!GM42+'[6]DSV-2'!GM42+'[6]DSV-3'!GM42+'[7]TUB-1'!GM42+'[7]TUB-2'!GM42+'[8]Barge-1'!GM42+'[8]Barge-2'!GM42+'[8]Barge-3'!GM42+'[8]Barge-4'!GM42 -> 0 | M21: =(L21/L23)*100% -> 0 | V21: =A21 -> P_SOUTH SECURITY PATROL | X21: =Distribute!AU42 -> 0 | Z21: =Distribute!AV42 -> 0 | AB21: =Distribute!AW42 -> 0 | AD21: =SUM(X21,Z21,AB21) -> 0 | AE21: =(AD21/AD23)*100% -> 0 | AG21: ='[2]AHTS-1'!GM42+'[2]AHTS-2'!GM42+'[2]AHTS-3'!GM42+'[2]AHTS-4'!GM42+'[2]AHTS-5'!GM42+'[2]AHTS-6'!GM42+'[2]AHTS-7'!GM42+'[2]AHTS-8'!GM42+'[3]CB-1'!GM42+'[3]CB-2'!GM42+'[3]CB-3'!GM42+'[3]CB-4'!GM42+'[3]CB-5'!GM42+'[3]CB-6'!GM42+'[3]CB-7'!GM42+'[3]CB-8'!GM42+'[3]CB-9'!GM42+'[3]CB-10'!GM42+'[3]CB-11'!GM42+'[3]CB-12'!GM42+'[3]CB-13'!GM42+'[3]CB-14'!GM42+'[3]CB-15'!GM42+'[3]CB-16'!GM42+'[3]CB-17'!GM42+'[3]CB-18'!GM42+'[3]CB-19'!GM42+'[3]CB-20'!GM42+'[3]CB-21'!GM42+'[3]CB-22'!GM42+'[3]CB-23'!GM42+'[3]CB-24'!GM42+'[4]LCT-1'!GM42+'[4]LCT-2'!GM42+'[4]LCT-3'!GM42+'[4]LCT-4'!GM42+'[4]LCT-5'!GM42+'[4]LCT-6'!GM42+'[4]LCT-7'!GM42+'[4]LCT-8'!GM42+'[5]TB-1'!GM42+'[5]TB-2'!GM42+'[5]TB-3'!GM42+'[5]TB-4'!GM42+'[5]TB-5'!GM42+'[5]TB-6'!GM42+'[5]TB-7'!GM42+'[5]TB-8'!GM42+'[5]TB-9'!GM42+'[5]TB-10'!GM42+'[6]DSV-1'!GM42+'[6]DSV-2'!GM42+'[6]DSV-3'!GM42+'[7]TUB-1'!GM42+'[7]TUB-2'!GM42+'[8]Barge-1'!GM42+'[8]Barge-2'!GM42+'[8]Barge-3'!GM42 -> 0 | AH21: =(AG21/AG23)*100% -> 0
A23: TOTAL COST | C23: =SUM(C9:C21) -> 402490.12 | E23: =SUM(E9:E21) -> 426072.58 | G23: =SUM(G9:G21) -> 0 | I23: =SUM(I9:I21) -> 828562.7 | J23: =SUM(J9,J11,J13,J15,J17,J19,J21) -> 1 | L23: =SUM(L9,L11,L13,L15,L17,L19,L21) -> 6975.5667 | M23: =SUM(M9,M11,M13,M15,M17,M19,M21) -> 1 | V23: TOTAL COST | X23: =SUM(X9:X21) -> 6.3503017e+09 | Z23: =SUM(Z9:Z21) -> 6.7223964e+09 | AB23: =SUM(AB9:AB21) -> 0 | AD23: =SUM(AD9:AD21) -> 1.3072698e+10 | AE23: =SUM(AE9,AE11,AE13,AE15,AE17,AE19,AE21) -> 1 | AG23: =SUM(AG9,AG11,AG13,AG15,AG17,AG19,AG21) -> 6975.5667 | AH23: =SUM(AH9,AH11,AH13,AH15,AH17,AH19,AH21) -> 1
D26: Summary | I26: Daily Boat Cost Distribution to each Operations Area | O26: Operations Boat Cost Analysis | Y26: Summary | AD26: Daily Boat Cost Distribution to each Operations Area | AJ26: Operations Boat Cost Analysis
A46: =L5 -> 25 Nov - 24 Dec 2025 | C46: Fuel (liter)
A47: =A9 -> - | C47: =Distribute!C82 -> 0
A48: =A11 -> P_NORTH ATTAKA | C48: =Distribute!F82 -> 47315.004
A49: =A13 -> P_NORTH NIB | C49: =Distribute!I82 -> 96482.992
A50: =A15 -> P_NORTH SANTAN TERMINAL | C50: =Distribute!L82 -> 109659.26
A51: =A17 -> P_NORTH SECURITY PATROL | C51: =Distribute!O82 -> 1271.9444
A52: =A19 -> P_SOUTH | C52: =Distribute!R82 -> 138478.33
A53: =A21 -> P_SOUTH SECURITY PATROL | C53: =Distribute!U82 -> 0
A54: TOTAL (liter) | C54: =SUM(C47:C53) -> 393207.53

Sheet Distribute
D8: 1 | G8: 2 | J8: 3 | M8: 4 | P8: 5 | S8: 6 | V8: 7 | AD8: 1 | AG8: 2 | AJ8: 3 | AM8: 4 | AP8: 5 | AS8: 6 | AV8: 7
C9: =[1]Control!$HE$10 -> - | F9: =[1]Control!$HF$10 -> P_NORTH ATTAKA | I9: =[1]Control!$HG$10 -> P_NORTH NIB | L9: =[1]Control!$HH$10 -> P_NORTH SANTAN TERMINAL | O9: =[1]Control!$HI$10 -> P_NORTH SECURITY PATROL | R9: =[1]Control!$HJ$10 -> P_SOUTH | U9: =[1]Control!$HK$10 -> P_SOUTH SECURITY PATROL | AC9: =[1]Control!$HE$10 -> - | AF9: =[1]Control!$HF$10 -> P_NORTH ATTAKA | AI9: =[1]Control!$HG$10 -> P_NORTH NIB | AL9: =[1]Control!$HH$10 -> P_NORTH SANTAN TERMINAL | AO9: =[1]Control!$HI$10 -> P_NORTH SECURITY PATROL | AR9: =[1]Control!$HJ$10 -> P_SOUTH | AU9: =[1]Control!$HK$10 -> P_SOUTH SECURITY PATROL
A10: DATE | C10: FUEL | D10: DAYRATE | E10: MOB / DEMOB | F10: FUEL | G10: DAYRATE | H10: MOB / DEMOB | I10: FUEL | J10: DAYRATE | K10: MOB / DEMOB | L10: FUEL | M10: DAYRATE | N10: MOB / DEMOB | O10: FUEL | P10: DAYRATE | Q10: MOB / DEMOB | R10: FUEL | S10: DAYRATE | T10: MOB / DEMOB | U10: FUEL | V10: DAYRATE | W10: MOB / DEMOB | AA10: DATE | AC10: FUEL | AD10: DAYRATE | AE10: MOB / DEMOB | AF10: FUEL | AG10: DAYRATE | AH10: MOB / DEMOB | AI10: FUEL | AJ10: DAYRATE | AK10: MOB / DEMOB | AL10: FUEL | AM10: DAYRATE | AN10: MOB / DEMOB | AO10: FUEL | AP10: DAYRATE | AQ10: MOB / DEMOB | AR10: FUEL | AS10: DAYRATE | AT10: MOB / DEMOB | AU10: FUEL | AV10: DAYRATE | AW10: MOB / DEMOB
A11: =[1]Control!AZ11 -> 45986 | C11: ='[2]AHTS-1'!AV11+'[2]AHTS-2'!AV11+'[2]AHTS-3'!AV11+'[2]AHTS-4'!AV11+'[2]AHTS-5'!AV11+'[2]AHTS-6'!AV11+'[2]AHTS-7'!AV11+'[2]AHTS-8'!AV11+'[3]CB-1'!AV11+'[3]CB-2'!AV11+'[3]CB-3'!AV11+'[3]CB-4'!AV11+'[3]CB-5'!AV11+'[3]CB-6'!AV11+'[3]CB-7'!AV11+'[3]CB-8'!AV11+'[3]CB-9'!AV11+'[3]CB-10'!AV11+'[3]CB-11'!AV11+'[3]CB-12'!AV11+'[3]CB-13'!AV11+'[3]CB-14'!AV11+'[3]CB-15'!AV11+'[3]CB-16'!AV11+'[3]CB-17'!AV11+'[3]CB-18'!AV11+'[3]CB-19'!AV11+'[3]CB-20'!AV11+'[3]CB-21'!AV11+'[3]CB-22'!AV11+'[3]CB-23'!AV11+'[3]CB-24'!AV11+'[4]LCT-1'!AV11+'[4]LCT-2'!AV11+'[4]LCT-3'!AV11+'[4]LCT-4'!AV11+'[4]LCT-5'!AV11+'[4]LCT-6'!AV11+'[4]LCT-7'!AV11+'[4]LCT-8'!AV11+'[5]TB-1'!AV11+'[5]TB-2'!AV11+'[5]TB-3'!AV11+'[5]TB-4'!AV11+'[5]TB-5'!AV11+'[5]TB-6'!AV11+'[5]TB-7'!AV11+'[5]TB-8'!AV11+'[5]TB-9'!AV11+'[5]TB-10'!AV11+'[6]DSV-1'!AV11+'[6]DSV-2'!AV11+'[6]DSV-3'!AV11+'[7]TUB-1'!AV11+'[7]TUB-2'!AV11+'[8]Barge-1'!AV11+'[8]Barge-2'!AV11+'[8]Barge-3'!AV11+'[8]Barge-4'!AV11 -> 0 | D11: ='[2]AHTS-1'!BR11+'[2]AHTS-2'!BR11+'[2]AHTS-3'!BR11+'[2]AHTS-4'!BR11+'[2]AHTS-5'!BR11+'[2]AHTS-6'!BR11+'[2]AHTS-7'!BR11+'[2]AHTS-8'!BR11+'[3]CB-1'!BR11+'[3]CB-2'!BR11+'[3]CB-3'!BR11+'[3]CB-4'!BR11+'[3]CB-5'!BR11+'[3]CB-6'!BR11+'[3]CB-7'!BR11+'[3]CB-8'!BR11+'[3]CB-9'!BR11+'[3]CB-10'!BR11+'[3]CB-11'!BR11+'[3]CB-12'!BR11+'[3]CB-13'!BR11+'[3]CB-14'!BR11+'[3]CB-15'!BR11+'[3]CB-16'!BR11+'[3]CB-17'!BR11+'[3]CB-18'!BR11+'[3]CB-19'!BR11+'[3]CB-20'!BR11+'[3]CB-21'!BR11+'[3]CB-22'!BR11+'[3]CB-23'!BR11+'[3]CB-24'!BR11+'[4]LCT-1'!BR11+'[4]LCT-2'!BR11+'[4]LCT-3'!BR11+'[4]LCT-4'!BR11+'[4]LCT-5'!BR11+'[4]LCT-6'!BR11+'[4]LCT-7'!BR11+'[4]LCT-8'!BR11+'[5]TB-1'!BR11+'[5]TB-2'!BR11+'[5]TB-3'!BR11+'[5]TB-4'!BR11+'[5]TB-5'!BR11+'[5]TB-6'!BR11+'[5]TB-7'!BR11+'[5]TB-8'!BR11+'[5]TB-9'!BR11+'[5]TB-10'!BR11+'[6]DSV-1'!BR11+'[6]DSV-2'!BR11+'[6]DSV-3'!BR11+'[7]TUB-1'!BR11+'[7]TUB-2'!BR11+'[8]Barge-1'!BR11+'[8]Barge-2'!BR11+'[8]Barge-3'!BR11+'[8]Barge-4'!BR11 -> 0 | E11: ='[2]AHTS-1'!CN11+'[2]AHTS-2'!CN11+'[2]AHTS-3'!CN11+'[2]AHTS-4'!CN11+'[2]AHTS-5'!CN11+'[2]AHTS-6'!CN11+'[2]AHTS-7'!CN11+'[2]AHTS-8'!CN11+'[3]CB-1'!CN11+'[3]CB-2'!CN11+'[3]CB-3'!CN11+'[3]CB-4'!CN11+'[3]CB-5'!CN11+'[3]CB-6'!CN11+'[3]CB-7'!CN11+'[3]CB-8'!CN11+'[3]CB-9'!CN11+'[3]CB-10'!CN11+'[3]CB-11'!CN11+'[3]CB-12'!CN11+'[3]CB-13'!CN11+'[3]CB-14'!CN11+'[3]CB-15'!CN11+'[3]CB-16'!CN11+'[3]CB-17'!CN11+'[3]CB-18'!CN11+'[3]CB-19'!CN11+'[3]CB-20'!CN11+'[3]CB-21'!CN11+'[3]CB-22'!CN11+'[3]CB-23'!CN11+'[3]CB-24'!CN11+'[4]LCT-1'!CN11+'[4]LCT-2'!CN11+'[4]LCT-3'!CN11+'[4]LCT-4'!CN11+'[4]LCT-5'!CN11+'[4]LCT-6'!CN11+'[4]LCT-7'!CN11+'[4]LCT-8'!CN11+'[5]TB-1'!CN11+'[5]TB-2'!CN11+'[5]TB-3'!CN11+'[5]TB-4'!CN11+'[5]TB-5'!CN11+'[5]TB-6'!CN11+'[5]TB-7'!CN11+'[5]TB-8'!CN11+'[5]TB-9'!CN11+'[5]TB-10'!CN11+'[6]DSV-1'!CN11+'[6]DSV-2'!CN11+'[6]DSV-3'!CN11+'[7]TUB-1'!CN11+'[7]TUB-2'!CN11+'[8]Barge-1'!CN11+'[8]Barge-2'!CN11+'[8]Barge-3'!CN11+'[8]Barge-4'!CN11 -> 0 | F11: ='[2]AHTS-1'!AW11+'[2]AHTS-2'!AW11+'[2]AHTS-3'!AW11+'[2]AHTS-4'!AW11+'[2]AHTS-5'!AW11+'[2]AHTS-6'!AW11+'[2]AHTS-7'!AW11+'[2]AHTS-8'!AW11+'[3]CB-1'!AW11+'[3]CB-2'!AW11+'[3]CB-3'!AW11+'[3]CB-4'!AW11+'[3]CB-5'!AW11+'[3]CB-6'!AW11+'[3]CB-7'!AW11+'[3]CB-8'!AW11+'[3]CB-9'!AW11+'[3]CB-10'!AW11+'[3]CB-11'!AW11+'[3]CB-12'!AW11+'[3]CB-13'!AW11+'[3]CB-14'!AW11+'[3]CB-15'!AW11+'[3]CB-16'!AW11+'[3]CB-17'!AW11+'[3]CB-18'!AW11+'[3]CB-19'!AW11+'[3]CB-20'!AW11+'[3]CB-21'!AW11+'[3]CB-22'!AW11+'[3]CB-23'!AW11+'[3]CB-24'!AW11+'[4]LCT-1'!AW11+'[4]LCT-2'!AW11+'[4]LCT-3'!AW11+'[4]LCT-4'!AW11+'[4]LCT-5'!AW11+'[4]LCT-6'!AW11+'[4]LCT-7'!AW11+'[4]LCT-8'!AW11+'[5]TB-1'!AW11+'[5]TB-2'!AW11+'[5]TB-3'!AW11+'[5]TB-4'!AW11+'[5]TB-5'!AW11+'[5]TB-6'!AW11+'[5]TB-7'!AW11+'[5]TB-8'!AW11+'[5]TB-9'!AW11+'[5]TB-10'!AW11+'[6]DSV-1'!AW11+'[6]DSV-2'!AW11+'[6]DSV-3'!AW11+'[7]TUB-1'!AW11+'[7]TUB-2'!AW11+'[8]Barge-1'!AW11+'[8]Barge-2'!AW11+'[8]Barge-3'!AW11+'[8]Barge-4'!AW11 -> 1578.6783 | G11: ='[2]AHTS-1'!BS11+'[2]AHTS-2'!BS11+'[2]AHTS-3'!BS11+'[2]AHTS-4'!BS11+'[2]AHTS-5'!BS11+'[2]AHTS-6'!BS11+'[2]AHTS-7'!BS11+'[2]AHTS-8'!BS11+'[3]CB-1'!BS11+'[3]CB-2'!BS11+'[3]CB-3'!BS11+'[3]CB-4'!BS11+'[3]CB-5'!BS11+'[3]CB-6'!BS11+'[3]CB-7'!BS11+'[3]CB-8'!BS11+'[3]CB-9'!BS11+'[3]CB-10'!BS11+'[3]CB-11'!BS11+'[3]CB-12'!BS11+'[3]CB-13'!BS11+'[3]CB-14'!BS11+'[3]CB-15'!BS11+'[3]CB-16'!BS11+'[3]CB-17'!BS11+'[3]CB-18'!BS11+'[3]CB-19'!BS11+'[3]CB-20'!BS11+'[3]CB-21'!BS11+'[3]CB-22'!BS11+'[3]CB-23'!BS11+'[3]CB-24'!BS11+'[4]LCT-1'!BS11+'[4]LCT-2'!BS11+'[4]LCT-3'!BS11+'[4]LCT-4'!BS11+'[4]LCT-5'!BS11+'[4]LCT-6'!BS11+'[4]LCT-7'!BS11+'[4]LCT-8'!BS11+'[5]TB-1'!BS11+'[5]TB-2'!BS11+'[5]TB-3'!BS11+'[5]TB-4'!BS11+'[5]TB-5'!BS11+'[5]TB-6'!BS11+'[5]TB-7'!BS11+'[5]TB-8'!BS11+'[5]TB-9'!BS11+'[5]TB-10'!BS11+'[6]DSV-1'!BS11+'[6]DSV-2'!BS11+'[6]DSV-3'!BS11+'[7]TUB-1'!BS11+'[7]TUB-2'!BS11+'[8]Barge-1'!BS11+'[8]Barge-2'!BS11+'[8]Barge-3'!BS11+'[8]Barge-4'!BS11 -> 1652.1104 | H11: ='[2]AHTS-1'!CO11+'[2]AHTS-2'!CO11+'[2]AHTS-3'!CO11+'[2]AHTS-4'!CO11+'[2]AHTS-5'!CO11+'[2]AHTS-6'!CO11+'[2]AHTS-7'!CO11+'[2]AHTS-8'!CO11+'[3]CB-1'!CO11+'[3]CB-2'!CO11+'[3]CB-3'!CO11+'[3]CB-4'!CO11+'[3]CB-5'!CO11+'[3]CB-6'!CO11+'[3]CB-7'!CO11+'[3]CB-8'!CO11+'[3]CB-9'!CO11+'[3]CB-10'!CO11+'[3]CB-11'!CO11+'[3]CB-12'!CO11+'[3]CB-13'!CO11+'[3]CB-14'!CO11+'[3]CB-15'!CO11+'[3]CB-16'!CO11+'[3]CB-17'!CO11+'[3]CB-18'!CO11+'[3]CB-19'!CO11+'[3]CB-20'!CO11+'[3]CB-21'!CO11+'[3]CB-22'!CO11+'[3]CB-23'!CO11+'[3]CB-24'!CO11+'[4]LCT-1'!CO11+'[4]LCT-2'!CO11+'[4]LCT-3'!CO11+'[4]LCT-4'!CO11+'[4]LCT-5'!CO11+'[4]LCT-6'!CO11+'[4]LCT-7'!CO11+'[4]LCT-8'!CO11+'[5]TB-1'!CO11+'[5]TB-2'!CO11+'[5]TB-3'!CO11+'[5]TB-4'!CO11+'[5]TB-5'!CO11+'[5]TB-6'!CO11+'[5]TB-7'!CO11+'[5]TB-8'!CO11+'[5]TB-9'!CO11+'[5]TB-10'!CO11+'[6]DSV-1'!CO11+'[6]DSV-2'!CO11+'[6]DSV-3'!CO11+'[7]TUB-1'!CO11+'[7]TUB-2'!CO11+'[8]Barge-1'!CO11+'[8]Barge-2'!CO11+'[8]Barge-3'!CO11+'[8]Barge-4'!CO11 -> 0 | I11: ='[2]AHTS-1'!AX11+'[2]AHTS-2'!AX11+'[2]AHTS-3'!AX11+'[2]AHTS-4'!AX11+'[2]AHTS-5'!AX11+'[2]AHTS-6'!AX11+'[2]AHTS-7'!AX11+'[2]AHTS-8'!AX11+'[3]CB-1'!AX11+'[3]CB-2'!AX11+'[3]CB-3'!AX11+'[3]CB-4'!AX11+'[3]CB-5'!AX11+'[3]CB-6'!AX11+'[3]CB-7'!AX11+'[3]CB-8'!AX11+'[3]CB-9'!AX11+'[3]CB-10'!AX11+'[3]CB-11'!AX11+'[3]CB-12'!AX11+'[3]CB-13'!AX11+'[3]CB-14'!AX11+'[3]CB-15'!AX11+'[3]CB-16'!AX11+'[3]CB-17'!AX11+'[3]CB-18'!AX11+'[3]CB-19'!AX11+'[3]CB-20'!AX11+'[3]CB-21'!AX11+'[3]CB-22'!AX11+'[3]CB-23'!AX11+'[3]CB-24'!AX11+'[4]LCT-1'!AX11+'[4]LCT-2'!AX11+'[4]LCT-3'!AX11+'[4]LCT-4'!AX11+'[4]LCT-5'!AX11+'[4]LCT-6'!AX11+'[4]LCT-7'!AX11+'[4]LCT-8'!AX11+'[5]TB-1'!AX11+'[5]TB-2'!AX11+'[5]TB-3'!AX11+'[5]TB-4'!AX11+'[5]TB-5'!AX11+'[5]TB-6'!AX11+'[5]TB-7'!AX11+'[5]TB-8'!AX11+'[5]TB-9'!AX11+'[5]TB-10'!AX11+'[6]DSV-1'!AX11+'[6]DSV-2'!AX11+'[6]DSV-3'!AX11+'[7]TUB-1'!AX11+'[7]TUB-2'!AX11+'[8]Barge-1'!AX11+'[8]Barge-2'!AX11+'[8]Barge-3'!AX11+'[8]Barge-4'!AX11 -> 2128.8433 | J11: ='[2]AHTS-1'!BT11+'[2]AHTS-2'!BT11+'[2]AHTS-3'!BT11+'[2]AHTS-4'!BT11+'[2]AHTS-5'!BT11+'[2]AHTS-6'!BT11+'[2]AHTS-7'!BT11+'[2]AHTS-8'!BT11+'[3]CB-1'!BT11+'[3]CB-2'!BT11+'[3]CB-3'!BT11+'[3]CB-4'!BT11+'[3]CB-5'!BT11+'[3]CB-6'!BT11+'[3]CB-7'!BT11+'[3]CB-8'!BT11+'[3]CB-9'!BT11+'[3]CB-10'!BT11+'[3]CB-11'!BT11+'[3]CB-12'!BT11+'[3]CB-13'!BT11+'[3]CB-14'!BT11+'[3]CB-15'!BT11+'[3]CB-16'!BT11+'[3]CB-17'!BT11+'[3]CB-18'!BT11+'[3]CB-19'!BT11+'[3]CB-20'!BT11+'[3]CB-21'!BT11+'[3]CB-22'!BT11+'[3]CB-23'!BT11+'[3]CB-24'!BT11+'[4]LCT-1'!BT11+'[4]LCT-2'!BT11+'[4]LCT-3'!BT11+'[4]LCT-4'!BT11+'[4]LCT-5'!BT11+'[4]LCT-6'!BT11+'[4]LCT-7'!BT11+'[4]LCT-8'!BT11+'[5]TB-1'!BT11+'[5]TB-2'!BT11+'[5]TB-3'!BT11+'[5]TB-4'!BT11+'[5]TB-5'!BT11+'[5]TB-6'!BT11+'[5]TB-7'!BT11+'[5]TB-8'!BT11+'[5]TB-9'!BT11+'[5]TB-10'!BT11+'[6]DSV-1'!BT11+'[6]DSV-2'!BT11+'[6]DSV-3'!BT11+'[7]TUB-1'!BT11+'[7]TUB-2'!BT11+'[8]Barge-1'!BT11+'[8]Barge-2'!BT11+'[8]Barge-3'!BT11+'[8]Barge-4'!BT11 -> 1555.7351 | K11: ='[2]AHTS-1'!CP11+'[2]AHTS-2'!CP11+'[2]AHTS-3'!CP11+'[2]AHTS-4'!CP11+'[2]AHTS-5'!CP11+'[2]AHTS-6'!CP11+'[2]AHTS-7'!CP11+'[2]AHTS-8'!CP11+'[3]CB-1'!CP11+'[3]CB-2'!CP11+'[3]CB-3'!CP11+'[3]CB-4'!CP11+'[3]CB-5'!CP11+'[3]CB-6'!CP11+'[3]CB-7'!CP11+'[3]CB-8'!CP11+'[3]CB-9'!CP11+'[3]CB-10'!CP11+'[3]CB-11'!CP11+'[3]CB-12'!CP11+'[3]CB-13'!CP11+'[3]CB-14'!CP11+'[3]CB-15'!CP11+'[3]CB-16'!CP11+'[3]CB-17'!CP11+'[3]CB-18'!CP11+'[3]CB-19'!CP11+'[3]CB-20'!CP11+'[3]CB-21'!CP11+'[3]CB-22'!CP11+'[3]CB-23'!CP11+'[3]CB-24'!CP11+'[4]LCT-1'!CP11+'[4]LCT-2'!CP11+'[4]LCT-3'!CP11+'[4]LCT-4'!CP11+'[4]LCT-5'!CP11+'[4]LCT-6'!CP11+'[4]LCT-7'!CP11+'[4]LCT-8'!CP11+'[5]TB-1'!CP11+'[5]TB-2'!CP11+'[5]TB-3'!CP11+'[5]TB-4'!CP11+'[5]TB-5'!CP11+'[5]TB-6'!CP11+'[5]TB-7'!CP11+'[5]TB-8'!CP11+'[5]TB-9'!CP11+'[5]TB-10'!CP11+'[6]DSV-1'!CP11+'[6]DSV-2'!CP11+'[6]DSV-3'!CP11+'[7]TUB-1'!CP11+'[7]TUB-2'!CP11+'[8]Barge-1'!CP11+'[8]Barge-2'!CP11+'[8]Barge-3'!CP11+'[8]Barge-4'!CP11 -> 0 | L11: ='[2]AHTS-1'!AY11+'[2]AHTS-2'!AY11+'[2]AHTS-3'!AY11+'[2]AHTS-4'!AY11+'[2]AHTS-5'!AY11+'[2]AHTS-6'!AY11+'[2]AHTS-7'!AY11+'[2]AHTS-8'!AY11+'[3]CB-1'!AY11+'[3]CB-2'!AY11+'[3]CB-3'!AY11+'[3]CB-4'!AY11+'[3]CB-5'!AY11+'[3]CB-6'!AY11+'[3]CB-7'!AY11+'[3]CB-8'!AY11+'[3]CB-9'!AY11+'[3]CB-10'!AY11+'[3]CB-11'!AY11+'[3]CB-12'!AY11+'[3]CB-13'!AY11+'[3]CB-14'!AY11+'[3]CB-15'!AY11+'[3]CB-16'!AY11+'[3]CB-17'!AY11+'[3]CB-18'!AY11+'[3]CB-19'!AY11+'[3]CB-20'!AY11+'[3]CB-21'!AY11+'[3]CB-22'!AY11+'[3]CB-23'!AY11+'[3]CB-24'!AY11+'[4]LCT-1'!AY11+'[4]LCT-2'!AY11+'[4]LCT-3'!AY11+'[4]LCT-4'!AY11+'[4]LCT-5'!AY11+'[4]LCT-6'!AY11+'[4]LCT-7'!AY11+'[4]LCT-8'!AY11+'[5]TB-1'!AY11+'[5]TB-2'!AY11+'[5]TB-3'!AY11+'[5]TB-4'!AY11+'[5]TB-5'!AY11+'[5]TB-6'!AY11+'[5]TB-7'!AY11+'[5]TB-8'!AY11+'[5]TB-9'!AY11+'[5]TB-10'!AY11+'[6]DSV-1'!AY11+'[6]DSV-2'!AY11+'[6]DSV-3'!AY11+'[7]TUB-1'!AY11+'[7]TUB-2'!AY11+'[8]Barge-1'!AY11+'[8]Barge-2'!AY11+'[8]Barge-3'!AY11+'[8]Barge-4'!AY11 -> 103.33355 | M11: ='[2]AHTS-1'!BU11+'[2]AHTS-2'!BU11+'[2]AHTS-3'!BU11+'[2]AHTS-4'!BU11+'[2]AHTS-5'!BU11+'[2]AHTS-6'!BU11+'[2]AHTS-7'!BU11+'[2]AHTS-8'!BU11+'[3]CB-1'!BU11+'[3]CB-2'!BU11+'[3]CB-3'!BU11+'[3]CB-4'!BU11+'[3]CB-5'!BU11+'[3]CB-6'!BU11+'[3]CB-7'!BU11+'[3]CB-8'!BU11+'[3]CB-9'!BU11+'[3]CB-10'!BU11+'[3]CB-11'!BU11+'[3]CB-12'!BU11+'[3]CB-13'!BU11+'[3]CB-14'!BU11+'[3]CB-15'!BU11+'[3]CB-16'!BU11+'[3]CB-17'!BU11+'[3]CB-18'!BU11+'[3]CB-19'!BU11+'[3]CB-20'!BU11+'[3]CB-21'!BU11+'[3]CB-22'!BU11+'[3]CB-23'!BU11+'[3]CB-24'!BU11+'[4]LCT-1'!BU11+'[4]LCT-2'!BU11+'[4]LCT-3'!BU11+'[4]LCT-4'!BU11+'[4]LCT-5'!BU11+'[4]LCT-6'!BU11+'[4]LCT-7'!BU11+'[4]LCT-8'!BU11+'[5]TB-1'!BU11+'[5]TB-2'!BU11+'[5]TB-3'!BU11+'[5]TB-4'!BU11+'[5]TB-5'!BU11+'[5]TB-6'!BU11+'[5]TB-7'!BU11+'[5]TB-8'!BU11+'[5]TB-9'!BU11+'[5]TB-10'!BU11+'[6]DSV-1'!BU11+'[6]DSV-2'!BU11+'[6]DSV-3'!BU11+'[7]TUB-1'!BU11+'[7]TUB-2'!BU11+'[8]Barge-1'!BU11+'[8]Barge-2'!BU11+'[8]Barge-3'!BU11+'[8]Barge-4'!BU11 -> 607.84439 | N11: ='[2]AHTS-1'!CQ11+'[2]AHTS-2'!CQ11+'[2]AHTS-3'!CQ11+'[2]AHTS-4'!CQ11+'[2]AHTS-5'!CQ11+'[2]AHTS-6'!CQ11+'[2]AHTS-7'!CQ11+'[2]AHTS-8'!CQ11+'[3]CB-1'!CQ11+'[3]CB-2'!CQ11+'[3]CB-3'!CQ11+'[3]CB-4'!CQ11+'[3]CB-5'!CQ11+'[3]CB-6'!CQ11+'[3]CB-7'!CQ11+'[3]CB-8'!CQ11+'[3]CB-9'!CQ11+'[3]CB-10'!CQ11+'[3]CB-11'!CQ11+'[3]CB-12'!CQ11+'[3]CB-13'!CQ11+'[3]CB-14'!CQ11+'[3]CB-15'!CQ11+'[3]CB-16'!CQ11+'[3]CB-17'!CQ11+'[3]CB-18'!CQ11+'[3]CB-19'!CQ11+'[3]CB-20'!CQ11+'[3]CB-21'!CQ11+'[3]CB-22'!CQ11+'[3]CB-23'!CQ11+'[3]CB-24'!CQ11+'[4]LCT-1'!CQ11+'[4]LCT-2'!CQ11+'[4]LCT-3'!CQ11+'[4]LCT-4'!CQ11+'[4]LCT-5'!CQ11+'[4]LCT-6'!CQ11+'[4]LCT-7'!CQ11+'[4]LCT-8'!CQ11+'[5]TB-1'!CQ11+'[5]TB-2'!CQ11+'[5]TB-3'!CQ11+'[5]TB-4'!CQ11+'[5]TB-5'!CQ11+'[5]TB-6'!CQ11+'[5]TB-7'!CQ11+'[5]TB-8'!CQ11+'[5]TB-9'!CQ11+'[5]TB-10'!CQ11+'[6]DSV-1'!CQ11+'[6]DSV-2'!CQ11+'[6]DSV-3'!CQ11+'[7]TUB-1'!CQ11+'[7]TUB-2'!CQ11+'[8]Barge-1'!CQ11+'[8]Barge-2'!CQ11+'[8]Barge-3'!CQ11+'[8]Barge-4'!CQ11 -> 0 | O11: ='[2]AHTS-1'!AZ11+'[2]AHTS-2'!AZ11+'[2]AHTS-3'!AZ11+'[2]AHTS-4'!AZ11+'[2]AHTS-5'!AZ11+'[2]AHTS-6'!AZ11+'[2]AHTS-7'!AZ11+'[2]AHTS-8'!AZ11+'[3]CB-1'!AZ11+'[3]CB-2'!AZ11+'[3]CB-3'!AZ11+'[3]CB-4'!AZ11+'[3]CB-5'!AZ11+'[3]CB-6'!AZ11+'[3]CB-7'!AZ11+'[3]CB-8'!AZ11+'[3]CB-9'!AZ11+'[3]CB-10'!AZ11+'[3]CB-11'!AZ11+'[3]CB-12'!AZ11+'[3]CB-13'!AZ11+'[3]CB-14'!AZ11+'[3]CB-15'!AZ11+'[3]CB-16'!AZ11+'[3]CB-17'!AZ11+'[3]CB-18'!AZ11+'[3]CB-19'!AZ11+'[3]CB-20'!AZ11+'[3]CB-21'!AZ11+'[3]CB-22'!AZ11+'[3]CB-23'!AZ11+'[3]CB-24'!AZ11+'[4]LCT-1'!AZ11+'[4]LCT-2'!AZ11+'[4]LCT-3'!AZ11+'[4]LCT-4'!AZ11+'[4]LCT-5'!AZ11+'[4]LCT-6'!AZ11+'[4]LCT-7'!AZ11+'[4]LCT-8'!AZ11+'[5]TB-1'!AZ11+'[5]TB-2'!AZ11+'[5]TB-3'!AZ11+'[5]TB-4'!AZ11+'[5]TB-5'!AZ11+'[5]TB-6'!AZ11+'[5]TB-7'!AZ11+'[5]TB-8'!AZ11+'[5]TB-9'!AZ11+'[5]TB-10'!AZ11+'[6]DSV-1'!AZ11+'[6]DSV-2'!AZ11+'[6]DSV-3'!AZ11+'[7]TUB-1'!AZ11+'[7]TUB-2'!AZ11+'[8]Barge-1'!AZ11+'[8]Barge-2'!AZ11+'[8]Barge-3'!AZ11+'[8]Barge-4'!AZ11 -> 35.133406 | P11: ='[2]AHTS-1'!BV11+'[2]AHTS-2'!BV11+'[2]AHTS-3'!BV11+'[2]AHTS-4'!BV11+'[2]AHTS-5'!BV11+'[2]AHTS-6'!BV11+'[2]AHTS-7'!BV11+'[2]AHTS-8'!BV11+'[3]CB-1'!BV11+'[3]CB-2'!BV11+'[3]CB-3'!BV11+'[3]CB-4'!BV11+'[3]CB-5'!BV11+'[3]CB-6'!BV11+'[3]CB-7'!BV11+'[3]CB-8'!BV11+'[3]CB-9'!BV11+'[3]CB-10'!BV11+'[3]CB-11'!BV11+'[3]CB-12'!BV11+'[3]CB-13'!BV11+'[3]CB-14'!BV11+'[3]CB-15'!BV11+'[3]CB-16'!BV11+'[3]CB-17'!BV11+'[3]CB-18'!BV11+'[3]CB-19'!BV11+'[3]CB-20'!BV11+'[3]CB-21'!BV11+'[3]CB-22'!BV11+'[3]CB-23'!BV11+'[3]CB-24'!BV11+'[4]LCT-1'!BV11+'[4]LCT-2'!BV11+'[4]LCT-3'!BV11+'[4]LCT-4'!BV11+'[4]LCT-5'!BV11+'[4]LCT-6'!BV11+'[4]LCT-7'!BV11+'[4]LCT-8'!BV11+'[5]TB-1'!BV11+'[5]TB-2'!BV11+'[5]TB-3'!BV11+'[5]TB-4'!BV11+'[5]TB-5'!BV11+'[5]TB-6'!BV11+'[5]TB-7'!BV11+'[5]TB-8'!BV11+'[5]TB-9'!BV11+'[5]TB-10'!BV11+'[6]DSV-1'!BV11+'[6]DSV-2'!BV11+'[6]DSV-3'!BV11+'[7]TUB-1'!BV11+'[7]TUB-2'!BV11+'[8]Barge-1'!BV11+'[8]Barge-2'!BV11+'[8]Barge-3'!BV11+'[8]Barge-4'!BV11 -> 277.26235 | Q11: ='[2]AHTS-1'!CR11+'[2]AHTS-2'!CR11+'[2]AHTS-3'!CR11+'[2]AHTS-4'!CR11+'[2]AHTS-5'!CR11+'[2]AHTS-6'!CR11+'[2]AHTS-7'!CR11+'[2]AHTS-8'!CR11+'[3]CB-1'!CR11+'[3]CB-2'!CR11+'[3]CB-3'!CR11+'[3]CB-4'!CR11+'[3]CB-5'!CR11+'[3]CB-6'!CR11+'[3]CB-7'!CR11+'[3]CB-8'!CR11+'[3]CB-9'!CR11+'[3]CB-10'!CR11+'[3]CB-11'!CR11+'[3]CB-12'!CR11+'[3]CB-13'!CR11+'[3]CB-14'!CR11+'[3]CB-15'!CR11+'[3]CB-16'!CR11+'[3]CB-17'!CR11+'[3]CB-18'!CR11+'[3]CB-19'!CR11+'[3]CB-20'!CR11+'[3]CB-21'!CR11+'[3]CB-22'!CR11+'[3]CB-23'!CR11+'[3]CB-24'!CR11+'[4]LCT-1'!CR11+'[4]LCT-2'!CR11+'[4]LCT-3'!CR11+'[4]LCT-4'!CR11+'[4]LCT-5'!CR11+'[4]LCT-6'!CR11+'[4]LCT-7'!CR11+'[4]LCT-8'!CR11+'[5]TB-1'!CR11+'[5]TB-2'!CR11+'[5]TB-3'!CR11+'[5]TB-4'!CR11+'[5]TB-5'!CR11+'[5]TB-6'!CR11+'[5]TB-7'!CR11+'[5]TB-8'!CR11+'[5]TB-9'!CR11+'[5]TB-10'!CR11+'[6]DSV-1'!CR11+'[6]DSV-2'!CR11+'[6]DSV-3'!CR11+'[7]TUB-1'!CR11+'[7]TUB-2'!CR11+'[8]Barge-1'!CR11+'[8]Barge-2'!CR11+'[8]Barge-3'!CR11+'[8]Barge-4'!CR11 -> 0 | R11: ='[2]AHTS-1'!BA11+'[2]AHTS-2'!BA11+'[2]AHTS-3'!BA11+'[2]AHTS-4'!BA11+'[2]AHTS-5'!BA11+'[2]AHTS-6'!BA11+'[2]AHTS-7'!BA11+'[2]AHTS-8'!BA11+'[3]CB-1'!BA11+'[3]CB-2'!BA11+'[3]CB-3'!BA11+'[3]CB-4'!BA11+'[3]CB-5'!BA11+'[3]CB-6'!BA11+'[3]CB-7'!BA11+'[3]CB-8'!BA11+'[3]CB-9'!BA11+'[3]CB-10'!BA11+'[3]CB-11'!BA11+'[3]CB-12'!BA11+'[3]CB-13'!BA11+'[3]CB-14'!BA11+'[3]CB-15'!BA11+'[3]CB-16'!BA11+'[3]CB-17'!BA11+'[3]CB-18'!BA11+'[3]CB-19'!BA11+'[3]CB-20'!BA11+'[3]CB-21'!BA11+'[3]CB-22'!BA11+'[3]CB-23'!BA11+'[3]CB-24'!BA11+'[4]LCT-1'!BA11+'[4]LCT-2'!BA11+'[4]LCT-3'!BA11+'[4]LCT-4'!BA11+'[4]LCT-5'!BA11+'[4]LCT-6'!BA11+'[4]LCT-7'!BA11+'[4]LCT-8'!BA11+'[5]TB-1'!BA11+'[5]TB-2'!BA11+'[5]TB-3'!BA11+'[5]TB-4'!BA11+'[5]TB-5'!BA11+'[5]TB-6'!BA11+'[5]TB-7'!BA11+'[5]TB-8'!BA11+'[5]TB-9'!BA11+'[5]TB-10'!BA11+'[6]DSV-1'!BA11+'[6]DSV-2'!BA11+'[6]DSV-3'!BA11+'[7]TUB-1'!BA11+'[7]TUB-2'!BA11+'[8]Barge-1'!BA11+'[8]Barge-2'!BA11+'[8]Barge-3'!BA11+'[8]Barge-4'!BA11 -> 4965.1769 | S11: ='[2]AHTS-1'!BW11+'[2]AHTS-2'!BW11+'[2]AHTS-3'!BW11+'[2]AHTS-4'!BW11+'[2]AHTS-5'!BW11+'[2]AHTS-6'!BW11+'[2]AHTS-7'!BW11+'[2]AHTS-8'!BW11+'[3]CB-1'!BW11+'[3]CB-2'!BW11+'[3]CB-3'!BW11+'[3]CB-4'!BW11+'[3]CB-5'!BW11+'[3]CB-6'!BW11+'[3]CB-7'!BW11+'[3]CB-8'!BW11+'[3]CB-9'!BW11+'[3]CB-10'!BW11+'[3]CB-11'!BW11+'[3]CB-12'!BW11+'[3]CB-13'!BW11+'[3]CB-14'!BW11+'[3]CB-15'!BW11+'[3]CB-16'!BW11+'[3]CB-17'!BW11+'[3]CB-18'!BW11+'[3]CB-19'!BW11+'[3]CB-20'!BW11+'[3]CB-21'!BW11+'[3]CB-22'!BW11+'[3]CB-23'!BW11+'[3]CB-24'!BW11+'[4]LCT-1'!BW11+'[4]LCT-2'!BW11+'[4]LCT-3'!BW11+'[4]LCT-4'!BW11+'[4]LCT-5'!BW11+'[4]LCT-6'!BW11+'[4]LCT-7'!BW11+'[4]LCT-8'!BW11+'[5]TB-1'!BW11+'[5]TB-2'!BW11+'[5]TB-3'!BW11+'[5]TB-4'!BW11+'[5]TB-5'!BW11+'[5]TB-6'!BW11+'[5]TB-7'!BW11+'[5]TB-8'!BW11+'[5]TB-9'!BW11+'[5]TB-10'!BW11+'[6]DSV-1'!BW11+'[6]DSV-2'!BW11+'[6]DSV-3'!BW11+'[7]TUB-1'!BW11+'[7]TUB-2'!BW11+'[8]Barge-1'!BW11+'[8]Barge-2'!BW11+'[8]Barge-3'!BW11+'[8]Barge-4'!BW11 -> 5643.3553 | T11: ='[2]AHTS-1'!CS11+'[2]AHTS-2'!CS11+'[2]AHTS-3'!CS11+'[2]AHTS-4'!CS11+'[2]AHTS-5'!CS11+'[2]AHTS-6'!CS11+'[2]AHTS-7'!CS11+'[2]AHTS-8'!CS11+'[3]CB-1'!CS11+'[3]CB-2'!CS11+'[3]CB-3'!CS11+'[3]CB-4'!CS11+'[3]CB-5'!CS11+'[3]CB-6'!CS11+'[3]CB-7'!CS11+'[3]CB-8'!CS11+'[3]CB-9'!CS11+'[3]CB-10'!CS11+'[3]CB-11'!CS11+'[3]CB-12'!CS11+'[3]CB-13'!CS11+'[3]CB-14'!CS11+'[3]CB-15'!CS11+'[3]CB-16'!CS11+'[3]CB-17'!CS11+'[3]CB-18'!CS11+'[3]CB-19'!CS11+'[3]CB-20'!CS11+'[3]CB-21'!CS11+'[3]CB-22'!CS11+'[3]CB-23'!CS11+'[3]CB-24'!CS11+'[4]LCT-1'!CS11+'[4]LCT-2'!CS11+'[4]LCT-3'!CS11+'[4]LCT-4'!CS11+'[4]LCT-5'!CS11+'[4]LCT-6'!CS11+'[4]LCT-7'!CS11+'[4]LCT-8'!CS11+'[5]TB-1'!CS11+'[5]TB-2'!CS11+'[5]TB-3'!CS11+'[5]TB-4'!CS11+'[5]TB-5'!CS11+'[5]TB-6'!CS11+'[5]TB-7'!CS11+'[5]TB-8'!CS11+'[5]TB-9'!CS11+'[5]TB-10'!CS11+'[6]DSV-1'!CS11+'[6]DSV-2'!CS11+'[6]DSV-3'!CS11+'[7]TUB-1'!CS11+'[7]TUB-2'!CS11+'[8]Barge-1'!CS11+'[8]Barge-2'!CS11+'[8]Barge-3'!CS11+'[8]Barge-4'!CS11 -> 0 | U11: ='[2]AHTS-1'!BB11+'[2]AHTS-2'!BB11+'[2]AHTS-3'!BB11+'[2]AHTS-4'!BB11+'[2]AHTS-5'!BB11+'[2]AHTS-6'!BB11+'[2]AHTS-7'!BB11+'[2]AHTS-8'!BB11+'[3]CB-1'!BB11+'[3]CB-2'!BB11+'[3]CB-3'!BB11+'[3]CB-4'!BB11+'[3]CB-5'!BB11+'[3]CB-6'!BB11+'[3]CB-7'!BB11+'[3]CB-8'!BB11+'[3]CB-9'!BB11+'[3]CB-10'!BB11+'[3]CB-11'!BB11+'[3]CB-12'!BB11+'[3]CB-13'!BB11+'[3]CB-14'!BB11+'[3]CB-15'!BB11+'[3]CB-16'!BB11+'[3]CB-17'!BB11+'[3]CB-18'!BB11+'[3]CB-19'!BB11+'[3]CB-20'!BB11+'[3]CB-21'!BB11+'[3]CB-22'!BB11+'[3]CB-23'!BB11+'[3]CB-24'!BB11+'[4]LCT-1'!BB11+'[4]LCT-2'!BB11+'[4]LCT-3'!BB11+'[4]LCT-4'!BB11+'[4]LCT-5'!BB11+'[4]LCT-6'!BB11+'[4]LCT-7'!BB11+'[4]LCT-8'!BB11+'[5]TB-1'!BB11+'[5]TB-2'!BB11+'[5]TB-3'!BB11+'[5]TB-4'!BB11+'[5]TB-5'!BB11+'[5]TB-6'!BB11+'[5]TB-7'!BB11+'[5]TB-8'!BB11+'[5]TB-9'!BB11+'[5]TB-10'!BB11+'[6]DSV-1'!BB11+'[6]DSV-2'!BB11+'[6]DSV-3'!BB11+'[7]TUB-1'!BB11+'[7]TUB-2'!BB11+'[8]Barge-1'!BB11+'[8]Barge-2'!BB11+'[8]Barge-3'!BB11+'[8]Barge-4'!BB11 -> 0 | V11: ='[2]AHTS-1'!BX11+'[2]AHTS-2'!BX11+'[2]AHTS-3'!BX11+'[2]AHTS-4'!BX11+'[2]AHTS-5'!BX11+'[2]AHTS-6'!BX11+'[2]AHTS-7'!BX11+'[2]AHTS-8'!BX11+'[3]CB-1'!BX11+'[3]CB-2'!BX11+'[3]CB-3'!BX11+'[3]CB-4'!BX11+'[3]CB-5'!BX11+'[3]CB-6'!BX11+'[3]CB-7'!BX11+'[3]CB-8'!BX11+'[3]CB-9'!BX11+'[3]CB-10'!BX11+'[3]CB-11'!BX11+'[3]CB-12'!BX11+'[3]CB-13'!BX11+'[3]CB-14'!BX11+'[3]CB-15'!BX11+'[3]CB-16'!BX11+'[3]CB-17'!BX11+'[3]CB-18'!BX11+'[3]CB-19'!BX11+'[3]CB-20'!BX11+'[3]CB-21'!BX11+'[3]CB-22'!BX11+'[3]CB-23'!BX11+'[3]CB-24'!BX11+'[4]LCT-1'!BX11+'[4]LCT-2'!BX11+'[4]LCT-3'!BX11+'[4]LCT-4'!BX11+'[4]LCT-5'!BX11+'[4]LCT-6'!BX11+'[4]LCT-7'!BX11+'[4]LCT-8'!BX11+'[5]TB-1'!BX11+'[5]TB-2'!BX11+'[5]TB-3'!BX11+'[5]TB-4'!BX11+'[5]TB-5'!BX11+'[5]TB-6'!BX11+'[5]TB-7'!BX11+'[5]TB-8'!BX11+'[5]TB-9'!BX11+'[5]TB-10'!BX11+'[6]DSV-1'!BX11+'[6]DSV-2'!BX11+'[6]DSV-3'!BX11+'[7]TUB-1'!BX11+'[7]TUB-2'!BX11+'[8]Barge-1'!BX11+'[8]Barge-2'!BX11+'[8]Barge-3'!BX11+'[8]Barge-4'!BX11 -> 0 | W11: ='[2]AHTS-1'!CT11+'[2]AHTS-2'!CT11+'[2]AHTS-3'!CT11+'[2]AHTS-4'!CT11+'[2]AHTS-5'!CT11+'[2]AHTS-6'!CT11+'[2]AHTS-7'!CT11+'[2]AHTS-8'!CT11+'[3]CB-1'!CT11+'[3]CB-2'!CT11+'[3]CB-3'!CT11+'[3]CB-4'!CT11+'[3]CB-5'!CT11+'[3]CB-6'!CT11+'[3]CB-7'!CT11+'[3]CB-8'!CT11+'[3]CB-9'!CT11+'[3]CB-10'!CT11+'[3]CB-11'!CT11+'[3]CB-12'!CT11+'[3]CB-13'!CT11+'[3]CB-14'!CT11+'[3]CB-15'!CT11+'[3]CB-16'!CT11+'[3]CB-17'!CT11+'[3]CB-18'!CT11+'[3]CB-19'!CT11+'[3]CB-20'!CT11+'[3]CB-21'!CT11+'[3]CB-22'!CT11+'[3]CB-23'!CT11+'[3]CB-24'!CT11+'[4]LCT-1'!CT11+'[4]LCT-2'!CT11+'[4]LCT-3'!CT11+'[4]LCT-4'!CT11+'[4]LCT-5'!CT11+'[4]LCT-6'!CT11+'[4]LCT-7'!CT11+'[4]LCT-8'!CT11+'[5]TB-1'!CT11+'[5]TB-2'!CT11+'[5]TB-3'!CT11+'[5]TB-4'!CT11+'[5]TB-5'!CT11+'[5]TB-6'!CT11+'[5]TB-7'!CT11+'[5]TB-8'!CT11+'[5]TB-9'!CT11+'[5]TB-10'!CT11+'[6]DSV-1'!CT11+'[6]DSV-2'!CT11+'[6]DSV-3'!CT11+'[7]TUB-1'!CT11+'[7]TUB-2'!CT11+'[8]Barge-1'!CT11+'[8]Barge-2'!CT11+'[8]Barge-3'!CT11+'[8]Barge-4'!CT11 -> 0 | AA11: =[1]Control!AZ11 -> 45986 | AC11: ='[2]AHTS-1'!IC49+'[2]AHTS-2'!IC49+'[2]AHTS-3'!IC49+'[2]AHTS-4'!IC49+'[2]AHTS-5'!IC49+'[2]AHTS-6'!IC49+'[2]AHTS-7'!IC49+'[2]AHTS-8'!IC49+'[3]CB-1'!IC49+'[3]CB-2'!IC49+'[3]CB-3'!IC49+'[3]CB-4'!IC49+'[3]CB-5'!IC49+'[3]CB-6'!IC49+'[3]CB-7'!IC49+'[3]CB-8'!IC49+'[3]CB-9'!IC49+'[3]CB-10'!IC49+'[3]CB-11'!IC49+'[3]CB-12'!IC49+'[3]CB-13'!IC49+'[3]CB-14'!IC49+'[3]CB-15'!IC49+'[3]CB-16'!IC49+'[3]CB-17'!IC49+'[3]CB-18'!IC49+'[3]CB-19'!IC49+'[3]CB-20'!IC49+'[3]CB-21'!IC49+'[3]CB-22'!IC49+'[3]CB-23'!IC49+'[3]CB-24'!IC49+'[4]LCT-1'!IC49+'[4]LCT-2'!IC49+'[4]LCT-3'!IC49+'[4]LCT-4'!IC49+'[4]LCT-5'!IC49+'[4]LCT-6'!IC49+'[4]LCT-7'!IC49+'[4]LCT-8'!IC49+'[5]TB-1'!IC49+'[5]TB-2'!IC49+'[5]TB-3'!IC49+'[5]TB-4'!IC49+'[5]TB-5'!IC49+'[5]TB-6'!IC49+'[5]TB-7'!IC49+'[5]TB-8'!IC49+'[5]TB-9'!IC49+'[5]TB-10'!IC49+'[6]DSV-1'!IC49+'[6]DSV-2'!IC49+'[6]DSV-3'!IC49+'[7]TUB-1'!IC49+'[7]TUB-2'!IC49+'[8]Barge-1'!IC49+'[8]Barge-2'!IC49+'[8]Barge-3'!IC49+'[8]Barge-4'!IC49 -> 0 | AD11: ='[2]AHTS-1'!IC11+'[2]AHTS-2'!IC11+'[2]AHTS-3'!IC11+'[2]AHTS-4'!IC11+'[2]AHTS-5'!IC11+'[2]AHTS-6'!IC11+'[2]AHTS-7'!IC11+'[2]AHTS-8'!IC11+'[3]CB-1'!IC11+'[3]CB-2'!IC11+'[3]CB-3'!IC11+'[3]CB-4'!IC11+'[3]CB-5'!IC11+'[3]CB-6'!IC11+'[3]CB-7'!IC11+'[3]CB-8'!IC11+'[3]CB-9'!IC11+'[3]CB-10'!IC11+'[3]CB-11'!IC11+'[3]CB-12'!IC11+'[3]CB-13'!IC11+'[3]CB-14'!IC11+'[3]CB-15'!IC11+'[3]CB-16'!IC11+'[3]CB-17'!IC11+'[3]CB-18'!IC11+'[3]CB-19'!IC11+'[3]CB-20'!IC11+'[3]CB-21'!IC11+'[3]CB-22'!IC11+'[3]CB-23'!IC11+'[3]CB-24'!IC11+'[4]LCT-1'!IC11+'[4]LCT-2'!IC11+'[4]LCT-3'!IC11+'[4]LCT-4'!IC11+'[4]LCT-5'!IC11+'[4]LCT-6'!IC11+'[4]LCT-7'!IC11+'[4]LCT-8'!IC11+'[5]TB-1'!IC11+'[5]TB-2'!IC11+'[5]TB-3'!IC11+'[5]TB-4'!IC11+'[5]TB-5'!IC11+'[5]TB-6'!IC11+'[5]TB-7'!IC11+'[5]TB-8'!IC11+'[5]TB-9'!IC11+'[5]TB-10'!IC11+'[6]DSV-1'!IC11+'[6]DSV-2'!IC11+'[6]DSV-3'!IC11+'[7]TUB-1'!IC11+'[7]TUB-2'!IC11+'[8]Barge-1'!IC11+'[8]Barge-2'!IC11+'[8]Barge-3'!IC11+'[8]Barge-4'!IC11 -> 0 | AE11: ='[2]AHTS-1'!IC82+'[2]AHTS-2'!IC82+'[2]AHTS-3'!IC82+'[2]AHTS-4'!IC82+'[2]AHTS-5'!IC82+'[2]AHTS-6'!IC82+'[2]AHTS-7'!IC82+'[2]AHTS-8'!IC82+'[3]CB-1'!IC82+'[3]CB-2'!IC82+'[3]CB-3'!IC82+'[3]CB-4'!IC82+'[3]CB-5'!IC82+'[3]CB-6'!IC82+'[3]CB-7'!IC82+'[3]CB-8'!IC82+'[3]CB-9'!IC82+'[3]CB-10'!IC82+'[3]CB-11'!IC82+'[3]CB-12'!IC82+'[3]CB-13'!IC82+'[3]CB-14'!IC82+'[3]CB-15'!IC82+'[3]CB-16'!IC82+'[3]CB-17'!IC82+'[3]CB-18'!IC82+'[3]CB-19'!IC82+'[3]CB-20'!IC82+'[3]CB-21'!IC82+'[3]CB-22'!IC82+'[3]CB-23'!IC82+'[3]CB-24'!IC82+'[4]LCT-1'!IC82+'[4]LCT-2'!IC82+'[4]LCT-3'!IC82+'[4]LCT-4'!IC82+'[4]LCT-5'!IC82+'[4]LCT-6'!IC82+'[4]LCT-7'!IC82+'[4]LCT-8'!IC82+'[5]TB-1'!IC82+'[5]TB-2'!IC82+'[5]TB-3'!IC82+'[5]TB-4'!IC82+'[5]TB-5'!IC82+'[5]TB-6'!IC82+'[5]TB-7'!IC82+'[5]TB-8'!IC82+'[5]TB-9'!IC82+'[5]TB-10'!IC82+'[6]DSV-1'!IC82+'[6]DSV-2'!IC82+'[6]DSV-3'!IC82+'[7]TUB-1'!IC82+'[7]TUB-2'!IC82+'[8]Barge-1'!IC82+'[8]Barge-2'!IC82+'[8]Barge-3'!IC82+'[8]Barge-4'!IC82 -> 0 | AF11: ='[2]AHTS-1'!ID49+'[2]AHTS-2'!ID49+'[2]AHTS-3'!ID49+'[2]AHTS-4'!ID49+'[2]AHTS-5'!ID49+'[2]AHTS-6'!ID49+'[2]AHTS-7'!ID49+'[2]AHTS-8'!ID49+'[3]CB-1'!ID49+'[3]CB-2'!ID49+'[3]CB-3'!ID49+'[3]CB-4'!ID49+'[3]CB-5'!ID49+'[3]CB-6'!ID49+'[3]CB-7'!ID49+'[3]CB-8'!ID49+'[3]CB-9'!ID49+'[3]CB-10'!ID49+'[3]CB-11'!ID49+'[3]CB-12'!ID49+'[3]CB-13'!ID49+'[3]CB-14'!ID49+'[3]CB-15'!ID49+'[3]CB-16'!ID49+'[3]CB-17'!ID49+'[3]CB-18'!ID49+'[3]CB-19'!ID49+'[3]CB-20'!ID49+'[3]CB-21'!ID49+'[3]CB-22'!ID49+'[3]CB-23'!ID49+'[3]CB-24'!ID49+'[4]LCT-1'!ID49+'[4]LCT-2'!ID49+'[4]LCT-3'!ID49+'[4]LCT-4'!ID49+'[4]LCT-5'!ID49+'[4]LCT-6'!ID49+'[4]LCT-7'!ID49+'[4]LCT-8'!ID49+'[5]TB-1'!ID49+'[5]TB-2'!ID49+'[5]TB-3'!ID49+'[5]TB-4'!ID49+'[5]TB-5'!ID49+'[5]TB-6'!ID49+'[5]TB-7'!ID49+'[5]TB-8'!ID49+'[5]TB-9'!ID49+'[5]TB-10'!ID49+'[6]DSV-1'!ID49+'[6]DSV-2'!ID49+'[6]DSV-3'!ID49+'[7]TUB-1'!ID49+'[7]TUB-2'!ID49+'[8]Barge-1'!ID49+'[8]Barge-2'!ID49+'[8]Barge-3'!ID49+'[8]Barge-4'!ID49 -> 24673162 | AG11: ='[2]AHTS-1'!ID11+'[2]AHTS-2'!ID11+'[2]AHTS-3'!ID11+'[2]AHTS-4'!ID11+'[2]AHTS-5'!ID11+'[2]AHTS-6'!ID11+'[2]AHTS-7'!ID11+'[2]AHTS-8'!ID11+'[3]CB-1'!ID11+'[3]CB-2'!ID11+'[3]CB-3'!ID11+'[3]CB-4'!ID11+'[3]CB-5'!ID11+'[3]CB-6'!ID11+'[3]CB-7'!ID11+'[3]CB-8'!ID11+'[3]CB-9'!ID11+'[3]CB-10'!ID11+'[3]CB-11'!ID11+'[3]CB-12'!ID11+'[3]CB-13'!ID11+'[3]CB-14'!ID11+'[3]CB-15'!ID11+'[3]CB-16'!ID11+'[3]CB-17'!ID11+'[3]CB-18'!ID11+'[3]CB-19'!ID11+'[3]CB-20'!ID11+'[3]CB-21'!ID11+'[3]CB-22'!ID11+'[3]CB-23'!ID11+'[3]CB-24'!ID11+'[4]LCT-1'!ID11+'[4]LCT-2'!ID11+'[4]LCT-3'!ID11+'[4]LCT-4'!ID11+'[4]LCT-5'!ID11+'[4]LCT-6'!ID11+'[4]LCT-7'!ID11+'[4]LCT-8'!ID11+'[5]TB-1'!ID11+'[5]TB-2'!ID11+'[5]TB-3'!ID11+'[5]TB-4'!ID11+'[5]TB-5'!ID11+'[5]TB-6'!ID11+'[5]TB-7'!ID11+'[5]TB-8'!ID11+'[5]TB-9'!ID11+'[5]TB-10'!ID11+'[6]DSV-1'!ID11+'[6]DSV-2'!ID11+'[6]DSV-3'!ID11+'[7]TUB-1'!ID11+'[7]TUB-2'!ID11+'[8]Barge-1'!ID11+'[8]Barge-2'!ID11+'[8]Barge-3'!ID11+'[8]Barge-4'!ID11 -> 25820833 | AH11: ='[2]AHTS-1'!ID82+'[2]AHTS-2'!ID82+'[2]AHTS-3'!ID82+'[2]AHTS-4'!ID82+'[2]AHTS-5'!ID82+'[2]AHTS-6'!ID82+'[2]AHTS-7'!ID82+'[2]AHTS-8'!ID82+'[3]CB-1'!ID82+'[3]CB-2'!ID82+'[3]CB-3'!ID82+'[3]CB-4'!ID82+'[3]CB-5'!ID82+'[3]CB-6'!ID82+'[3]CB-7'!ID82+'[3]CB-8'!ID82+'[3]CB-9'!ID82+'[3]CB-10'!ID82+'[3]CB-11'!ID82+'[3]CB-12'!ID82+'[3]CB-13'!ID82+'[3]CB-14'!ID82+'[3]CB-15'!ID82+'[3]CB-16'!ID82+'[3]CB-17'!ID82+'[3]CB-18'!ID82+'[3]CB-19'!ID82+'[3]CB-20'!ID82+'[3]CB-21'!ID82+'[3]CB-22'!ID82+'[3]CB-23'!ID82+'[3]CB-24'!ID82+'[4]LCT-1'!ID82+'[4]LCT-2'!ID82+'[4]LCT-3'!ID82+'[4]LCT-4'!ID82+'[4]LCT-5'!ID82+'[4]LCT-6'!ID82+'[4]LCT-7'!ID82+'[4]LCT-8'!ID82+'[5]TB-1'!ID82+'[5]TB-2'!ID82+'[5]TB-3'!ID82+'[5]TB-4'!ID82+'[5]TB-5'!ID82+'[5]TB-6'!ID82+'[5]TB-7'!ID82+'[5]TB-8'!ID82+'[5]TB-9'!ID82+'[5]TB-10'!ID82+'[6]DSV-1'!ID82+'[6]DSV-2'!ID82+'[6]DSV-3'!ID82+'[7]TUB-1'!ID82+'[7]TUB-2'!ID82+'[8]Barge-1'!ID82+'[8]Barge-2'!ID82+'[8]Barge-3'!ID82+'[8]Barge-4'!ID82 -> 0 | AI11: ='[2]AHTS-1'!IE49+'[2]AHTS-2'!IE49+'[2]AHTS-3'!IE49+'[2]AHTS-4'!IE49+'[2]AHTS-5'!IE49+'[2]AHTS-6'!IE49+'[2]AHTS-7'!IE49+'[2]AHTS-8'!IE49+'[3]CB-1'!IE49+'[3]CB-2'!IE49+'[3]CB-3'!IE49+'[3]CB-4'!IE49+'[3]CB-5'!IE49+'[3]CB-6'!IE49+'[3]CB-7'!IE49+'[3]CB-8'!IE49+'[3]CB-9'!IE49+'[3]CB-10'!IE49+'[3]CB-11'!IE49+'[3]CB-12'!IE49+'[3]CB-13'!IE49+'[3]CB-14'!IE49+'[3]CB-15'!IE49+'[3]CB-16'!IE49+'[3]CB-17'!IE49+'[3]CB-18'!IE49+'[3]CB-19'!IE49+'[3]CB-20'!IE49+'[3]CB-21'!IE49+'[3]CB-22'!IE49+'[3]CB-23'!IE49+'[3]CB-24'!IE49+'[4]LCT-1'!IE49+'[4]LCT-2'!IE49+'[4]LCT-3'!IE49+'[4]LCT-4'!IE49+'[4]LCT-5'!IE49+'[4]LCT-6'!IE49+'[4]LCT-7'!IE49+'[4]LCT-8'!IE49+'[5]TB-1'!IE49+'[5]TB-2'!IE49+'[5]TB-3'!IE49+'[5]TB-4'!IE49+'[5]TB-5'!IE49+'[5]TB-6'!IE49+'[5]TB-7'!IE49+'[5]TB-8'!IE49+'[5]TB-9'!IE49+'[5]TB-10'!IE49+'[6]DSV-1'!IE49+'[6]DSV-2'!IE49+'[6]DSV-3'!IE49+'[7]TUB-1'!IE49+'[7]TUB-2'!IE49+'[8]Barge-1'!IE49+'[8]Barge-2'!IE49+'[8]Barge-3'!IE49+'[8]Barge-4'!IE49 -> 33271692 | AJ11: ='[2]AHTS-1'!IE11+'[2]AHTS-2'!IE11+'[2]AHTS-3'!IE11+'[2]AHTS-4'!IE11+'[2]AHTS-5'!IE11+'[2]AHTS-6'!IE11+'[2]AHTS-7'!IE11+'[2]AHTS-8'!IE11+'[3]CB-1'!IE11+'[3]CB-2'!IE11+'[3]CB-3'!IE11+'[3]CB-4'!IE11+'[3]CB-5'!IE11+'[3]CB-6'!IE11+'[3]CB-7'!IE11+'[3]CB-8'!IE11+'[3]CB-9'!IE11+'[3]CB-10'!IE11+'[3]CB-11'!IE11+'[3]CB-12'!IE11+'[3]CB-13'!IE11+'[3]CB-14'!IE11+'[3]CB-15'!IE11+'[3]CB-16'!IE11+'[3]CB-17'!IE11+'[3]CB-18'!IE11+'[3]CB-19'!IE11+'[3]CB-20'!IE11+'[3]CB-21'!IE11+'[3]CB-22'!IE11+'[3]CB-23'!IE11+'[3]CB-24'!IE11+'[4]LCT-1'!IE11+'[4]LCT-2'!IE11+'[4]LCT-3'!IE11+'[4]LCT-4'!IE11+'[4]LCT-5'!IE11+'[4]LCT-6'!IE11+'[4]LCT-7'!IE11+'[4]LCT-8'!IE11+'[5]TB-1'!IE11+'[5]TB-2'!IE11+'[5]TB-3'!IE11+'[5]TB-4'!IE11+'[5]TB-5'!IE11+'[5]TB-6'!IE11+'[5]TB-7'!IE11+'[5]TB-8'!IE11+'[5]TB-9'!IE11+'[5]TB-10'!IE11+'[6]DSV-1'!IE11+'[6]DSV-2'!IE11+'[6]DSV-3'!IE11+'[7]TUB-1'!IE11+'[7]TUB-2'!IE11+'[8]Barge-1'!IE11+'[8]Barge-2'!IE11+'[8]Barge-3'!IE11+'[8]Barge-4'!IE11 -> 24314583 | AK11: ='[2]AHTS-1'!IE82+'[2]AHTS-2'!IE82+'[2]AHTS-3'!IE82+'[2]AHTS-4'!IE82+'[2]AHTS-5'!IE82+'[2]AHTS-6'!IE82+'[2]AHTS-7'!IE82+'[2]AHTS-8'!IE82+'[3]CB-1'!IE82+'[3]CB-2'!IE82+'[3]CB-3'!IE82+'[3]CB-4'!IE82+'[3]CB-5'!IE82+'[3]CB-6'!IE82+'[3]CB-7'!IE82+'[3]CB-8'!IE82+'[3]CB-9'!IE82+'[3]CB-10'!IE82+'[3]CB-11'!IE82+'[3]CB-12'!IE82+'[3]CB-13'!IE82+'[3]CB-14'!IE82+'[3]CB-15'!IE82+'[3]CB-16'!IE82+'[3]CB-17'!IE82+'[3]CB-18'!IE82+'[3]CB-19'!IE82+'[3]CB-20'!IE82+'[3]CB-21'!IE82+'[3]CB-22'!IE82+'[3]CB-23'!IE82+'[3]CB-24'!IE82+'[4]LCT-1'!IE82+'[4]LCT-2'!IE82+'[4]LCT-3'!IE82+'[4]LCT-4'!IE82+'[4]LCT-5'!IE82+'[4]LCT-6'!IE82+'[4]LCT-7'!IE82+'[4]LCT-8'!IE82+'[5]TB-1'!IE82+'[5]TB-2'!IE82+'[5]TB-3'!IE82+'[5]TB-4'!IE82+'[5]TB-5'!IE82+'[5]TB-6'!IE82+'[5]TB-7'!IE82+'[5]TB-8'!IE82+'[5]TB-9'!IE82+'[5]TB-10'!IE82+'[6]DSV-1'!IE82+'[6]DSV-2'!IE82+'[6]DSV-3'!IE82+'[7]TUB-1'!IE82+'[7]TUB-2'!IE82+'[8]Barge-1'!IE82+'[8]Barge-2'!IE82+'[8]Barge-3'!IE82+'[8]Barge-4'!IE82 -> 0 | AL11: ='[2]AHTS-1'!IF49+'[2]AHTS-2'!IF49+'[2]AHTS-3'!IF49+'[2]AHTS-4'!IF49+'[2]AHTS-5'!IF49+'[2]AHTS-6'!IF49+'[2]AHTS-7'!IF49+'[2]AHTS-8'!IF49+'[3]CB-1'!IF49+'[3]CB-2'!IF49+'[3]CB-3'!IF49+'[3]CB-4'!IF49+'[3]CB-5'!IF49+'[3]CB-6'!IF49+'[3]CB-7'!IF49+'[3]CB-8'!IF49+'[3]CB-9'!IF49+'[3]CB-10'!IF49+'[3]CB-11'!IF49+'[3]CB-12'!IF49+'[3]CB-13'!IF49+'[3]CB-14'!IF49+'[3]CB-15'!IF49+'[3]CB-16'!IF49+'[3]CB-17'!IF49+'[3]CB-18'!IF49+'[3]CB-19'!IF49+'[3]CB-20'!IF49+'[3]CB-21'!IF49+'[3]CB-22'!IF49+'[3]CB-23'!IF49+'[3]CB-24'!IF49+'[4]LCT-1'!IF49+'[4]LCT-2'!IF49+'[4]LCT-3'!IF49+'[4]LCT-4'!IF49+'[4]LCT-5'!IF49+'[4]LCT-6'!IF49+'[4]LCT-7'!IF49+'[4]LCT-8'!IF49+'[5]TB-1'!IF49+'[5]TB-2'!IF49+'[5]TB-3'!IF49+'[5]TB-4'!IF49+'[5]TB-5'!IF49+'[5]TB-6'!IF49+'[5]TB-7'!IF49+'[5]TB-8'!IF49+'[5]TB-9'!IF49+'[5]TB-10'!IF49+'[6]DSV-1'!IF49+'[6]DSV-2'!IF49+'[6]DSV-3'!IF49+'[7]TUB-1'!IF49+'[7]TUB-2'!IF49+'[8]Barge-1'!IF49+'[8]Barge-2'!IF49+'[8]Barge-3'!IF49+'[8]Barge-4'!IF49 -> 1615000 | AM11: ='[2]AHTS-1'!IF11+'[2]AHTS-2'!IF11+'[2]AHTS-3'!IF11+'[2]AHTS-4'!IF11+'[2]AHTS-5'!IF11+'[2]AHTS-6'!IF11+'[2]AHTS-7'!IF11+'[2]AHTS-8'!IF11+'[3]CB-1'!IF11+'[3]CB-2'!IF11+'[3]CB-3'!IF11+'[3]CB-4'!IF11+'[3]CB-5'!IF11+'[3]CB-6'!IF11+'[3]CB-7'!IF11+'[3]CB-8'!IF11+'[3]CB-9'!IF11+'[3]CB-10'!IF11+'[3]CB-11'!IF11+'[3]CB-12'!IF11+'[3]CB-13'!IF11+'[3]CB-14'!IF11+'[3]CB-15'!IF11+'[3]CB-16'!IF11+'[3]CB-17'!IF11+'[3]CB-18'!IF11+'[3]CB-19'!IF11+'[3]CB-20'!IF11+'[3]CB-21'!IF11+'[3]CB-22'!IF11+'[3]CB-23'!IF11+'[3]CB-24'!IF11+'[4]LCT-1'!IF11+'[4]LCT-2'!IF11+'[4]LCT-3'!IF11+'[4]LCT-4'!IF11+'[4]LCT-5'!IF11+'[4]LCT-6'!IF11+'[4]LCT-7'!IF11+'[4]LCT-8'!IF11+'[5]TB-1'!IF11+'[5]TB-2'!IF11+'[5]TB-3'!IF11+'[5]TB-4'!IF11+'[5]TB-5'!IF11+'[5]TB-6'!IF11+'[5]TB-7'!IF11+'[5]TB-8'!IF11+'[5]TB-9'!IF11+'[5]TB-10'!IF11+'[6]DSV-1'!IF11+'[6]DSV-2'!IF11+'[6]DSV-3'!IF11+'[7]TUB-1'!IF11+'[7]TUB-2'!IF11+'[8]Barge-1'!IF11+'[8]Barge-2'!IF11+'[8]Barge-3'!IF11+'[8]Barge-4'!IF11 -> 9500000 | AN11: ='[2]AHTS-1'!IF82+'[2]AHTS-2'!IF82+'[2]AHTS-3'!IF82+'[2]AHTS-4'!IF82+'[2]AHTS-5'!IF82+'[2]AHTS-6'!IF82+'[2]AHTS-7'!IF82+'[2]AHTS-8'!IF82+'[3]CB-1'!IF82+'[3]CB-2'!IF82+'[3]CB-3'!IF82+'[3]CB-4'!IF82+'[3]CB-5'!IF82+'[3]CB-6'!IF82+'[3]CB-7'!IF82+'[3]CB-8'!IF82+'[3]CB-9'!IF82+'[3]CB-10'!IF82+'[3]CB-11'!IF82+'[3]CB-12'!IF82+'[3]CB-13'!IF82+'[3]CB-14'!IF82+'[3]CB-15'!IF82+'[3]CB-16'!IF82+'[3]CB-17'!IF82+'[3]CB-18'!IF82+'[3]CB-19'!IF82+'[3]CB-20'!IF82+'[3]CB-21'!IF82+'[3]CB-22'!IF82+'[3]CB-23'!IF82+'[3]CB-24'!IF82+'[4]LCT-1'!IF82+'[4]LCT-2'!IF82+'[4]LCT-3'!IF82+'[4]LCT-4'!IF82+'[4]LCT-5'!IF82+'[4]LCT-6'!IF82+'[4]LCT-7'!IF82+'[4]LCT-8'!IF82+'[5]TB-1'!IF82+'[5]TB-2'!IF82+'[5]TB-3'!IF82+'[5]TB-4'!IF82+'[5]TB-5'!IF82+'[5]TB-6'!IF82+'[5]TB-7'!IF82+'[5]TB-8'!IF82+'[5]TB-9'!IF82+'[5]TB-10'!IF82+'[6]DSV-1'!IF82+'[6]DSV-2'!IF82+'[6]DSV-3'!IF82+'[7]TUB-1'!IF82+'[7]TUB-2'!IF82+'[8]Barge-1'!IF82+'[8]Barge-2'!IF82+'[8]Barge-3'!IF82+'[8]Barge-4'!IF82 -> 0 | AO11: ='[2]AHTS-1'!IG49+'[2]AHTS-2'!IG49+'[2]AHTS-3'!IG49+'[2]AHTS-4'!IG49+'[2]AHTS-5'!IG49+'[2]AHTS-6'!IG49+'[2]AHTS-7'!IG49+'[2]AHTS-8'!IG49+'[3]CB-1'!IG49+'[3]CB-2'!IG49+'[3]CB-3'!IG49+'[3]CB-4'!IG49+'[3]CB-5'!IG49+'[3]CB-6'!IG49+'[3]CB-7'!IG49+'[3]CB-8'!IG49+'[3]CB-9'!IG49+'[3]CB-10'!IG49+'[3]CB-11'!IG49+'[3]CB-12'!IG49+'[3]CB-13'!IG49+'[3]CB-14'!IG49+'[3]CB-15'!IG49+'[3]CB-16'!IG49+'[3]CB-17'!IG49+'[3]CB-18'!IG49+'[3]CB-19'!IG49+'[3]CB-20'!IG49+'[3]CB-21'!IG49+'[3]CB-22'!IG49+'[3]CB-23'!IG49+'[3]CB-24'!IG49+'[4]LCT-1'!IG49+'[4]LCT-2'!IG49+'[4]LCT-3'!IG49+'[4]LCT-4'!IG49+'[4]LCT-5'!IG49+'[4]LCT-6'!IG49+'[4]LCT-7'!IG49+'[4]LCT-8'!IG49+'[5]TB-1'!IG49+'[5]TB-2'!IG49+'[5]TB-3'!IG49+'[5]TB-4'!IG49+'[5]TB-5'!IG49+'[5]TB-6'!IG49+'[5]TB-7'!IG49+'[5]TB-8'!IG49+'[5]TB-9'!IG49+'[5]TB-10'!IG49+'[6]DSV-1'!IG49+'[6]DSV-2'!IG49+'[6]DSV-3'!IG49+'[7]TUB-1'!IG49+'[7]TUB-2'!IG49+'[8]Barge-1'!IG49+'[8]Barge-2'!IG49+'[8]Barge-3'!IG49+'[8]Barge-4'!IG49 -> 549100 | AP11: ='[2]AHTS-1'!IG11+'[2]AHTS-2'!IG11+'[2]AHTS-3'!IG11+'[2]AHTS-4'!IG11+'[2]AHTS-5'!IG11+'[2]AHTS-6'!IG11+'[2]AHTS-7'!IG11+'[2]AHTS-8'!IG11+'[3]CB-1'!IG11+'[3]CB-2'!IG11+'[3]CB-3'!IG11+'[3]CB-4'!IG11+'[3]CB-5'!IG11+'[3]CB-6'!IG11+'[3]CB-7'!IG11+'[3]CB-8'!IG11+'[3]CB-9'!IG11+'[3]CB-10'!IG11+'[3]CB-11'!IG11+'[3]CB-12'!IG11+'[3]CB-13'!IG11+'[3]CB-14'!IG11+'[3]CB-15'!IG11+'[3]CB-16'!IG11+'[3]CB-17'!IG11+'[3]CB-18'!IG11+'[3]CB-19'!IG11+'[3]CB-20'!IG11+'[3]CB-21'!IG11+'[3]CB-22'!IG11+'[3]CB-23'!IG11+'[3]CB-24'!IG11+'[4]LCT-1'!IG11+'[4]LCT-2'!IG11+'[4]LCT-3'!IG11+'[4]LCT-4'!IG11+'[4]LCT-5'!IG11+'[4]LCT-6'!IG11+'[4]LCT-7'!IG11+'[4]LCT-8'!IG11+'[5]TB-1'!IG11+'[5]TB-2'!IG11+'[5]TB-3'!IG11+'[5]TB-4'!IG11+'[5]TB-5'!IG11+'[5]TB-6'!IG11+'[5]TB-7'!IG11+'[5]TB-8'!IG11+'[5]TB-9'!IG11+'[5]TB-10'!IG11+'[6]DSV-1'!IG11+'[6]DSV-2'!IG11+'[6]DSV-3'!IG11+'[7]TUB-1'!IG11+'[7]TUB-2'!IG11+'[8]Barge-1'!IG11+'[8]Barge-2'!IG11+'[8]Barge-3'!IG11+'[8]Barge-4'!IG11 -> 4333333.3 | AQ11: ='[2]AHTS-1'!IG82+'[2]AHTS-2'!IG82+'[2]AHTS-3'!IG82+'[2]AHTS-4'!IG82+'[2]AHTS-5'!IG82+'[2]AHTS-6'!IG82+'[2]AHTS-7'!IG82+'[2]AHTS-8'!IG82+'[3]CB-1'!IG82+'[3]CB-2'!IG82+'[3]CB-3'!IG82+'[3]CB-4'!IG82+'[3]CB-5'!IG82+'[3]CB-6'!IG82+'[3]CB-7'!IG82+'[3]CB-8'!IG82+'[3]CB-9'!IG82+'[3]CB-10'!IG82+'[3]CB-11'!IG82+'[3]CB-12'!IG82+'[3]CB-13'!IG82+'[3]CB-14'!IG82+'[3]CB-15'!IG82+'[3]CB-16'!IG82+'[3]CB-17'!IG82+'[3]CB-18'!IG82+'[3]CB-19'!IG82+'[3]CB-20'!IG82+'[3]CB-21'!IG82+'[3]CB-22'!IG82+'[3]CB-23'!IG82+'[3]CB-24'!IG82+'[4]LCT-1'!IG82+'[4]LCT-2'!IG82+'[4]LCT-3'!IG82+'[4]LCT-4'!IG82+'[4]LCT-5'!IG82+'[4]LCT-6'!IG82+'[4]LCT-7'!IG82+'[4]LCT-8'!IG82+'[5]TB-1'!IG82+'[5]TB-2'!IG82+'[5]TB-3'!IG82+'[5]TB-4'!IG82+'[5]TB-5'!IG82+'[5]TB-6'!IG82+'[5]TB-7'!IG82+'[5]TB-8'!IG82+'[5]TB-9'!IG82+'[5]TB-10'!IG82+'[6]DSV-1'!IG82+'[6]DSV-2'!IG82+'[6]DSV-3'!IG82+'[7]TUB-1'!IG82+'[7]TUB-2'!IG82+'[8]Barge-1'!IG82+'[8]Barge-2'!IG82+'[8]Barge-3'!IG82+'[8]Barge-4'!IG82 -> 0 | AR11: ='[2]AHTS-1'!IH49+'[2]AHTS-2'!IH49+'[2]AHTS-3'!IH49+'[2]AHTS-4'!IH49+'[2]AHTS-5'!IH49+'[2]AHTS-6'!IH49+'[2]AHTS-7'!IH49+'[2]AHTS-8'!IH49+'[3]CB-1'!IH49+'[3]CB-2'!IH49+'[3]CB-3'!IH49+'[3]CB-4'!IH49+'[3]CB-5'!IH49+'[3]CB-6'!IH49+'[3]CB-7'!IH49+'[3]CB-8'!IH49+'[3]CB-9'!IH49+'[3]CB-10'!IH49+'[3]CB-11'!IH49+'[3]CB-12'!IH49+'[3]CB-13'!IH49+'[3]CB-14'!IH49+'[3]CB-15'!IH49+'[3]CB-16'!IH49+'[3]CB-17'!IH49+'[3]CB-18'!IH49+'[3]CB-19'!IH49+'[3]CB-20'!IH49+'[3]CB-21'!IH49+'[3]CB-22'!IH49+'[3]CB-23'!IH49+'[3]CB-24'!IH49+'[4]LCT-1'!IH49+'[4]LCT-2'!IH49+'[4]LCT-3'!IH49+'[4]LCT-4'!IH49+'[4]LCT-5'!IH49+'[4]LCT-6'!IH49+'[4]LCT-7'!IH49+'[4]LCT-8'!IH49+'[5]TB-1'!IH49+'[5]TB-2'!IH49+'[5]TB-3'!IH49+'[5]TB-4'!IH49+'[5]TB-5'!IH49+'[5]TB-6'!IH49+'[5]TB-7'!IH49+'[5]TB-8'!IH49+'[5]TB-9'!IH49+'[5]TB-10'!IH49+'[6]DSV-1'!IH49+'[6]DSV-2'!IH49+'[6]DSV-3'!IH49+'[7]TUB-1'!IH49+'[7]TUB-2'!IH49+'[8]Barge-1'!IH49+'[8]Barge-2'!IH49+'[8]Barge-3'!IH49+'[8]Barge-4'!IH49 -> 77600750 | AS11: ='[2]AHTS-1'!IH11+'[2]AHTS-2'!IH11+'[2]AHTS-3'!IH11+'[2]AHTS-4'!IH11+'[2]AHTS-5'!IH11+'[2]AHTS-6'!IH11+'[2]AHTS-7'!IH11+'[2]AHTS-8'!IH11+'[3]CB-1'!IH11+'[3]CB-2'!IH11+'[3]CB-3'!IH11+'[3]CB-4'!IH11+'[3]CB-5'!IH11+'[3]CB-6'!IH11+'[3]CB-7'!IH11+'[3]CB-8'!IH11+'[3]CB-9'!IH11+'[3]CB-10'!IH11+'[3]CB-11'!IH11+'[3]CB-12'!IH11+'[3]CB-13'!IH11+'[3]CB-14'!IH11+'[3]CB-15'!IH11+'[3]CB-16'!IH11+'[3]CB-17'!IH11+'[3]CB-18'!IH11+'[3]CB-19'!IH11+'[3]CB-20'!IH11+'[3]CB-21'!IH11+'[3]CB-22'!IH11+'[3]CB-23'!IH11+'[3]CB-24'!IH11+'[4]LCT-1'!IH11+'[4]LCT-2'!IH11+'[4]LCT-3'!IH11+'[4]LCT-4'!IH11+'[4]LCT-5'!IH11+'[4]LCT-6'!IH11+'[4]LCT-7'!IH11+'[4]LCT-8'!IH11+'[5]TB-1'!IH11+'[5]TB-2'!IH11+'[5]TB-3'!IH11+'[5]TB-4'!IH11+'[5]TB-5'!IH11+'[5]TB-6'!IH11+'[5]TB-7'!IH11+'[5]TB-8'!IH11+'[5]TB-9'!IH11+'[5]TB-10'!IH11+'[6]DSV-1'!IH11+'[6]DSV-2'!IH11+'[6]DSV-3'!IH11+'[7]TUB-1'!IH11+'[7]TUB-2'!IH11+'[8]Barge-1'!IH11+'[8]Barge-2'!IH11+'[8]Barge-3'!IH11+'[8]Barge-4'!IH11 -> 88200000 | AT11: ='[2]AHTS-1'!IH82+'[2]AHTS-2'!IH82+'[2]AHTS-3'!IH82+'[2]AHTS-4'!IH82+'[2]AHTS-5'!IH82+'[2]AHTS-6'!IH82+'[2]AHTS-7'!IH82+'[2]AHTS-8'!IH82+'[3]CB-1'!IH82+'[3]CB-2'!IH82+'[3]CB-3'!IH82+'[3]CB-4'!IH82+'[3]CB-5'!IH82+'[3]CB-6'!IH82+'[3]CB-7'!IH82+'[3]CB-8'!IH82+'[3]CB-9'!IH82+'[3]CB-10'!IH82+'[3]CB-11'!IH82+'[3]CB-12'!IH82+'[3]CB-13'!IH82+'[3]CB-14'!IH82+'[3]CB-15'!IH82+'[3]CB-16'!IH82+'[3]CB-17'!IH82+'[3]CB-18'!IH82+'[3]CB-19'!IH82+'[3]CB-20'!IH82+'[3]CB-21'!IH82+'[3]CB-22'!IH82+'[3]CB-23'!IH82+'[3]CB-24'!IH82+'[4]LCT-1'!IH82+'[4]LCT-2'!IH82+'[4]LCT-3'!IH82+'[4]LCT-4'!IH82+'[4]LCT-5'!IH82+'[4]LCT-6'!IH82+'[4]LCT-7'!IH82+'[4]LCT-8'!IH82+'[5]TB-1'!IH82+'[5]TB-2'!IH82+'[5]TB-3'!IH82+'[5]TB-4'!IH82+'[5]TB-5'!IH82+'[5]TB-6'!IH82+'[5]TB-7'!IH82+'[5]TB-8'!IH82+'[5]TB-9'!IH82+'[5]TB-10'!IH82+'[6]DSV-1'!IH82+'[6]DSV-2'!IH82+'[6]DSV-3'!IH82+'[7]TUB-1'!IH82+'[7]TUB-2'!IH82+'[8]Barge-1'!IH82+'[8]Barge-2'!IH82+'[8]Barge-3'!IH82+'[8]Barge-4'!IH82 -> 0 | AU11: ='[2]AHTS-1'!II49+'[2]AHTS-2'!II49+'[2]AHTS-3'!II49+'[2]AHTS-4'!II49+'[2]AHTS-5'!II49+'[2]AHTS-6'!II49+'[2]AHTS-7'!II49+'[2]AHTS-8'!II49+'[3]CB-1'!II49+'[3]CB-2'!II49+'[3]CB-3'!II49+'[3]CB-4'!II49+'[3]CB-5'!II49+'[3]CB-6'!II49+'[3]CB-7'!II49+'[3]CB-8'!II49+'[3]CB-9'!II49+'[3]CB-10'!II49+'[3]CB-11'!II49+'[3]CB-12'!II49+'[3]CB-13'!II49+'[3]CB-14'!II49+'[3]CB-15'!II49+'[3]CB-16'!II49+'[3]CB-17'!II49+'[3]CB-18'!II49+'[3]CB-19'!II49+'[3]CB-20'!II49+'[3]CB-21'!II49+'[3]CB-22'!II49+'[3]CB-23'!II49+'[3]CB-24'!II49+'[4]LCT-1'!II49+'[4]LCT-2'!II49+'[4]LCT-3'!II49+'[4]LCT-4'!II49+'[4]LCT-5'!II49+'[4]LCT-6'!II49+'[4]LCT-7'!II49+'[4]LCT-8'!II49+'[5]TB-1'!II49+'[5]TB-2'!II49+'[5]TB-3'!II49+'[5]TB-4'!II49+'[5]TB-5'!II49+'[5]TB-6'!II49+'[5]TB-7'!II49+'[5]TB-8'!II49+'[5]TB-9'!II49+'[5]TB-10'!II49+'[6]DSV-1'!II49+'[6]DSV-2'!II49+'[6]DSV-3'!II49+'[7]TUB-1'!II49+'[7]TUB-2'!II49+'[8]Barge-1'!II49+'[8]Barge-2'!II49+'[8]Barge-3'!II49+'[8]Barge-4'!II49 -> 0 | AV11: ='[2]AHTS-1'!II11+'[2]AHTS-2'!II11+'[2]AHTS-3'!II11+'[2]AHTS-4'!II11+'[2]AHTS-5'!II11+'[2]AHTS-6'!II11+'[2]AHTS-7'!II11+'[2]AHTS-8'!II11+'[3]CB-1'!II11+'[3]CB-2'!II11+'[3]CB-3'!II11+'[3]CB-4'!II11+'[3]CB-5'!II11+'[3]CB-6'!II11+'[3]CB-7'!II11+'[3]CB-8'!II11+'[3]CB-9'!II11+'[3]CB-10'!II11+'[3]CB-11'!II11+'[3]CB-12'!II11+'[3]CB-13'!II11+'[3]CB-14'!II11+'[3]CB-15'!II11+'[3]CB-16'!II11+'[3]CB-17'!II11+'[3]CB-18'!II11+'[3]CB-19'!II11+'[3]CB-20'!II11+'[3]CB-21'!II11+'[3]CB-22'!II11+'[3]CB-23'!II11+'[3]CB-24'!II11+'[4]LCT-1'!II11+'[4]LCT-2'!II11+'[4]LCT-3'!II11+'[4]LCT-4'!II11+'[4]LCT-5'!II11+'[4]LCT-6'!II11+'[4]LCT-7'!II11+'[4]LCT-8'!II11+'[5]TB-1'!II11+'[5]TB-2'!II11+'[5]TB-3'!II11+'[5]TB-4'!II11+'[5]TB-5'!II11+'[5]TB-6'!II11+'[5]TB-7'!II11+'[5]TB-8'!II11+'[5]TB-9'!II11+'[5]TB-10'!II11+'[6]DSV-1'!II11+'[6]DSV-2'!II11+'[6]DSV-3'!II11+'[7]TUB-1'!II11+'[7]TUB-2'!II11+'[8]Barge-1'!II11+'[8]Barge-2'!II11+'[8]Barge-3'!II11+'[8]Barge-4'!II11 -> 0 | AW11: ='[2]AHTS-1'!II82+'[2]AHTS-2'!II82+'[2]AHTS-3'!II82+'[2]AHTS-4'!II82+'[2]AHTS-5'!II82+'[2]AHTS-6'!II82+'[2]AHTS-7'!II82+'[2]AHTS-8'!II82+'[3]CB-1'!II82+'[3]CB-2'!II82+'[3]CB-3'!II82+'[3]CB-4'!II82+'[3]CB-5'!II82+'[3]CB-6'!II82+'[3]CB-7'!II82+'[3]CB-8'!II82+'[3]CB-9'!II82+'[3]CB-10'!II82+'[3]CB-11'!II82+'[3]CB-12'!II82+'[3]CB-13'!II82+'[3]CB-14'!II82+'[3]CB-15'!II82+'[3]CB-16'!II82+'[3]CB-17'!II82+'[3]CB-18'!II82+'[3]CB-19'!II82+'[3]CB-20'!II82+'[3]CB-21'!II82+'[3]CB-22'!II82+'[3]CB-23'!II82+'[3]CB-24'!II82+'[4]LCT-1'!II82+'[4]LCT-2'!II82+'[4]LCT-3'!II82+'[4]LCT-4'!II82+'[4]LCT-5'!II82+'[4]LCT-6'!II82+'[4]LCT-7'!II82+'[4]LCT-8'!II82+'[5]TB-1'!II82+'[5]TB-2'!II82+'[5]TB-3'!II82+'[5]TB-4'!II82+'[5]TB-5'!II82+'[5]TB-6'!II82+'[5]TB-7'!II82+'[5]TB-8'!II82+'[5]TB-9'!II82+'[5]TB-10'!II82+'[6]DSV-1'!II82+'[6]DSV-2'!II82+'[6]DSV-3'!II82+'[7]TUB-1'!II82+'[7]TUB-2'!II82+'[8]Barge-1'!II82+'[8]Barge-2'!II82+'[8]Barge-3'!II82+'[8]Barge-4'!II82 -> 0
A12: =[1]Control!AZ12 -> 45987 | C12: ='[2]AHTS-1'!AV12+'[2]AHTS-2'!AV12+'[2]AHTS-3'!AV12+'[2]AHTS-4'!AV12+'[2]AHTS-5'!AV12+'[2]AHTS-6'!AV12+'[2]AHTS-7'!AV12+'[2]AHTS-8'!AV12+'[3]CB-1'!AV12+'[3]CB-2'!AV12+'[3]CB-3'!AV12+'[3]CB-4'!AV12+'[3]CB-5'!AV12+'[3]CB-6'!AV12+'[3]CB-7'!AV12+'[3]CB-8'!AV12+'[3]CB-9'!AV12+'[3]CB-10'!AV12+'[3]CB-11'!AV12+'[3]CB-12'!AV12+'[3]CB-13'!AV12+'[3]CB-14'!AV12+'[3]CB-15'!AV12+'[3]CB-16'!AV12+'[3]CB-17'!AV12+'[3]CB-18'!AV12+'[3]CB-19'!AV12+'[3]CB-20'!AV12+'[3]CB-21'!AV12+'[3]CB-22'!AV12+'[3]CB-23'!AV12+'[3]CB-24'!AV12+'[4]LCT-1'!AV12+'[4]LCT-2'!AV12+'[4]LCT-3'!AV12+'[4]LCT-4'!AV12+'[4]LCT-5'!AV12+'[4]LCT-6'!AV12+'[4]LCT-7'!AV12+'[4]LCT-8'!AV12+'[5]TB-1'!AV12+'[5]TB-2'!AV12+'[5]TB-3'!AV12+'[5]TB-4'!AV12+'[5]TB-5'!AV12+'[5]TB-6'!AV12+'[5]TB-7'!AV12+'[5]TB-8'!AV12+'[5]TB-9'!AV12+'[5]TB-10'!AV12+'[6]DSV-1'!AV12+'[6]DSV-2'!AV12+'[6]DSV-3'!AV12+'[7]TUB-1'!AV12+'[7]TUB-2'!AV12+'[8]Barge-1'!AV12+'[8]Barge-2'!AV12+'[8]Barge-3'!AV12+'[8]Barge-4'!AV12 -> 0 | D12: ='[2]AHTS-1'!BR12+'[2]AHTS-2'!BR12+'[2]AHTS-3'!BR12+'[2]AHTS-4'!BR12+'[2]AHTS-5'!BR12+'[2]AHTS-6'!BR12+'[2]AHTS-7'!BR12+'[2]AHTS-8'!BR12+'[3]CB-1'!BR12+'[3]CB-2'!BR12+'[3]CB-3'!BR12+'[3]CB-4'!BR12+'[3]CB-5'!BR12+'[3]CB-6'!BR12+'[3]CB-7'!BR12+'[3]CB-8'!BR12+'[3]CB-9'!BR12+'[3]CB-10'!BR12+'[3]CB-11'!BR12+'[3]CB-12'!BR12+'[3]CB-13'!BR12+'[3]CB-14'!BR12+'[3]CB-15'!BR12+'[3]CB-16'!BR12+'[3]CB-17'!BR12+'[3]CB-18'!BR12+'[3]CB-19'!BR12+'[3]CB-20'!BR12+'[3]CB-21'!BR12+'[3]CB-22'!BR12+'[3]CB-23'!BR12+'[3]CB-24'!BR12+'[4]LCT-1'!BR12+'[4]LCT-2'!BR12+'[4]LCT-3'!BR12+'[4]LCT-4'!BR12+'[4]LCT-5'!BR12+'[4]LCT-6'!BR12+'[4]LCT-7'!BR12+'[4]LCT-8'!BR12+'[5]TB-1'!BR12+'[5]TB-2'!BR12+'[5]TB-3'!BR12+'[5]TB-4'!BR12+'[5]TB-5'!BR12+'[5]TB-6'!BR12+'[5]TB-7'!BR12+'[5]TB-8'!BR12+'[5]TB-9'!BR12+'[5]TB-10'!BR12+'[6]DSV-1'!BR12+'[6]DSV-2'!BR12+'[6]DSV-3'!BR12+'[7]TUB-1'!BR12+'[7]TUB-2'!BR12+'[8]Barge-1'!BR12+'[8]Barge-2'!BR12+'[8]Barge-3'!BR12+'[8]Barge-4'!BR12 -> 0 | E12: ='[2]AHTS-1'!CN12+'[2]AHTS-2'!CN12+'[2]AHTS-3'!CN12+'[2]AHTS-4'!CN12+'[2]AHTS-5'!CN12+'[2]AHTS-6'!CN12+'[2]AHTS-7'!CN12+'[2]AHTS-8'!CN12+'[3]CB-1'!CN12+'[3]CB-2'!CN12+'[3]CB-3'!CN12+'[3]CB-4'!CN12+'[3]CB-5'!CN12+'[3]CB-6'!CN12+'[3]CB-7'!CN12+'[3]CB-8'!CN12+'[3]CB-9'!CN12+'[3]CB-10'!CN12+'[3]CB-11'!CN12+'[3]CB-12'!CN12+'[3]CB-13'!CN12+'[3]CB-14'!CN12+'[3]CB-15'!CN12+'[3]CB-16'!CN12+'[3]CB-17'!CN12+'[3]CB-18'!CN12+'[3]CB-19'!CN12+'[3]CB-20'!CN12+'[3]CB-21'!CN12+'[3]CB-22'!CN12+'[3]CB-23'!CN12+'[3]CB-24'!CN12+'[4]LCT-1'!CN12+'[4]LCT-2'!CN12+'[4]LCT-3'!CN12+'[4]LCT-4'!CN12+'[4]LCT-5'!CN12+'[4]LCT-6'!CN12+'[4]LCT-7'!CN12+'[4]LCT-8'!CN12+'[5]TB-1'!CN12+'[5]TB-2'!CN12+'[5]TB-3'!CN12+'[5]TB-4'!CN12+'[5]TB-5'!CN12+'[5]TB-6'!CN12+'[5]TB-7'!CN12+'[5]TB-8'!CN12+'[5]TB-9'!CN12+'[5]TB-10'!CN12+'[6]DSV-1'!CN12+'[6]DSV-2'!CN12+'[6]DSV-3'!CN12+'[7]TUB-1'!CN12+'[7]TUB-2'!CN12+'[8]Barge-1'!CN12+'[8]Barge-2'!CN12+'[8]Barge-3'!CN12+'[8]Barge-4'!CN12 -> 0 | F12: ='[2]AHTS-1'!AW12+'[2]AHTS-2'!AW12+'[2]AHTS-3'!AW12+'[2]AHTS-4'!AW12+'[2]AHTS-5'!AW12+'[2]AHTS-6'!AW12+'[2]AHTS-7'!AW12+'[2]AHTS-8'!AW12+'[3]CB-1'!AW12+'[3]CB-2'!AW12+'[3]CB-3'!AW12+'[3]CB-4'!AW12+'[3]CB-5'!AW12+'[3]CB-6'!AW12+'[3]CB-7'!AW12+'[3]CB-8'!AW12+'[3]CB-9'!AW12+'[3]CB-10'!AW12+'[3]CB-11'!AW12+'[3]CB-12'!AW12+'[3]CB-13'!AW12+'[3]CB-14'!AW12+'[3]CB-15'!AW12+'[3]CB-16'!AW12+'[3]CB-17'!AW12+'[3]CB-18'!AW12+'[3]CB-19'!AW12+'[3]CB-20'!AW12+'[3]CB-21'!AW12+'[3]CB-22'!AW12+'[3]CB-23'!AW12+'[3]CB-24'!AW12+'[4]LCT-1'!AW12+'[4]LCT-2'!AW12+'[4]LCT-3'!AW12+'[4]LCT-4'!AW12+'[4]LCT-5'!AW12+'[4]LCT-6'!AW12+'[4]LCT-7'!AW12+'[4]LCT-8'!AW12+'[5]TB-1'!AW12+'[5]TB-2'!AW12+'[5]TB-3'!AW12+'[5]TB-4'!AW12+'[5]TB-5'!AW12+'[5]TB-6'!AW12+'[5]TB-7'!AW12+'[5]TB-8'!AW12+'[5]TB-9'!AW12+'[5]TB-10'!AW12+'[6]DSV-1'!AW12+'[6]DSV-2'!AW12+'[6]DSV-3'!AW12+'[7]TUB-1'!AW12+'[7]TUB-2'!AW12+'[8]Barge-1'!AW12+'[8]Barge-2'!AW12+'[8]Barge-3'!AW12+'[8]Barge-4'!AW12 -> 1346.3414 | G12: ='[2]AHTS-1'!BS12+'[2]AHTS-2'!BS12+'[2]AHTS-3'!BS12+'[2]AHTS-4'!BS12+'[2]AHTS-5'!BS12+'[2]AHTS-6'!BS12+'[2]AHTS-7'!BS12+'[2]AHTS-8'!BS12+'[3]CB-1'!BS12+'[3]CB-2'!BS12+'[3]CB-3'!BS12+'[3]CB-4'!BS12+'[3]CB-5'!BS12+'[3]CB-6'!BS12+'[3]CB-7'!BS12+'[3]CB-8'!BS12+'[3]CB-9'!BS12+'[3]CB-10'!BS12+'[3]CB-11'!BS12+'[3]CB-12'!BS12+'[3]CB-13'!BS12+'[3]CB-14'!BS12+'[3]CB-15'!BS12+'[3]CB-16'!BS12+'[3]CB-17'!BS12+'[3]CB-18'!BS12+'[3]CB-19'!BS12+'[3]CB-20'!BS12+'[3]CB-21'!BS12+'[3]CB-22'!BS12+'[3]CB-23'!BS12+'[3]CB-24'!BS12+'[4]LCT-1'!BS12+'[4]LCT-2'!BS12+'[4]LCT-3'!BS12+'[4]LCT-4'!BS12+'[4]LCT-5'!BS12+'[4]LCT-6'!BS12+'[4]LCT-7'!BS12+'[4]LCT-8'!BS12+'[5]TB-1'!BS12+'[5]TB-2'!BS12+'[5]TB-3'!BS12+'[5]TB-4'!BS12+'[5]TB-5'!BS12+'[5]TB-6'!BS12+'[5]TB-7'!BS12+'[5]TB-8'!BS12+'[5]TB-9'!BS12+'[5]TB-10'!BS12+'[6]DSV-1'!BS12+'[6]DSV-2'!BS12+'[6]DSV-3'!BS12+'[7]TUB-1'!BS12+'[7]TUB-2'!BS12+'[8]Barge-1'!BS12+'[8]Barge-2'!BS12+'[8]Barge-3'!BS12+'[8]Barge-4'!BS12 -> 1404.1205 | H12: ='[2]AHTS-1'!CO12+'[2]AHTS-2'!CO12+'[2]AHTS-3'!CO12+'[2]AHTS-4'!CO12+'[2]AHTS-5'!CO12+'[2]AHTS-6'!CO12+'[2]AHTS-7'!CO12+'[2]AHTS-8'!CO12+'[3]CB-1'!CO12+'[3]CB-2'!CO12+'[3]CB-3'!CO12+'[3]CB-4'!CO12+'[3]CB-5'!CO12+'[3]CB-6'!CO12+'[3]CB-7'!CO12+'[3]CB-8'!CO12+'[3]CB-9'!CO12+'[3]CB-10'!CO12+'[3]CB-11'!CO12+'[3]CB-12'!CO12+'[3]CB-13'!CO12+'[3]CB-14'!CO12+'[3]CB-15'!CO12+'[3]CB-16'!CO12+'[3]CB-17'!CO12+'[3]CB-18'!CO12+'[3]CB-19'!CO12+'[3]CB-20'!CO12+'[3]CB-21'!CO12+'[3]CB-22'!CO12+'[3]CB-23'!CO12+'[3]CB-24'!CO12+'[4]LCT-1'!CO12+'[4]LCT-2'!CO12+'[4]LCT-3'!CO12+'[4]LCT-4'!CO12+'[4]LCT-5'!CO12+'[4]LCT-6'!CO12+'[4]LCT-7'!CO12+'[4]LCT-8'!CO12+'[5]TB-1'!CO12+'[5]TB-2'!CO12+'[5]TB-3'!CO12+'[5]TB-4'!CO12+'[5]TB-5'!CO12+'[5]TB-6'!CO12+'[5]TB-7'!CO12+'[5]TB-8'!CO12+'[5]TB-9'!CO12+'[5]TB-10'!CO12+'[6]DSV-1'!CO12+'[6]DSV-2'!CO12+'[6]DSV-3'!CO12+'[7]TUB-1'!CO12+'[7]TUB-2'!CO12+'[8]Barge-1'!CO12+'[8]Barge-2'!CO12+'[8]Barge-3'!CO12+'[8]Barge-4'!CO12 -> 0 | I12: ='[2]AHTS-1'!AX12+'[2]AHTS-2'!AX12+'[2]AHTS-3'!AX12+'[2]AHTS-4'!AX12+'[2]AHTS-5'!AX12+'[2]AHTS-6'!AX12+'[2]AHTS-7'!AX12+'[2]AHTS-8'!AX12+'[3]CB-1'!AX12+'[3]CB-2'!AX12+'[3]CB-3'!AX12+'[3]CB-4'!AX12+'[3]CB-5'!AX12+'[3]CB-6'!AX12+'[3]CB-7'!AX12+'[3]CB-8'!AX12+'[3]CB-9'!AX12+'[3]CB-10'!AX12+'[3]CB-11'!AX12+'[3]CB-12'!AX12+'[3]CB-13'!AX12+'[3]CB-14'!AX12+'[3]CB-15'!AX12+'[3]CB-16'!AX12+'[3]CB-17'!AX12+'[3]CB-18'!AX12+'[3]CB-19'!AX12+'[3]CB-20'!AX12+'[3]CB-21'!AX12+'[3]CB-22'!AX12+'[3]CB-23'!AX12+'[3]CB-24'!AX12+'[4]LCT-1'!AX12+'[4]LCT-2'!AX12+'[4]LCT-3'!AX12+'[4]LCT-4'!AX12+'[4]LCT-5'!AX12+'[4]LCT-6'!AX12+'[4]LCT-7'!AX12+'[4]LCT-8'!AX12+'[5]TB-1'!AX12+'[5]TB-2'!AX12+'[5]TB-3'!AX12+'[5]TB-4'!AX12+'[5]TB-5'!AX12+'[5]TB-6'!AX12+'[5]TB-7'!AX12+'[5]TB-8'!AX12+'[5]TB-9'!AX12+'[5]TB-10'!AX12+'[6]DSV-1'!AX12+'[6]DSV-2'!AX12+'[6]DSV-3'!AX12+'[7]TUB-1'!AX12+'[7]TUB-2'!AX12+'[8]Barge-1'!AX12+'[8]Barge-2'!AX12+'[8]Barge-3'!AX12+'[8]Barge-4'!AX12 -> 3949.1412 | J12: ='[2]AHTS-1'!BT12+'[2]AHTS-2'!BT12+'[2]AHTS-3'!BT12+'[2]AHTS-4'!BT12+'[2]AHTS-5'!BT12+'[2]AHTS-6'!BT12+'[2]AHTS-7'!BT12+'[2]AHTS-8'!BT12+'[3]CB-1'!BT12+'[3]CB-2'!BT12+'[3]CB-3'!BT12+'[3]CB-4'!BT12+'[3]CB-5'!BT12+'[3]CB-6'!BT12+'[3]CB-7'!BT12+'[3]CB-8'!BT12+'[3]CB-9'!BT12+'[3]CB-10'!BT12+'[3]CB-11'!BT12+'[3]CB-12'!BT12+'[3]CB-13'!BT12+'[3]CB-14'!BT12+'[3]CB-15'!BT12+'[3]CB-16'!BT12+'[3]CB-17'!BT12+'[3]CB-18'!BT12+'[3]CB-19'!BT12+'[3]CB-20'!BT12+'[3]CB-21'!BT12+'[3]CB-22'!BT12+'[3]CB-23'!BT12+'[3]CB-24'!BT12+'[4]LCT-1'!BT12+'[4]LCT-2'!BT12+'[4]LCT-3'!BT12+'[4]LCT-4'!BT12+'[4]LCT-5'!BT12+'[4]LCT-6'!BT12+'[4]LCT-7'!BT12+'[4]LCT-8'!BT12+'[5]TB-1'!BT12+'[5]TB-2'!BT12+'[5]TB-3'!BT12+'[5]TB-4'!BT12+'[5]TB-5'!BT12+'[5]TB-6'!BT12+'[5]TB-7'!BT12+'[5]TB-8'!BT12+'[5]TB-9'!BT12+'[5]TB-10'!BT12+'[6]DSV-1'!BT12+'[6]DSV-2'!BT12+'[6]DSV-3'!BT12+'[7]TUB-1'!BT12+'[7]TUB-2'!BT12+'[8]Barge-1'!BT12+'[8]Barge-2'!BT12+'[8]Barge-3'!BT12+'[8]Barge-4'!BT12 -> 2873.0778 | K12: ='[2]AHTS-1'!CP12+'[2]AHTS-2'!CP12+'[2]AHTS-3'!CP12+'[2]AHTS-4'!CP12+'[2]AHTS-5'!CP12+'[2]AHTS-6'!CP12+'[2]AHTS-7'!CP12+'[2]AHTS-8'!CP12+'[3]CB-1'!CP12+'[3]CB-2'!CP12+'[3]CB-3'!CP12+'[3]CB-4'!CP12+'[3]CB-5'!CP12+'[3]CB-6'!CP12+'[3]CB-7'!CP12+'[3]CB-8'!CP12+'[3]CB-9'!CP12+'[3]CB-10'!CP12+'[3]CB-11'!CP12+'[3]CB-12'!CP12+'[3]CB-13'!CP12+'[3]CB-14'!CP12+'[3]CB-15'!CP12+'[3]CB-16'!CP12+'[3]CB-17'!CP12+'[3]CB-18'!CP12+'[3]CB-19'!CP12+'[3]CB-20'!CP12+'[3]CB-21'!CP12+'[3]CB-22'!CP12+'[3]CB-23'!CP12+'[3]CB-24'!CP12+'[4]LCT-1'!CP12+'[4]LCT-2'!CP12+'[4]LCT-3'!CP12+'[4]LCT-4'!CP12+'[4]LCT-5'!CP12+'[4]LCT-6'!CP12+'[4]LCT-7'!CP12+'[4]LCT-8'!CP12+'[5]TB-1'!CP12+'[5]TB-2'!CP12+'[5]TB-3'!CP12+'[5]TB-4'!CP12+'[5]TB-5'!CP12+'[5]TB-6'!CP12+'[5]TB-7'!CP12+'[5]TB-8'!CP12+'[5]TB-9'!CP12+'[5]TB-10'!CP12+'[6]DSV-1'!CP12+'[6]DSV-2'!CP12+'[6]DSV-3'!CP12+'[7]TUB-1'!CP12+'[7]TUB-2'!CP12+'[8]Barge-1'!CP12+'[8]Barge-2'!CP12+'[8]Barge-3'!CP12+'[8]Barge-4'!CP12 -> 0 | L12: ='[2]AHTS-1'!AY12+'[2]AHTS-2'!AY12+'[2]AHTS-3'!AY12+'[2]AHTS-4'!AY12+'[2]AHTS-5'!AY12+'[2]AHTS-6'!AY12+'[2]AHTS-7'!AY12+'[2]AHTS-8'!AY12+'[3]CB-1'!AY12+'[3]CB-2'!AY12+'[3]CB-3'!AY12+'[3]CB-4'!AY12+'[3]CB-5'!AY12+'[3]CB-6'!AY12+'[3]CB-7'!AY12+'[3]CB-8'!AY12+'[3]CB-9'!AY12+'[3]CB-10'!AY12+'[3]CB-11'!AY12+'[3]CB-12'!AY12+'[3]CB-13'!AY12+'[3]CB-14'!AY12+'[3]CB-15'!AY12+'[3]CB-16'!AY12+'[3]CB-17'!AY12+'[3]CB-18'!AY12+'[3]CB-19'!AY12+'[3]CB-20'!AY12+'[3]CB-21'!AY12+'[3]CB-22'!AY12+'[3]CB-23'!AY12+'[3]CB-24'!AY12+'[4]LCT-1'!AY12+'[4]LCT-2'!AY12+'[4]LCT-3'!AY12+'[4]LCT-4'!AY12+'[4]LCT-5'!AY12+'[4]LCT-6'!AY12+'[4]LCT-7'!AY12+'[4]LCT-8'!AY12+'[5]TB-1'!AY12+'[5]TB-2'!AY12+'[5]TB-3'!AY12+'[5]TB-4'!AY12+'[5]TB-5'!AY12+'[5]TB-6'!AY12+'[5]TB-7'!AY12+'[5]TB-8'!AY12+'[5]TB-9'!AY12+'[5]TB-10'!AY12+'[6]DSV-1'!AY12+'[6]DSV-2'!AY12+'[6]DSV-3'!AY12+'[7]TUB-1'!AY12+'[7]TUB-2'!AY12+'[8]Barge-1'!AY12+'[8]Barge-2'!AY12+'[8]Barge-3'!AY12+'[8]Barge-4'!AY12 -> 103.33355 | M12: ='[2]AHTS-1'!BU12+'[2]AHTS-2'!BU12+'[2]AHTS-3'!BU12+'[2]AHTS-4'!BU12+'[2]AHTS-5'!BU12+'[2]AHTS-6'!BU12+'[2]AHTS-7'!BU12+'[2]AHTS-8'!BU12+'[3]CB-1'!BU12+'[3]CB-2'!BU12+'[3]CB-3'!BU12+'[3]CB-4'!BU12+'[3]CB-5'!BU12+'[3]CB-6'!BU12+'[3]CB-7'!BU12+'[3]CB-8'!BU12+'[3]CB-9'!BU12+'[3]CB-10'!BU12+'[3]CB-11'!BU12+'[3]CB-12'!BU12+'[3]CB-13'!BU12+'[3]CB-14'!BU12+'[3]CB-15'!BU12+'[3]CB-16'!BU12+'[3]CB-17'!BU12+'[3]CB-18'!BU12+'[3]CB-19'!BU12+'[3]CB-20'!BU12+'[3]CB-21'!BU12+'[3]CB-22'!BU12+'[3]CB-23'!BU12+'[3]CB-24'!BU12+'[4]LCT-1'!BU12+'[4]LCT-2'!BU12+'[4]LCT-3'!BU12+'[4]LCT-4'!BU12+'[4]LCT-5'!BU12+'[4]LCT-6'!BU12+'[4]LCT-7'!BU12+'[4]LCT-8'!BU12+'[5]TB-1'!BU12+'[5]TB-2'!BU12+'[5]TB-3'!BU12+'[5]TB-4'!BU12+'[5]TB-5'!BU12+'[5]TB-6'!BU12+'[5]TB-7'!BU12+'[5]TB-8'!BU12+'[5]TB-9'!BU12+'[5]TB-10'!BU12+'[6]DSV-1'!BU12+'[6]DSV-2'!BU12+'[6]DSV-3'!BU12+'[7]TUB-1'!BU12+'[7]TUB-2'!BU12+'[8]Barge-1'!BU12+'[8]Barge-2'!BU12+'[8]Barge-3'!BU12+'[8]Barge-4'!BU12 -> 607.84439 | N12: ='[2]AHTS-1'!CQ12+'[2]AHTS-2'!CQ12+'[2]AHTS-3'!CQ12+'[2]AHTS-4'!CQ12+'[2]AHTS-5'!CQ12+'[2]AHTS-6'!CQ12+'[2]AHTS-7'!CQ12+'[2]AHTS-8'!CQ12+'[3]CB-1'!CQ12+'[3]CB-2'!CQ12+'[3]CB-3'!CQ12+'[3]CB-4'!CQ12+'[3]CB-5'!CQ12+'[3]CB-6'!CQ12+'[3]CB-7'!CQ12+'[3]CB-8'!CQ12+'[3]CB-9'!CQ12+'[3]CB-10'!CQ12+'[3]CB-11'!CQ12+'[3]CB-12'!CQ12+'[3]CB-13'!CQ12+'[3]CB-14'!CQ12+'[3]CB-15'!CQ12+'[3]CB-16'!CQ12+'[3]CB-17'!CQ12+'[3]CB-18'!CQ12+'[3]CB-19'!CQ12+'[3]CB-20'!CQ12+'[3]CB-21'!CQ12+'[3]CB-22'!CQ12+'[3]CB-23'!CQ12+'[3]CB-24'!CQ12+'[4]LCT-1'!CQ12+'[4]LCT-2'!CQ12+'[4]LCT-3'!CQ12+'[4]LCT-4'!CQ12+'[4]LCT-5'!CQ12+'[4]LCT-6'!CQ12+'[4]LCT-7'!CQ12+'[4]LCT-8'!CQ12+'[5]TB-1'!CQ12+'[5]TB-2'!CQ12+'[5]TB-3'!CQ12+'[5]TB-4'!CQ12+'[5]TB-5'!CQ12+'[5]TB-6'!CQ12+'[5]TB-7'!CQ12+'[5]TB-8'!CQ12+'[5]TB-9'!CQ12+'[5]TB-10'!CQ12+'[6]DSV-1'!CQ12+'[6]DSV-2'!CQ12+'[6]DSV-3'!CQ12+'[7]TUB-1'!CQ12+'[7]TUB-2'!CQ12+'[8]Barge-1'!CQ12+'[8]Barge-2'!CQ12+'[8]Barge-3'!CQ12+'[8]Barge-4'!CQ12 -> 0 | O12: ='[2]AHTS-1'!AZ12+'[2]AHTS-2'!AZ12+'[2]AHTS-3'!AZ12+'[2]AHTS-4'!AZ12+'[2]AHTS-5'!AZ12+'[2]AHTS-6'!AZ12+'[2]AHTS-7'!AZ12+'[2]AHTS-8'!AZ12+'[3]CB-1'!AZ12+'[3]CB-2'!AZ12+'[3]CB-3'!AZ12+'[3]CB-4'!AZ12+'[3]CB-5'!AZ12+'[3]CB-6'!AZ12+'[3]CB-7'!AZ12+'[3]CB-8'!AZ12+'[3]CB-9'!AZ12+'[3]CB-10'!AZ12+'[3]CB-11'!AZ12+'[3]CB-12'!AZ12+'[3]CB-13'!AZ12+'[3]CB-14'!AZ12+'[3]CB-15'!AZ12+'[3]CB-16'!AZ12+'[3]CB-17'!AZ12+'[3]CB-18'!AZ12+'[3]CB-19'!AZ12+'[3]CB-20'!AZ12+'[3]CB-21'!AZ12+'[3]CB-22'!AZ12+'[3]CB-23'!AZ12+'[3]CB-24'!AZ12+'[4]LCT-1'!AZ12+'[4]LCT-2'!AZ12+'[4]LCT-3'!AZ12+'[4]LCT-4'!AZ12+'[4]LCT-5'!AZ12+'[4]LCT-6'!AZ12+'[4]LCT-7'!AZ12+'[4]LCT-8'!AZ12+'[5]TB-1'!AZ12+'[5]TB-2'!AZ12+'[5]TB-3'!AZ12+'[5]TB-4'!AZ12+'[5]TB-5'!AZ12+'[5]TB-6'!AZ12+'[5]TB-7'!AZ12+'[5]TB-8'!AZ12+'[5]TB-9'!AZ12+'[5]TB-10'!AZ12+'[6]DSV-1'!AZ12+'[6]DSV-2'!AZ12+'[6]DSV-3'!AZ12+'[7]TUB-1'!AZ12+'[7]TUB-2'!AZ12+'[8]Barge-1'!AZ12+'[8]Barge-2'!AZ12+'[8]Barge-3'!AZ12+'[8]Barge-4'!AZ12 -> 23.422271 | P12: ='[2]AHTS-1'!BV12+'[2]AHTS-2'!BV12+'[2]AHTS-3'!BV12+'[2]AHTS-4'!BV12+'[2]AHTS-5'!BV12+'[2]AHTS-6'!BV12+'[2]AHTS-7'!BV12+'[2]AHTS-8'!BV12+'[3]CB-1'!BV12+'[3]CB-2'!BV12+'[3]CB-3'!BV12+'[3]CB-4'!BV12+'[3]CB-5'!BV12+'[3]CB-6'!BV12+'[3]CB-7'!BV12+'[3]CB-8'!BV12+'[3]CB-9'!BV12+'[3]CB-10'!BV12+'[3]CB-11'!BV12+'[3]CB-12'!BV12+'[3]CB-13'!BV12+'[3]CB-14'!BV12+'[3]CB-15'!BV12+'[3]CB-16'!BV12+'[3]CB-17'!BV12+'[3]CB-18'!BV12+'[3]CB-19'!BV12+'[3]CB-20'!BV12+'[3]CB-21'!BV12+'[3]CB-22'!BV12+'[3]CB-23'!BV12+'[3]CB-24'!BV12+'[4]LCT-1'!BV12+'[4]LCT-2'!BV12+'[4]LCT-3'!BV12+'[4]LCT-4'!BV12+'[4]LCT-5'!BV12+'[4]LCT-6'!BV12+'[4]LCT-7'!BV12+'[4]LCT-8'!BV12+'[5]TB-1'!BV12+'[5]TB-2'!BV12+'[5]TB-3'!BV12+'[5]TB-4'!BV12+'[5]TB-5'!BV12+'[5]TB-6'!BV12+'[5]TB-7'!BV12+'[5]TB-8'!BV12+'[5]TB-9'!BV12+'[5]TB-10'!BV12+'[6]DSV-1'!BV12+'[6]DSV-2'!BV12+'[6]DSV-3'!BV12+'[7]TUB-1'!BV12+'[7]TUB-2'!BV12+'[8]Barge-1'!BV12+'[8]Barge-2'!BV12+'[8]Barge-3'!BV12+'[8]Barge-4'!BV12 -> 138.63118 | Q12: ='[2]AHTS-1'!CR12+'[2]AHTS-2'!CR12+'[2]AHTS-3'!CR12+'[2]AHTS-4'!CR12+'[2]AHTS-5'!CR12+'[2]AHTS-6'!CR12+'[2]AHTS-7'!CR12+'[2]AHTS-8'!CR12+'[3]CB-1'!CR12+'[3]CB-2'!CR12+'[3]CB-3'!CR12+'[3]CB-4'!CR12+'[3]CB-5'!CR12+'[3]CB-6'!CR12+'[3]CB-7'!CR12+'[3]CB-8'!CR12+'[3]CB-9'!CR12+'[3]CB-10'!CR12+'[3]CB-11'!CR12+'[3]CB-12'!CR12+'[3]CB-13'!CR12+'[3]CB-14'!CR12+'[3]CB-15'!CR12+'[3]CB-16'!CR12+'[3]CB-17'!CR12+'[3]CB-18'!CR12+'[3]CB-19'!CR12+'[3]CB-20'!CR12+'[3]CB-21'!CR12+'[3]CB-22'!CR12+'[3]CB-23'!CR12+'[3]CB-24'!CR12+'[4]LCT-1'!CR12+'[4]LCT-2'!CR12+'[4]LCT-3'!CR12+'[4]LCT-4'!CR12+'[4]LCT-5'!CR12+'[4]LCT-6'!CR12+'[4]LCT-7'!CR12+'[4]LCT-8'!CR12+'[5]TB-1'!CR12+'[5]TB-2'!CR12+'[5]TB-3'!CR12+'[5]TB-4'!CR12+'[5]TB-5'!CR12+'[5]TB-6'!CR12+'[5]TB-7'!CR12+'[5]TB-8'!CR12+'[5]TB-9'!CR12+'[5]TB-10'!CR12+'[6]DSV-1'!CR12+'[6]DSV-2'!CR12+'[6]DSV-3'!CR12+'[7]TUB-1'!CR12+'[7]TUB-2'!CR12+'[8]Barge-1'!CR12+'[8]Barge-2'!CR12+'[8]Barge-3'!CR12+'[8]Barge-4'!CR12 -> 0 | R12: ='[2]AHTS-1'!BA12+'[2]AHTS-2'!BA12+'[2]AHTS-3'!BA12+'[2]AHTS-4'!BA12+'[2]AHTS-5'!BA12+'[2]AHTS-6'!BA12+'[2]AHTS-7'!BA12+'[2]AHTS-8'!BA12+'[3]CB-1'!BA12+'[3]CB-2'!BA12+'[3]CB-3'!BA12+'[3]CB-4'!BA12+'[3]CB-5'!BA12+'[3]CB-6'!BA12+'[3]CB-7'!BA12+'[3]CB-8'!BA12+'[3]CB-9'!BA12+'[3]CB-10'!BA12+'[3]CB-11'!BA12+'[3]CB-12'!BA12+'[3]CB-13'!BA12+'[3]CB-14'!BA12+'[3]CB-15'!BA12+'[3]CB-16'!BA12+'[3]CB-17'!BA12+'[3]CB-18'!BA12+'[3]CB-19'!BA12+'[3]CB-20'!BA12+'[3]CB-21'!BA12+'[3]CB-22'!BA12+'[3]CB-23'!BA12+'[3]CB-24'!BA12+'[4]LCT-1'!BA12+'[4]LCT-2'!BA12+'[4]LCT-3'!BA12+'[4]LCT-4'!BA12+'[4]LCT-5'!BA12+'[4]LCT-6'!BA12+'[4]LCT-7'!BA12+'[4]LCT-8'!BA12+'[5]TB-1'!BA12+'[5]TB-2'!BA12+'[5]TB-3'!BA12+'[5]TB-4'!BA12+'[5]TB-5'!BA12+'[5]TB-6'!BA12+'[5]TB-7'!BA12+'[5]TB-8'!BA12+'[5]TB-9'!BA12+'[5]TB-10'!BA12+'[6]DSV-1'!BA12+'[6]DSV-2'!BA12+'[6]DSV-3'!BA12+'[7]TUB-1'!BA12+'[7]TUB-2'!BA12+'[8]Barge-1'!BA12+'[8]Barge-2'!BA12+'[8]Barge-3'!BA12+'[8]Barge-4'!BA12 -> 4785.0321 | S12: ='[2]AHTS-1'!BW12+'[2]AHTS-2'!BW12+'[2]AHTS-3'!BW12+'[2]AHTS-4'!BW12+'[2]AHTS-5'!BW12+'[2]AHTS-6'!BW12+'[2]AHTS-7'!BW12+'[2]AHTS-8'!BW12+'[3]CB-1'!BW12+'[3]CB-2'!BW12+'[3]CB-3'!BW12+'[3]CB-4'!BW12+'[3]CB-5'!BW12+'[3]CB-6'!BW12+'[3]CB-7'!BW12+'[3]CB-8'!BW12+'[3]CB-9'!BW12+'[3]CB-10'!BW12+'[3]CB-11'!BW12+'[3]CB-12'!BW12+'[3]CB-13'!BW12+'[3]CB-14'!BW12+'[3]CB-15'!BW12+'[3]CB-16'!BW12+'[3]CB-17'!BW12+'[3]CB-18'!BW12+'[3]CB-19'!BW12+'[3]CB-20'!BW12+'[3]CB-21'!BW12+'[3]CB-22'!BW12+'[3]CB-23'!BW12+'[3]CB-24'!BW12+'[4]LCT-1'!BW12+'[4]LCT-2'!BW12+'[4]LCT-3'!BW12+'[4]LCT-4'!BW12+'[4]LCT-5'!BW12+'[4]LCT-6'!BW12+'[4]LCT-7'!BW12+'[4]LCT-8'!BW12+'[5]TB-1'!BW12+'[5]TB-2'!BW12+'[5]TB-3'!BW12+'[5]TB-4'!BW12+'[5]TB-5'!BW12+'[5]TB-6'!BW12+'[5]TB-7'!BW12+'[5]TB-8'!BW12+'[5]TB-9'!BW12+'[5]TB-10'!BW12+'[6]DSV-1'!BW12+'[6]DSV-2'!BW12+'[6]DSV-3'!BW12+'[7]TUB-1'!BW12+'[7]TUB-2'!BW12+'[8]Barge-1'!BW12+'[8]Barge-2'!BW12+'[8]Barge-3'!BW12+'[8]Barge-4'!BW12 -> 5915.2857 | T12: ='[2]AHTS-1'!CS12+'[2]AHTS-2'!CS12+'[2]AHTS-3'!CS12+'[2]AHTS-4'!CS12+'[2]AHTS-5'!CS12+'[2]AHTS-6'!CS12+'[2]AHTS-7'!CS12+'[2]AHTS-8'!CS12+'[3]CB-1'!CS12+'[3]CB-2'!CS12+'[3]CB-3'!CS12+'[3]CB-4'!CS12+'[3]CB-5'!CS12+'[3]CB-6'!CS12+'[3]CB-7'!CS12+'[3]CB-8'!CS12+'[3]CB-9'!CS12+'[3]CB-10'!CS12+'[3]CB-11'!CS12+'[3]CB-12'!CS12+'[3]CB-13'!CS12+'[3]CB-14'!CS12+'[3]CB-15'!CS12+'[3]CB-16'!CS12+'[3]CB-17'!CS12+'[3]CB-18'!CS12+'[3]CB-19'!CS12+'[3]CB-20'!CS12+'[3]CB-21'!CS12+'[3]CB-22'!CS12+'[3]CB-23'!CS12+'[3]CB-24'!CS12+'[4]LCT-1'!CS12+'[4]LCT-2'!CS12+'[4]LCT-3'!CS12+'[4]LCT-4'!CS12+'[4]LCT-5'!CS12+'[4]LCT-6'!CS12+'[4]LCT-7'!CS12+'[4]LCT-8'!CS12+'[5]TB-1'!CS12+'[5]TB-2'!CS12+'[5]TB-3'!CS12+'[5]TB-4'!CS12+'[5]TB-5'!CS12+'[5]TB-6'!CS12+'[5]TB-7'!CS12+'[5]TB-8'!CS12+'[5]TB-9'!CS12+'[5]TB-10'!CS12+'[6]DSV-1'!CS12+'[6]DSV-2'!CS12+'[6]DSV-3'!CS12+'[7]TUB-1'!CS12+'[7]TUB-2'!CS12+'[8]Barge-1'!CS12+'[8]Barge-2'!CS12+'[8]Barge-3'!CS12+'[8]Barge-4'!CS12 -> 0 | U12: ='[2]AHTS-1'!BB12+'[2]AHTS-2'!BB12+'[2]AHTS-3'!BB12+'[2]AHTS-4'!BB12+'[2]AHTS-5'!BB12+'[2]AHTS-6'!BB12+'[2]AHTS-7'!BB12+'[2]AHTS-8'!BB12+'[3]CB-1'!BB12+'[3]CB-2'!BB12+'[3]CB-3'!BB12+'[3]CB-4'!BB12+'[3]CB-5'!BB12+'[3]CB-6'!BB12+'[3]CB-7'!BB12+'[3]CB-8'!BB12+'[3]CB-9'!BB12+'[3]CB-10'!BB12+'[3]CB-11'!BB12+'[3]CB-12'!BB12+'[3]CB-13'!BB12+'[3]CB-14'!BB12+'[3]CB-15'!BB12+'[3]CB-16'!BB12+'[3]CB-17'!BB12+'[3]CB-18'!BB12+'[3]CB-19'!BB12+'[3]CB-20'!BB12+'[3]CB-21'!BB12+'[3]CB-22'!BB12+'[3]CB-23'!BB12+'[3]CB-24'!BB12+'[4]LCT-1'!BB12+'[4]LCT-2'!BB12+'[4]LCT-3'!BB12+'[4]LCT-4'!BB12+'[4]LCT-5'!BB12+'[4]LCT-6'!BB12+'[4]LCT-7'!BB12+'[4]LCT-8'!BB12+'[5]TB-1'!BB12+'[5]TB-2'!BB12+'[5]TB-3'!BB12+'[5]TB-4'!BB12+'[5]TB-5'!BB12+'[5]TB-6'!BB12+'[5]TB-7'!BB12+'[5]TB-8'!BB12+'[5]TB-9'!BB12+'[5]TB-10'!BB12+'[6]DSV-1'!BB12+'[6]DSV-2'!BB12+'[6]DSV-3'!BB12+'[7]TUB-1'!BB12+'[7]TUB-2'!BB12+'[8]Barge-1'!BB12+'[8]Barge-2'!BB12+'[8]Barge-3'!BB12+'[8]Barge-4'!BB12 -> 0 | V12: ='[2]AHTS-1'!BX12+'[2]AHTS-2'!BX12+'[2]AHTS-3'!BX12+'[2]AHTS-4'!BX12+'[2]AHTS-5'!BX12+'[2]AHTS-6'!BX12+'[2]AHTS-7'!BX12+'[2]AHTS-8'!BX12+'[3]CB-1'!BX12+'[3]CB-2'!BX12+'[3]CB-3'!BX12+'[3]CB-4'!BX12+'[3]CB-5'!BX12+'[3]CB-6'!BX12+'[3]CB-7'!BX12+'[3]CB-8'!BX12+'[3]CB-9'!BX12+'[3]CB-10'!BX12+'[3]CB-11'!BX12+'[3]CB-12'!BX12+'[3]CB-13'!BX12+'[3]CB-14'!BX12+'[3]CB-15'!BX12+'[3]CB-16'!BX12+'[3]CB-17'!BX12+'[3]CB-18'!BX12+'[3]CB-19'!BX12+'[3]CB-20'!BX12+'[3]CB-21'!BX12+'[3]CB-22'!BX12+'[3]CB-23'!BX12+'[3]CB-24'!BX12+'[4]LCT-1'!BX12+'[4]LCT-2'!BX12+'[4]LCT-3'!BX12+'[4]LCT-4'!BX12+'[4]LCT-5'!BX12+'[4]LCT-6'!BX12+'[4]LCT-7'!BX12+'[4]LCT-8'!BX12+'[5]TB-1'!BX12+'[5]TB-2'!BX12+'[5]TB-3'!BX12+'[5]TB-4'!BX12+'[5]TB-5'!BX12+'[5]TB-6'!BX12+'[5]TB-7'!BX12+'[5]TB-8'!BX12+'[5]TB-9'!BX12+'[5]TB-10'!BX12+'[6]DSV-1'!BX12+'[6]DSV-2'!BX12+'[6]DSV-3'!BX12+'[7]TUB-1'!BX12+'[7]TUB-2'!BX12+'[8]Barge-1'!BX12+'[8]Barge-2'!BX12+'[8]Barge-3'!BX12+'[8]Barge-4'!BX12 -> 0 | W12: ='[2]AHTS-1'!CT12+'[2]AHTS-2'!CT12+'[2]AHTS-3'!CT12+'[2]AHTS-4'!CT12+'[2]AHTS-5'!CT12+'[2]AHTS-6'!CT12+'[2]AHTS-7'!CT12+'[2]AHTS-8'!CT12+'[3]CB-1'!CT12+'[3]CB-2'!CT12+'[3]CB-3'!CT12+'[3]CB-4'!CT12+'[3]CB-5'!CT12+'[3]CB-6'!CT12+'[3]CB-7'!CT12+'[3]CB-8'!CT12+'[3]CB-9'!CT12+'[3]CB-10'!CT12+'[3]CB-11'!CT12+'[3]CB-12'!CT12+'[3]CB-13'!CT12+'[3]CB-14'!CT12+'[3]CB-15'!CT12+'[3]CB-16'!CT12+'[3]CB-17'!CT12+'[3]CB-18'!CT12+'[3]CB-19'!CT12+'[3]CB-20'!CT12+'[3]CB-21'!CT12+'[3]CB-22'!CT12+'[3]CB-23'!CT12+'[3]CB-24'!CT12+'[4]LCT-1'!CT12+'[4]LCT-2'!CT12+'[4]LCT-3'!CT12+'[4]LCT-4'!CT12+'[4]LCT-5'!CT12+'[4]LCT-6'!CT12+'[4]LCT-7'!CT12+'[4]LCT-8'!CT12+'[5]TB-1'!CT12+'[5]TB-2'!CT12+'[5]TB-3'!CT12+'[5]TB-4'!CT12+'[5]TB-5'!CT12+'[5]TB-6'!CT12+'[5]TB-7'!CT12+'[5]TB-8'!CT12+'[5]TB-9'!CT12+'[5]TB-10'!CT12+'[6]DSV-1'!CT12+'[6]DSV-2'!CT12+'[6]DSV-3'!CT12+'[7]TUB-1'!CT12+'[7]TUB-2'!CT12+'[8]Barge-1'!CT12+'[8]Barge-2'!CT12+'[8]Barge-3'!CT12+'[8]Barge-4'!CT12 -> 0 | AA12: =[1]Control!AZ12 -> 45987 | AC12: ='[2]AHTS-1'!IC50+'[2]AHTS-2'!IC50+'[2]AHTS-3'!IC50+'[2]AHTS-4'!IC50+'[2]AHTS-5'!IC50+'[2]AHTS-6'!IC50+'[2]AHTS-7'!IC50+'[2]AHTS-8'!IC50+'[3]CB-1'!IC50+'[3]CB-2'!IC50+'[3]CB-3'!IC50+'[3]CB-4'!IC50+'[3]CB-5'!IC50+'[3]CB-6'!IC50+'[3]CB-7'!IC50+'[3]CB-8'!IC50+'[3]CB-9'!IC50+'[3]CB-10'!IC50+'[3]CB-11'!IC50+'[3]CB-12'!IC50+'[3]CB-13'!IC50+'[3]CB-14'!IC50+'[3]CB-15'!IC50+'[3]CB-16'!IC50+'[3]CB-17'!IC50+'[3]CB-18'!IC50+'[3]CB-19'!IC50+'[3]CB-20'!IC50+'[3]CB-21'!IC50+'[3]CB-22'!IC50+'[3]CB-23'!IC50+'[3]CB-24'!IC50+'[4]LCT-1'!IC50+'[4]LCT-2'!IC50+'[4]LCT-3'!IC50+'[4]LCT-4'!IC50+'[4]LCT-5'!IC50+'[4]LCT-6'!IC50+'[4]LCT-7'!IC50+'[4]LCT-8'!IC50+'[5]TB-1'!IC50+'[5]TB-2'!IC50+'[5]TB-3'!IC50+'[5]TB-4'!IC50+'[5]TB-5'!IC50+'[5]TB-6'!IC50+'[5]TB-7'!IC50+'[5]TB-8'!IC50+'[5]TB-9'!IC50+'[5]TB-10'!IC50+'[6]DSV-1'!IC50+'[6]DSV-2'!IC50+'[6]DSV-3'!IC50+'[7]TUB-1'!IC50+'[7]TUB-2'!IC50+'[8]Barge-1'!IC50+'[8]Barge-2'!IC50+'[8]Barge-3'!IC50+'[8]Barge-4'!IC50 -> 0 | AD12: ='[2]AHTS-1'!IC12+'[2]AHTS-2'!IC12+'[2]AHTS-3'!IC12+'[2]AHTS-4'!IC12+'[2]AHTS-5'!IC12+'[2]AHTS-6'!IC12+'[2]AHTS-7'!IC12+'[2]AHTS-8'!IC12+'[3]CB-1'!IC12+'[3]CB-2'!IC12+'[3]CB-3'!IC12+'[3]CB-4'!IC12+'[3]CB-5'!IC12+'[3]CB-6'!IC12+'[3]CB-7'!IC12+'[3]CB-8'!IC12+'[3]CB-9'!IC12+'[3]CB-10'!IC12+'[3]CB-11'!IC12+'[3]CB-12'!IC12+'[3]CB-13'!IC12+'[3]CB-14'!IC12+'[3]CB-15'!IC12+'[3]CB-16'!IC12+'[3]CB-17'!IC12+'[3]CB-18'!IC12+'[3]CB-19'!IC12+'[3]CB-20'!IC12+'[3]CB-21'!IC12+'[3]CB-22'!IC12+'[3]CB-23'!IC12+'[3]CB-24'!IC12+'[4]LCT-1'!IC12+'[4]LCT-2'!IC12+'[4]LCT-3'!IC12+'[4]LCT-4'!IC12+'[4]LCT-5'!IC12+'[4]LCT-6'!IC12+'[4]LCT-7'!IC12+'[4]LCT-8'!IC12+'[5]TB-1'!IC12+'[5]TB-2'!IC12+'[5]TB-3'!IC12+'[5]TB-4'!IC12+'[5]TB-5'!IC12+'[5]TB-6'!IC12+'[5]TB-7'!IC12+'[5]TB-8'!IC12+'[5]TB-9'!IC12+'[5]TB-10'!IC12+'[6]DSV-1'!IC12+'[6]DSV-2'!IC12+'[6]DSV-3'!IC12+'[7]TUB-1'!IC12+'[7]TUB-2'!IC12+'[8]Barge-1'!IC12+'[8]Barge-2'!IC12+'[8]Barge-3'!IC12+'[8]Barge-4'!IC12 -> 0 | AE12: ='[2]AHTS-1'!IC83+'[2]AHTS-2'!IC83+'[2]AHTS-3'!IC83+'[2]AHTS-4'!IC83+'[2]AHTS-5'!IC83+'[2]AHTS-6'!IC83+'[2]AHTS-7'!IC83+'[2]AHTS-8'!IC83+'[3]CB-1'!IC83+'[3]CB-2'!IC83+'[3]CB-3'!IC83+'[3]CB-4'!IC83+'[3]CB-5'!IC83+'[3]CB-6'!IC83+'[3]CB-7'!IC83+'[3]CB-8'!IC83+'[3]CB-9'!IC83+'[3]CB-10'!IC83+'[3]CB-11'!IC83+'[3]CB-12'!IC83+'[3]CB-13'!IC83+'[3]CB-14'!IC83+'[3]CB-15'!IC83+'[3]CB-16'!IC83+'[3]CB-17'!IC83+'[3]CB-18'!IC83+'[3]CB-19'!IC83+'[3]CB-20'!IC83+'[3]CB-21'!IC83+'[3]CB-22'!IC83+'[3]CB-23'!IC83+'[3]CB-24'!IC83+'[4]LCT-1'!IC83+'[4]LCT-2'!IC83+'[4]LCT-3'!IC83+'[4]LCT-4'!IC83+'[4]LCT-5'!IC83+'[4]LCT-6'!IC83+'[4]LCT-7'!IC83+'[4]LCT-8'!IC83+'[5]TB-1'!IC83+'[5]TB-2'!IC83+'[5]TB-3'!IC83+'[5]TB-4'!IC83+'[5]TB-5'!IC83+'[5]TB-6'!IC83+'[5]TB-7'!IC83+'[5]TB-8'!IC83+'[5]TB-9'!IC83+'[5]TB-10'!IC83+'[6]DSV-1'!IC83+'[6]DSV-2'!IC83+'[6]DSV-3'!IC83+'[7]TUB-1'!IC83+'[7]TUB-2'!IC83+'[8]Barge-1'!IC83+'[8]Barge-2'!IC83+'[8]Barge-3'!IC83+'[8]Barge-4'!IC83 -> 0 | AF12: ='[2]AHTS-1'!ID50+'[2]AHTS-2'!ID50+'[2]AHTS-3'!ID50+'[2]AHTS-4'!ID50+'[2]AHTS-5'!ID50+'[2]AHTS-6'!ID50+'[2]AHTS-7'!ID50+'[2]AHTS-8'!ID50+'[3]CB-1'!ID50+'[3]CB-2'!ID50+'[3]CB-3'!ID50+'[3]CB-4'!ID50+'[3]CB-5'!ID50+'[3]CB-6'!ID50+'[3]CB-7'!ID50+'[3]CB-8'!ID50+'[3]CB-9'!ID50+'[3]CB-10'!ID50+'[3]CB-11'!ID50+'[3]CB-12'!ID50+'[3]CB-13'!ID50+'[3]CB-14'!ID50+'[3]CB-15'!ID50+'[3]CB-16'!ID50+'[3]CB-17'!ID50+'[3]CB-18'!ID50+'[3]CB-19'!ID50+'[3]CB-20'!ID50+'[3]CB-21'!ID50+'[3]CB-22'!ID50+'[3]CB-23'!ID50+'[3]CB-24'!ID50+'[4]LCT-1'!ID50+'[4]LCT-2'!ID50+'[4]LCT-3'!ID50+'[4]LCT-4'!ID50+'[4]LCT-5'!ID50+'[4]LCT-6'!ID50+'[4]LCT-7'!ID50+'[4]LCT-8'!ID50+'[5]TB-1'!ID50+'[5]TB-2'!ID50+'[5]TB-3'!ID50+'[5]TB-4'!ID50+'[5]TB-5'!ID50+'[5]TB-6'!ID50+'[5]TB-7'!ID50+'[5]TB-8'!ID50+'[5]TB-9'!ID50+'[5]TB-10'!ID50+'[6]DSV-1'!ID50+'[6]DSV-2'!ID50+'[6]DSV-3'!ID50+'[7]TUB-1'!ID50+'[7]TUB-2'!ID50+'[8]Barge-1'!ID50+'[8]Barge-2'!ID50+'[8]Barge-3'!ID50+'[8]Barge-4'!ID50 -> 21041970 | AG12: ='[2]AHTS-1'!ID12+'[2]AHTS-2'!ID12+'[2]AHTS-3'!ID12+'[2]AHTS-4'!ID12+'[2]AHTS-5'!ID12+'[2]AHTS-6'!ID12+'[2]AHTS-7'!ID12+'[2]AHTS-8'!ID12+'[3]CB-1'!ID12+'[3]CB-2'!ID12+'[3]CB-3'!ID12+'[3]CB-4'!ID12+'[3]CB-5'!ID12+'[3]CB-6'!ID12+'[3]CB-7'!ID12+'[3]CB-8'!ID12+'[3]CB-9'!ID12+'[3]CB-10'!ID12+'[3]CB-11'!ID12+'[3]CB-12'!ID12+'[3]CB-13'!ID12+'[3]CB-14'!ID12+'[3]CB-15'!ID12+'[3]CB-16'!ID12+'[3]CB-17'!ID12+'[3]CB-18'!ID12+'[3]CB-19'!ID12+'[3]CB-20'!ID12+'[3]CB-21'!ID12+'[3]CB-22'!ID12+'[3]CB-23'!ID12+'[3]CB-24'!ID12+'[4]LCT-1'!ID12+'[4]LCT-2'!ID12+'[4]LCT-3'!ID12+'[4]LCT-4'!ID12+'[4]LCT-5'!ID12+'[4]LCT-6'!ID12+'[4]LCT-7'!ID12+'[4]LCT-8'!ID12+'[5]TB-1'!ID12+'[5]TB-2'!ID12+'[5]TB-3'!ID12+'[5]TB-4'!ID12+'[5]TB-5'!ID12+'[5]TB-6'!ID12+'[5]TB-7'!ID12+'[5]TB-8'!ID12+'[5]TB-9'!ID12+'[5]TB-10'!ID12+'[6]DSV-1'!ID12+'[6]DSV-2'!ID12+'[6]DSV-3'!ID12+'[7]TUB-1'!ID12+'[7]TUB-2'!ID12+'[8]Barge-1'!ID12+'[8]Barge-2'!ID12+'[8]Barge-3'!ID12+'[8]Barge-4'!ID12 -> 21945000 | AH12: ='[2]AHTS-1'!ID83+'[2]AHTS-2'!ID83+'[2]AHTS-3'!ID83+'[2]AHTS-4'!ID83+'[2]AHTS-5'!ID83+'[2]AHTS-6'!ID83+'[2]AHTS-7'!ID83+'[2]AHTS-8'!ID83+'[3]CB-1'!ID83+'[3]CB-2'!ID83+'[3]CB-3'!ID83+'[3]CB-4'!ID83+'[3]CB-5'!ID83+'[3]CB-6'!ID83+'[3]CB-7'!ID83+'[3]CB-8'!ID83+'[3]CB-9'!ID83+'[3]CB-10'!ID83+'[3]CB-11'!ID83+'[3]CB-12'!ID83+'[3]CB-13'!ID83+'[3]CB-14'!ID83+'[3]CB-15'!ID83+'[3]CB-16'!ID83+'[3]CB-17'!ID83+'[3]CB-18'!ID83+'[3]CB-19'!ID83+'[3]CB-20'!ID83+'[3]CB-21'!ID83+'[3]CB-22'!ID83+'[3]CB-23'!ID83+'[3]CB-24'!ID83+'[4]LCT-1'!ID83+'[4]LCT-2'!ID83+'[4]LCT-3'!ID83+'[4]LCT-4'!ID83+'[4]LCT-5'!ID83+'[4]LCT-6'!ID83+'[4]LCT-7'!ID83+'[4]LCT-8'!ID83+'[5]TB-1'!ID83+'[5]TB-2'!ID83+'[5]TB-3'!ID83+'[5]TB-4'!ID83+'[5]TB-5'!ID83+'[5]TB-6'!ID83+'[5]TB-7'!ID83+'[5]TB-8'!ID83+'[5]TB-9'!ID83+'[5]TB-10'!ID83+'[6]DSV-1'!ID83+'[6]DSV-2'!ID83+'[6]DSV-3'!ID83+'[7]TUB-1'!ID83+'[7]TUB-2'!ID83+'[8]Barge-1'!ID83+'[8]Barge-2'!ID83+'[8]Barge-3'!ID83+'[8]Barge-4'!ID83 -> 0 | AI12: ='[2]AHTS-1'!IE50+'[2]AHTS-2'!IE50+'[2]AHTS-3'!IE50+'[2]AHTS-4'!IE50+'[2]AHTS-5'!IE50+'[2]AHTS-6'!IE50+'[2]AHTS-7'!IE50+'[2]AHTS-8'!IE50+'[3]CB-1'!IE50+'[3]CB-2'!IE50+'[3]CB-3'!IE50+'[3]CB-4'!IE50+'[3]CB-5'!IE50+'[3]CB-6'!IE50+'[3]CB-7'!IE50+'[3]CB-8'!IE50+'[3]CB-9'!IE50+'[3]CB-10'!IE50+'[3]CB-11'!IE50+'[3]CB-12'!IE50+'[3]CB-13'!IE50+'[3]CB-14'!IE50+'[3]CB-15'!IE50+'[3]CB-16'!IE50+'[3]CB-17'!IE50+'[3]CB-18'!IE50+'[3]CB-19'!IE50+'[3]CB-20'!IE50+'[3]CB-21'!IE50+'[3]CB-22'!IE50+'[3]CB-23'!IE50+'[3]CB-24'!IE50+'[4]LCT-1'!IE50+'[4]LCT-2'!IE50+'[4]LCT-3'!IE50+'[4]LCT-4'!IE50+'[4]LCT-5'!IE50+'[4]LCT-6'!IE50+'[4]LCT-7'!IE50+'[4]LCT-8'!IE50+'[5]TB-1'!IE50+'[5]TB-2'!IE50+'[5]TB-3'!IE50+'[5]TB-4'!IE50+'[5]TB-5'!IE50+'[5]TB-6'!IE50+'[5]TB-7'!IE50+'[5]TB-8'!IE50+'[5]TB-9'!IE50+'[5]TB-10'!IE50+'[6]DSV-1'!IE50+'[6]DSV-2'!IE50+'[6]DSV-3'!IE50+'[7]TUB-1'!IE50+'[7]TUB-2'!IE50+'[8]Barge-1'!IE50+'[8]Barge-2'!IE50+'[8]Barge-3'!IE50+'[8]Barge-4'!IE50 -> 61721128 | AJ12: ='[2]AHTS-1'!IE12+'[2]AHTS-2'!IE12+'[2]AHTS-3'!IE12+'[2]AHTS-4'!IE12+'[2]AHTS-5'!IE12+'[2]AHTS-6'!IE12+'[2]AHTS-7'!IE12+'[2]AHTS-8'!IE12+'[3]CB-1'!IE12+'[3]CB-2'!IE12+'[3]CB-3'!IE12+'[3]CB-4'!IE12+'[3]CB-5'!IE12+'[3]CB-6'!IE12+'[3]CB-7'!IE12+'[3]CB-8'!IE12+'[3]CB-9'!IE12+'[3]CB-10'!IE12+'[3]CB-11'!IE12+'[3]CB-12'!IE12+'[3]CB-13'!IE12+'[3]CB-14'!IE12+'[3]CB-15'!IE12+'[3]CB-16'!IE12+'[3]CB-17'!IE12+'[3]CB-18'!IE12+'[3]CB-19'!IE12+'[3]CB-20'!IE12+'[3]CB-21'!IE12+'[3]CB-22'!IE12+'[3]CB-23'!IE12+'[3]CB-24'!IE12+'[4]LCT-1'!IE12+'[4]LCT-2'!IE12+'[4]LCT-3'!IE12+'[4]LCT-4'!IE12+'[4]LCT-5'!IE12+'[4]LCT-6'!IE12+'[4]LCT-7'!IE12+'[4]LCT-8'!IE12+'[5]TB-1'!IE12+'[5]TB-2'!IE12+'[5]TB-3'!IE12+'[5]TB-4'!IE12+'[5]TB-5'!IE12+'[5]TB-6'!IE12+'[5]TB-7'!IE12+'[5]TB-8'!IE12+'[5]TB-9'!IE12+'[5]TB-10'!IE12+'[6]DSV-1'!IE12+'[6]DSV-2'!IE12+'[6]DSV-3'!IE12+'[7]TUB-1'!IE12+'[7]TUB-2'!IE12+'[8]Barge-1'!IE12+'[8]Barge-2'!IE12+'[8]Barge-3'!IE12+'[8]Barge-4'!IE12 -> 44903333 | AK12: ='[2]AHTS-1'!IE83+'[2]AHTS-2'!IE83+'[2]AHTS-3'!IE83+'[2]AHTS-4'!IE83+'[2]AHTS-5'!IE83+'[2]AHTS-6'!IE83+'[2]AHTS-7'!IE83+'[2]AHTS-8'!IE83+'[3]CB-1'!IE83+'[3]CB-2'!IE83+'[3]CB-3'!IE83+'[3]CB-4'!IE83+'[3]CB-5'!IE83+'[3]CB-6'!IE83+'[3]CB-7'!IE83+'[3]CB-8'!IE83+'[3]CB-9'!IE83+'[3]CB-10'!IE83+'[3]CB-11'!IE83+'[3]CB-12'!IE83+'[3]CB-13'!IE83+'[3]CB-14'!IE83+'[3]CB-15'!IE83+'[3]CB-16'!IE83+'[3]CB-17'!IE83+'[3]CB-18'!IE83+'[3]CB-19'!IE83+'[3]CB-20'!IE83+'[3]CB-21'!IE83+'[3]CB-22'!IE83+'[3]CB-23'!IE83+'[3]CB-24'!IE83+'[4]LCT-1'!IE83+'[4]LCT-2'!IE83+'[4]LCT-3'!IE83+'[4]LCT-4'!IE83+'[4]LCT-5'!IE83+'[4]LCT-6'!IE83+'[4]LCT-7'!IE83+'[4]LCT-8'!IE83+'[5]TB-1'!IE83+'[5]TB-2'!IE83+'[5]TB-3'!IE83+'[5]TB-4'!IE83+'[5]TB-5'!IE83+'[5]TB-6'!IE83+'[5]TB-7'!IE83+'[5]TB-8'!IE83+'[5]TB-9'!IE83+'[5]TB-10'!IE83+'[6]DSV-1'!IE83+'[6]DSV-2'!IE83+'[6]DSV-3'!IE83+'[7]TUB-1'!IE83+'[7]TUB-2'!IE83+'[8]Barge-1'!IE83+'[8]Barge-2'!IE83+'[8]Barge-3'!IE83+'[8]Barge-4'!IE83 -> 0 | AL12: ='[2]AHTS-1'!IF50+'[2]AHTS-2'!IF50+'[2]AHTS-3'!IF50+'[2]AHTS-4'!IF50+'[2]AHTS-5'!IF50+'[2]AHTS-6'!IF50+'[2]AHTS-7'!IF50+'[2]AHTS-8'!IF50+'[3]CB-1'!IF50+'[3]CB-2'!IF50+'[3]CB-3'!IF50+'[3]CB-4'!IF50+'[3]CB-5'!IF50+'[3]CB-6'!IF50+'[3]CB-7'!IF50+'[3]CB-8'!IF50+'[3]CB-9'!IF50+'[3]CB-10'!IF50+'[3]CB-11'!IF50+'[3]CB-12'!IF50+'[3]CB-13'!IF50+'[3]CB-14'!IF50+'[3]CB-15'!IF50+'[3]CB-16'!IF50+'[3]CB-17'!IF50+'[3]CB-18'!IF50+'[3]CB-19'!IF50+'[3]CB-20'!IF50+'[3]CB-21'!IF50+'[3]CB-22'!IF50+'[3]CB-23'!IF50+'[3]CB-24'!IF50+'[4]LCT-1'!IF50+'[4]LCT-2'!IF50+'[4]LCT-3'!IF50+'[4]LCT-4'!IF50+'[4]LCT-5'!IF50+'[4]LCT-6'!IF50+'[4]LCT-7'!IF50+'[4]LCT-8'!IF50+'[5]TB-1'!IF50+'[5]TB-2'!IF50+'[5]TB-3'!IF50+'[5]TB-4'!IF50+'[5]TB-5'!IF50+'[5]TB-6'!IF50+'[5]TB-7'!IF50+'[5]TB-8'!IF50+'[5]TB-9'!IF50+'[5]TB-10'!IF50+'[6]DSV-1'!IF50+'[6]DSV-2'!IF50+'[6]DSV-3'!IF50+'[7]TUB-1'!IF50+'[7]TUB-2'!IF50+'[8]Barge-1'!IF50+'[8]Barge-2'!IF50+'[8]Barge-3'!IF50+'[8]Barge-4'!IF50 -> 1615000 | AM12: ='[2]AHTS-1'!IF12+'[2]AHTS-2'!IF12+'[2]AHTS-3'!IF12+'[2]AHTS-4'!IF12+'[2]AHTS-5'!IF12+'[2]AHTS-6'!IF12+'[2]AHTS-7'!IF12+'[2]AHTS-8'!IF12+'[3]CB-1'!IF12+'[3]CB-2'!IF12+'[3]CB-3'!IF12+'[3]CB-4'!IF12+'[3]CB-5'!IF12+'[3]CB-6'!IF12+'[3]CB-7'!IF12+'[3]CB-8'!IF12+'[3]CB-9'!IF12+'[3]CB-10'!IF12+'[3]CB-11'!IF12+'[3]CB-12'!IF12+'[3]CB-13'!IF12+'[3]CB-14'!IF12+'[3]CB-15'!IF12+'[3]CB-16'!IF12+'[3]CB-17'!IF12+'[3]CB-18'!IF12+'[3]CB-19'!IF12+'[3]CB-20'!IF12+'[3]CB-21'!IF12+'[3]CB-22'!IF12+'[3]CB-23'!IF12+'[3]CB-24'!IF12+'[4]LCT-1'!IF12+'[4]LCT-2'!IF12+'[4]LCT-3'!IF12+'[4]LCT-4'!IF12+'[4]LCT-5'!IF12+'[4]LCT-6'!IF12+'[4]LCT-7'!IF12+'[4]LCT-8'!IF12+'[5]TB-1'!IF12+'[5]TB-2'!IF12+'[5]TB-3'!IF12+'[5]TB-4'!IF12+'[5]TB-5'!IF12+'[5]TB-6'!IF12+'[5]TB-7'!IF12+'[5]TB-8'!IF12+'[5]TB-9'!IF12+'[5]TB-10'!IF12+'[6]DSV-1'!IF12+'[6]DSV-2'!IF12+'[6]DSV-3'!IF12+'[7]TUB-1'!IF12+'[7]TUB-2'!IF12+'[8]Barge-1'!IF12+'[8]Barge-2'!IF12+'[8]Barge-3'!IF12+'[8]Barge-4'!IF12 -> 9500000 | AN12: ='[2]AHTS-1'!IF83+'[2]AHTS-2'!IF83+'[2]AHTS-3'!IF83+'[2]AHTS-4'!IF83+'[2]AHTS-5'!IF83+'[2]AHTS-6'!IF83+'[2]AHTS-7'!IF83+'[2]AHTS-8'!IF83+'[3]CB-1'!IF83+'[3]CB-2'!IF83+'[3]CB-3'!IF83+'[3]CB-4'!IF83+'[3]CB-5'!IF83+'[3]CB-6'!IF83+'[3]CB-7'!IF83+'[3]CB-8'!IF83+'[3]CB-9'!IF83+'[3]CB-10'!IF83+'[3]CB-11'!IF83+'[3]CB-12'!IF83+'[3]CB-13'!IF83+'[3]CB-14'!IF83+'[3]CB-15'!IF83+'[3]CB-16'!IF83+'[3]CB-17'!IF83+'[3]CB-18'!IF83+'[3]CB-19'!IF83+'[3]CB-20'!IF83+'[3]CB-21'!IF83+'[3]CB-22'!IF83+'[3]CB-23'!IF83+'[3]CB-24'!IF83+'[4]LCT-1'!IF83+'[4]LCT-2'!IF83+'[4]LCT-3'!IF83+'[4]LCT-4'!IF83+'[4]LCT-5'!IF83+'[4]LCT-6'!IF83+'[4]LCT-7'!IF83+'[4]LCT-8'!IF83+'[5]TB-1'!IF83+'[5]TB-2'!IF83+'[5]TB-3'!IF83+'[5]TB-4'!IF83+'[5]TB-5'!IF83+'[5]TB-6'!IF83+'[5]TB-7'!IF83+'[5]TB-8'!IF83+'[5]TB-9'!IF83+'[5]TB-10'!IF83+'[6]DSV-1'!IF83+'[6]DSV-2'!IF83+'[6]DSV-3'!IF83+'[7]TUB-1'!IF83+'[7]TUB-2'!IF83+'[8]Barge-1'!IF83+'[8]Barge-2'!IF83+'[8]Barge-3'!IF83+'[8]Barge-4'!IF83 -> 0 | AO12: ='[2]AHTS-1'!IG50+'[2]AHTS-2'!IG50+'[2]AHTS-3'!IG50+'[2]AHTS-4'!IG50+'[2]AHTS-5'!IG50+'[2]AHTS-6'!IG50+'[2]AHTS-7'!IG50+'[2]AHTS-8'!IG50+'[3]CB-1'!IG50+'[3]CB-2'!IG50+'[3]CB-3'!IG50+'[3]CB-4'!IG50+'[3]CB-5'!IG50+'[3]CB-6'!IG50+'[3]CB-7'!IG50+'[3]CB-8'!IG50+'[3]CB-9'!IG50+'[3]CB-10'!IG50+'[3]CB-11'!IG50+'[3]CB-12'!IG50+'[3]CB-13'!IG50+'[3]CB-14'!IG50+'[3]CB-15'!IG50+'[3]CB-16'!IG50+'[3]CB-17'!IG50+'[3]CB-18'!IG50+'[3]CB-19'!IG50+'[3]CB-20'!IG50+'[3]CB-21'!IG50+'[3]CB-22'!IG50+'[3]CB-23'!IG50+'[3]CB-24'!IG50+'[4]LCT-1'!IG50+'[4]LCT-2'!IG50+'[4]LCT-3'!IG50+'[4]LCT-4'!IG50+'[4]LCT-5'!IG50+'[4]LCT-6'!IG50+'[4]LCT-7'!IG50+'[4]LCT-8'!IG50+'[5]TB-1'!IG50+'[5]TB-2'!IG50+'[5]TB-3'!IG50+'[5]TB-4'!IG50+'[5]TB-5'!IG50+'[5]TB-6'!IG50+'[5]TB-7'!IG50+'[5]TB-8'!IG50+'[5]TB-9'!IG50+'[5]TB-10'!IG50+'[6]DSV-1'!IG50+'[6]DSV-2'!IG50+'[6]DSV-3'!IG50+'[7]TUB-1'!IG50+'[7]TUB-2'!IG50+'[8]Barge-1'!IG50+'[8]Barge-2'!IG50+'[8]Barge-3'!IG50+'[8]Barge-4'!IG50 -> 366066.67 | AP12: ='[2]AHTS-1'!IG12+'[2]AHTS-2'!IG12+'[2]AHTS-3'!IG12+'[2]AHTS-4'!IG12+'[2]AHTS-5'!IG12+'[2]AHTS-6'!IG12+'[2]AHTS-7'!IG12+'[2]AHTS-8'!IG12+'[3]CB-1'!IG12+'[3]CB-2'!IG12+'[3]CB-3'!IG12+'[3]CB-4'!IG12+'[3]CB-5'!IG12+'[3]CB-6'!IG12+'[3]CB-7'!IG12+'[3]CB-8'!IG12+'[3]CB-9'!IG12+'[3]CB-10'!IG12+'[3]CB-11'!IG12+'[3]CB-12'!IG12+'[3]CB-13'!IG12+'[3]CB-14'!IG12+'[3]CB-15'!IG12+'[3]CB-16'!IG12+'[3]CB-17'!IG12+'[3]CB-18'!IG12+'[3]CB-19'!IG12+'[3]CB-20'!IG12+'[3]CB-21'!IG12+'[3]CB-22'!IG12+'[3]CB-23'!IG12+'[3]CB-24'!IG12+'[4]LCT-1'!IG12+'[4]LCT-2'!IG12+'[4]LCT-3'!IG12+'[4]LCT-4'!IG12+'[4]LCT-5'!IG12+'[4]LCT-6'!IG12+'[4]LCT-7'!IG12+'[4]LCT-8'!IG12+'[5]TB-1'!IG12+'[5]TB-2'!IG12+'[5]TB-3'!IG12+'[5]TB-4'!IG12+'[5]TB-5'!IG12+'[5]TB-6'!IG12+'[5]TB-7'!IG12+'[5]TB-8'!IG12+'[5]TB-9'!IG12+'[5]TB-10'!IG12+'[6]DSV-1'!IG12+'[6]DSV-2'!IG12+'[6]DSV-3'!IG12+'[7]TUB-1'!IG12+'[7]TUB-2'!IG12+'[8]Barge-1'!IG12+'[8]Barge-2'!IG12+'[8]Barge-3'!IG12+'[8]Barge-4'!IG12 -> 2166666.7 | AQ12: ='[2]AHTS-1'!IG83+'[2]AHTS-2'!IG83+'[2]AHTS-3'!IG83+'[2]AHTS-4'!IG83+'[2]AHTS-5'!IG83+'[2]AHTS-6'!IG83+'[2]AHTS-7'!IG83+'[2]AHTS-8'!IG83+'[3]CB-1'!IG83+'[3]CB-2'!IG83+'[3]CB-3'!IG83+'[3]CB-4'!IG83+'[3]CB-5'!IG83+'[3]CB-6'!IG83+'[3]CB-7'!IG83+'[3]CB-8'!IG83+'[3]CB-9'!IG83+'[3]CB-10'!IG83+'[3]CB-11'!IG83+'[3]CB-12'!IG83+'[3]CB-13'!IG83+'[3]CB-14'!IG83+'[3]CB-15'!IG83+'[3]CB-16'!IG83+'[3]CB-17'!IG83+'[3]CB-18'!IG83+'[3]CB-19'!IG83+'[3]CB-20'!IG83+'[3]CB-21'!IG83+'[3]CB-22'!IG83+'[3]CB-23'!IG83+'[3]CB-24'!IG83+'[4]LCT-1'!IG83+'[4]LCT-2'!IG83+'[4]LCT-3'!IG83+'[4]LCT-4'!IG83+'[4]LCT-5'!IG83+'[4]LCT-6'!IG83+'[4]LCT-7'!IG83+'[4]LCT-8'!IG83+'[5]TB-1'!IG83+'[5]TB-2'!IG83+'[5]TB-3'!IG83+'[5]TB-4'!IG83+'[5]TB-5'!IG83+'[5]TB-6'!IG83+'[5]TB-7'!IG83+'[5]TB-8'!IG83+'[5]TB-9'!IG83+'[5]TB-10'!IG83+'[6]DSV-1'!IG83+'[6]DSV-2'!IG83+'[6]DSV-3'!IG83+'[7]TUB-1'!IG83+'[7]TUB-2'!IG83+'[8]Barge-1'!IG83+'[8]Barge-2'!IG83+'[8]Barge-3'!IG83+'[8]Barge-4'!IG83 -> 0 | AR12: ='[2]AHTS-1'!IH50+'[2]AHTS-2'!IH50+'[2]AHTS-3'!IH50+'[2]AHTS-4'!IH50+'[2]AHTS-5'!IH50+'[2]AHTS-6'!IH50+'[2]AHTS-7'!IH50+'[2]AHTS-8'!IH50+'[3]CB-1'!IH50+'[3]CB-2'!IH50+'[3]CB-3'!IH50+'[3]CB-4'!IH50+'[3]CB-5'!IH50+'[3]CB-6'!IH50+'[3]CB-7'!IH50+'[3]CB-8'!IH50+'[3]CB-9'!IH50+'[3]CB-10'!IH50+'[3]CB-11'!IH50+'[3]CB-12'!IH50+'[3]CB-13'!IH50+'[3]CB-14'!IH50+'[3]CB-15'!IH50+'[3]CB-16'!IH50+'[3]CB-17'!IH50+'[3]CB-18'!IH50+'[3]CB-19'!IH50+'[3]CB-20'!IH50+'[3]CB-21'!IH50+'[3]CB-22'!IH50+'[3]CB-23'!IH50+'[3]CB-24'!IH50+'[4]LCT-1'!IH50+'[4]LCT-2'!IH50+'[4]LCT-3'!IH50+'[4]LCT-4'!IH50+'[4]LCT-5'!IH50+'[4]LCT-6'!IH50+'[4]LCT-7'!IH50+'[4]LCT-8'!IH50+'[5]TB-1'!IH50+'[5]TB-2'!IH50+'[5]TB-3'!IH50+'[5]TB-4'!IH50+'[5]TB-5'!IH50+'[5]TB-6'!IH50+'[5]TB-7'!IH50+'[5]TB-8'!IH50+'[5]TB-9'!IH50+'[5]TB-10'!IH50+'[6]DSV-1'!IH50+'[6]DSV-2'!IH50+'[6]DSV-3'!IH50+'[7]TUB-1'!IH50+'[7]TUB-2'!IH50+'[8]Barge-1'!IH50+'[8]Barge-2'!IH50+'[8]Barge-3'!IH50+'[8]Barge-4'!IH50 -> 74785267 | AS12: ='[2]AHTS-1'!IH12+'[2]AHTS-2'!IH12+'[2]AHTS-3'!IH12+'[2]AHTS-4'!IH12+'[2]AHTS-5'!IH12+'[2]AHTS-6'!IH12+'[2]AHTS-7'!IH12+'[2]AHTS-8'!IH12+'[3]CB-1'!IH12+'[3]CB-2'!IH12+'[3]CB-3'!IH12+'[3]CB-4'!IH12+'[3]CB-5'!IH12+'[3]CB-6'!IH12+'[3]CB-7'!IH12+'[3]CB-8'!IH12+'[3]CB-9'!IH12+'[3]CB-10'!IH12+'[3]CB-11'!IH12+'[3]CB-12'!IH12+'[3]CB-13'!IH12+'[3]CB-14'!IH12+'[3]CB-15'!IH12+'[3]CB-16'!IH12+'[3]CB-17'!IH12+'[3]CB-18'!IH12+'[3]CB-19'!IH12+'[3]CB-20'!IH12+'[3]CB-21'!IH12+'[3]CB-22'!IH12+'[3]CB-23'!IH12+'[3]CB-24'!IH12+'[4]LCT-1'!IH12+'[4]LCT-2'!IH12+'[4]LCT-3'!IH12+'[4]LCT-4'!IH12+'[4]LCT-5'!IH12+'[4]LCT-6'!IH12+'[4]LCT-7'!IH12+'[4]LCT-8'!IH12+'[5]TB-1'!IH12+'[5]TB-2'!IH12+'[5]TB-3'!IH12+'[5]TB-4'!IH12+'[5]TB-5'!IH12+'[5]TB-6'!IH12+'[5]TB-7'!IH12+'[5]TB-8'!IH12+'[5]TB-9'!IH12+'[5]TB-10'!IH12+'[6]DSV-1'!IH12+'[6]DSV-2'!IH12+'[6]DSV-3'!IH12+'[7]TUB-1'!IH12+'[7]TUB-2'!IH12+'[8]Barge-1'!IH12+'[8]Barge-2'!IH12+'[8]Barge-3'!IH12+'[8]Barge-4'!IH12 -> 92450000 | AT12: ='[2]AHTS-1'!IH83+'[2]AHTS-2'!IH83+'[2]AHTS-3'!IH83+'[2]AHTS-4'!IH83+'[2]AHTS-5'!IH83+'[2]AHTS-6'!IH83+'[2]AHTS-7'!IH83+'[2]AHTS-8'!IH83+'[3]CB-1'!IH83+'[3]CB-2'!IH83+'[3]CB-3'!IH83+'[3]CB-4'!IH83+'[3]CB-5'!IH83+'[3]CB-6'!IH83+'[3]CB-7'!IH83+'[3]CB-8'!IH83+'[3]CB-9'!IH83+'[3]CB-10'!IH83+'[3]CB-11'!IH83+'[3]CB-12'!IH83+'[3]CB-13'!IH83+'[3]CB-14'!IH83+'[3]CB-15'!IH83+'[3]CB-16'!IH83+'[3]CB-17'!IH83+'[3]CB-18'!IH83+'[3]CB-19'!IH83+'[3]CB-20'!IH83+'[3]CB-21'!IH83+'[3]CB-22'!IH83+'[3]CB-23'!IH83+'[3]CB-24'!IH83+'[4]LCT-1'!IH83+'[4]LCT-2'!IH83+'[4]LCT-3'!IH83+'[4]LCT-4'!IH83+'[4]LCT-5'!IH83+'[4]LCT-6'!IH83+'[4]LCT-7'!IH83+'[4]LCT-8'!IH83+'[5]TB-1'!IH83+'[5]TB-2'!IH83+'[5]TB-3'!IH83+'[5]TB-4'!IH83+'[5]TB-5'!IH83+'[5]TB-6'!IH83+'[5]TB-7'!IH83+'[5]TB-8'!IH83+'[5]TB-9'!IH83+'[5]TB-10'!IH83+'[6]DSV-1'!IH83+'[6]DSV-2'!IH83+'[6]DSV-3'!IH83+'[7]TUB-1'!IH83+'[7]TUB-2'!IH83+'[8]Barge-1'!IH83+'[8]Barge-2'!IH83+'[8]Barge-3'!IH83+'[8]Barge-4'!IH83 -> 0 | AU12: ='[2]AHTS-1'!II50+'[2]AHTS-2'!II50+'[2]AHTS-3'!II50+'[2]AHTS-4'!II50+'[2]AHTS-5'!II50+'[2]AHTS-6'!II50+'[2]AHTS-7'!II50+'[2]AHTS-8'!II50+'[3]CB-1'!II50+'[3]CB-2'!II50+'[3]CB-3'!II50+'[3]CB-4'!II50+'[3]CB-5'!II50+'[3]CB-6'!II50+'[3]CB-7'!II50+'[3]CB-8'!II50+'[3]CB-9'!II50+'[3]CB-10'!II50+'[3]CB-11'!II50+'[3]CB-12'!II50+'[3]CB-13'!II50+'[3]CB-14'!II50+'[3]CB-15'!II50+'[3]CB-16'!II50+'[3]CB-17'!II50+'[3]CB-18'!II50+'[3]CB-19'!II50+'[3]CB-20'!II50+'[3]CB-21'!II50+'[3]CB-22'!II50+'[3]CB-23'!II50+'[3]CB-24'!II50+'[4]LCT-1'!II50+'[4]LCT-2'!II50+'[4]LCT-3'!II50+'[4]LCT-4'!II50+'[4]LCT-5'!II50+'[4]LCT-6'!II50+'[4]LCT-7'!II50+'[4]LCT-8'!II50+'[5]TB-1'!II50+'[5]TB-2'!II50+'[5]TB-3'!II50+'[5]TB-4'!II50+'[5]TB-5'!II50+'[5]TB-6'!II50+'[5]TB-7'!II50+'[5]TB-8'!II50+'[5]TB-9'!II50+'[5]TB-10'!II50+'[6]DSV-1'!II50+'[6]DSV-2'!II50+'[6]DSV-3'!II50+'[7]TUB-1'!II50+'[7]TUB-2'!II50+'[8]Barge-1'!II50+'[8]Barge-2'!II50+'[8]Barge-3'!II50+'[8]Barge-4'!II50 -> 0 | AV12: ='[2]AHTS-1'!II12+'[2]AHTS-2'!II12+'[2]AHTS-3'!II12+'[2]AHTS-4'!II12+'[2]AHTS-5'!II12+'[2]AHTS-6'!II12+'[2]AHTS-7'!II12+'[2]AHTS-8'!II12+'[3]CB-1'!II12+'[3]CB-2'!II12+'[3]CB-3'!II12+'[3]CB-4'!II12+'[3]CB-5'!II12+'[3]CB-6'!II12+'[3]CB-7'!II12+'[3]CB-8'!II12+'[3]CB-9'!II12+'[3]CB-10'!II12+'[3]CB-11'!II12+'[3]CB-12'!II12+'[3]CB-13'!II12+'[3]CB-14'!II12+'[3]CB-15'!II12+'[3]CB-16'!II12+'[3]CB-17'!II12+'[3]CB-18'!II12+'[3]CB-19'!II12+'[3]CB-20'!II12+'[3]CB-21'!II12+'[3]CB-22'!II12+'[3]CB-23'!II12+'[3]CB-24'!II12+'[4]LCT-1'!II12+'[4]LCT-2'!II12+'[4]LCT-3'!II12+'[4]LCT-4'!II12+'[4]LCT-5'!II12+'[4]LCT-6'!II12+'[4]LCT-7'!II12+'[4]LCT-8'!II12+'[5]TB-1'!II12+'[5]TB-2'!II12+'[5]TB-3'!II12+'[5]TB-4'!II12+'[5]TB-5'!II12+'[5]TB-6'!II12+'[5]TB-7'!II12+'[5]TB-8'!II12+'[5]TB-9'!II12+'[5]TB-10'!II12+'[6]DSV-1'!II12+'[6]DSV-2'!II12+'[6]DSV-3'!II12+'[7]TUB-1'!II12+'[7]TUB-2'!II12+'[8]Barge-1'!II12+'[8]Barge-2'!II12+'[8]Barge-3'!II12+'[8]Barge-4'!II12 -> 0 | AW12: ='[2]AHTS-1'!II83+'[2]AHTS-2'!II83+'[2]AHTS-3'!II83+'[2]AHTS-4'!II83+'[2]AHTS-5'!II83+'[2]AHTS-6'!II83+'[2]AHTS-7'!II83+'[2]AHTS-8'!II83+'[3]CB-1'!II83+'[3]CB-2'!II83+'[3]CB-3'!II83+'[3]CB-4'!II83+'[3]CB-5'!II83+'[3]CB-6'!II83+'[3]CB-7'!II83+'[3]CB-8'!II83+'[3]CB-9'!II83+'[3]CB-10'!II83+'[3]CB-11'!II83+'[3]CB-12'!II83+'[3]CB-13'!II83+'[3]CB-14'!II83+'[3]CB-15'!II83+'[3]CB-16'!II83+'[3]CB-17'!II83+'[3]CB-18'!II83+'[3]CB-19'!II83+'[3]CB-20'!II83+'[3]CB-21'!II83+'[3]CB-22'!II83+'[3]CB-23'!II83+'[3]CB-24'!II83+'[4]LCT-1'!II83+'[4]LCT-2'!II83+'[4]LCT-3'!II83+'[4]LCT-4'!II83+'[4]LCT-5'!II83+'[4]LCT-6'!II83+'[4]LCT-7'!II83+'[4]LCT-8'!II83+'[5]TB-1'!II83+'[5]TB-2'!II83+'[5]TB-3'!II83+'[5]TB-4'!II83+'[5]TB-5'!II83+'[5]TB-6'!II83+'[5]TB-7'!II83+'[5]TB-8'!II83+'[5]TB-9'!II83+'[5]TB-10'!II83+'[6]DSV-1'!II83+'[6]DSV-2'!II83+'[6]DSV-3'!II83+'[7]TUB-1'!II83+'[7]TUB-2'!II83+'[8]Barge-1'!II83+'[8]Barge-2'!II83+'[8]Barge-3'!II83+'[8]Barge-4'!II83 -> 0
A13: =[1]Control!AZ13 -> 45988 | C13: ='[2]AHTS-1'!AV13+'[2]AHTS-2'!AV13+'[2]AHTS-3'!AV13+'[2]AHTS-4'!AV13+'[2]AHTS-5'!AV13+'[2]AHTS-6'!AV13+'[2]AHTS-7'!AV13+'[2]AHTS-8'!AV13+'[3]CB-1'!AV13+'[3]CB-2'!AV13+'[3]CB-3'!AV13+'[3]CB-4'!AV13+'[3]CB-5'!AV13+'[3]CB-6'!AV13+'[3]CB-7'!AV13+'[3]CB-8'!AV13+'[3]CB-9'!AV13+'[3]CB-10'!AV13+'[3]CB-11'!AV13+'[3]CB-12'!AV13+'[3]CB-13'!AV13+'[3]CB-14'!AV13+'[3]CB-15'!AV13+'[3]CB-16'!AV13+'[3]CB-17'!AV13+'[3]CB-18'!AV13+'[3]CB-19'!AV13+'[3]CB-20'!AV13+'[3]CB-21'!AV13+'[3]CB-22'!AV13+'[3]CB-23'!AV13+'[3]CB-24'!AV13+'[4]LCT-1'!AV13+'[4]LCT-2'!AV13+'[4]LCT-3'!AV13+'[4]LCT-4'!AV13+'[4]LCT-5'!AV13+'[4]LCT-6'!AV13+'[4]LCT-7'!AV13+'[4]LCT-8'!AV13+'[5]TB-1'!AV13+'[5]TB-2'!AV13+'[5]TB-3'!AV13+'[5]TB-4'!AV13+'[5]TB-5'!AV13+'[5]TB-6'!AV13+'[5]TB-7'!AV13+'[5]TB-8'!AV13+'[5]TB-9'!AV13+'[5]TB-10'!AV13+'[6]DSV-1'!AV13+'[6]DSV-2'!AV13+'[6]DSV-3'!AV13+'[7]TUB-1'!AV13+'[7]TUB-2'!AV13+'[8]Barge-1'!AV13+'[8]Barge-2'!AV13+'[8]Barge-3'!AV13+'[8]Barge-4'!AV13 -> 0 | D13: ='[2]AHTS-1'!BR13+'[2]AHTS-2'!BR13+'[2]AHTS-3'!BR13+'[2]AHTS-4'!BR13+'[2]AHTS-5'!BR13+'[2]AHTS-6'!BR13+'[2]AHTS-7'!BR13+'[2]AHTS-8'!BR13+'[3]CB-1'!BR13+'[3]CB-2'!BR13+'[3]CB-3'!BR13+'[3]CB-4'!BR13+'[3]CB-5'!BR13+'[3]CB-6'!BR13+'[3]CB-7'!BR13+'[3]CB-8'!BR13+'[3]CB-9'!BR13+'[3]CB-10'!BR13+'[3]CB-11'!BR13+'[3]CB-12'!BR13+'[3]CB-13'!BR13+'[3]CB-14'!BR13+'[3]CB-15'!BR13+'[3]CB-16'!BR13+'[3]CB-17'!BR13+'[3]CB-18'!BR13+'[3]CB-19'!BR13+'[3]CB-20'!BR13+'[3]CB-21'!BR13+'[3]CB-22'!BR13+'[3]CB-23'!BR13+'[3]CB-24'!BR13+'[4]LCT-1'!BR13+'[4]LCT-2'!BR13+'[4]LCT-3'!BR13+'[4]LCT-4'!BR13+'[4]LCT-5'!BR13+'[4]LCT-6'!BR13+'[4]LCT-7'!BR13+'[4]LCT-8'!BR13+'[5]TB-1'!BR13+'[5]TB-2'!BR13+'[5]TB-3'!BR13+'[5]TB-4'!BR13+'[5]TB-5'!BR13+'[5]TB-6'!BR13+'[5]TB-7'!BR13+'[5]TB-8'!BR13+'[5]TB-9'!BR13+'[5]TB-10'!BR13+'[6]DSV-1'!BR13+'[6]DSV-2'!BR13+'[6]DSV-3'!BR13+'[7]TUB-1'!BR13+'[7]TUB-2'!BR13+'[8]Barge-1'!BR13+'[8]Barge-2'!BR13+'[8]Barge-3'!BR13+'[8]Barge-4'!BR13 -> 0 | E13: ='[2]AHTS-1'!CN13+'[2]AHTS-2'!CN13+'[2]AHTS-3'!CN13+'[2]AHTS-4'!CN13+'[2]AHTS-5'!CN13+'[2]AHTS-6'!CN13+'[2]AHTS-7'!CN13+'[2]AHTS-8'!CN13+'[3]CB-1'!CN13+'[3]CB-2'!CN13+'[3]CB-3'!CN13+'[3]CB-4'!CN13+'[3]CB-5'!CN13+'[3]CB-6'!CN13+'[3]CB-7'!CN13+'[3]CB-8'!CN13+'[3]CB-9'!CN13+'[3]CB-10'!CN13+'[3]CB-11'!CN13+'[3]CB-12'!CN13+'[3]CB-13'!CN13+'[3]CB-14'!CN13+'[3]CB-15'!CN13+'[3]CB-16'!CN13+'[3]CB-17'!CN13+'[3]CB-18'!CN13+'[3]CB-19'!CN13+'[3]CB-20'!CN13+'[3]CB-21'!CN13+'[3]CB-22'!CN13+'[3]CB-23'!CN13+'[3]CB-24'!CN13+'[4]LCT-1'!CN13+'[4]LCT-2'!CN13+'[4]LCT-3'!CN13+'[4]LCT-4'!CN13+'[4]LCT-5'!CN13+'[4]LCT-6'!CN13+'[4]LCT-7'!CN13+'[4]LCT-8'!CN13+'[5]TB-1'!CN13+'[5]TB-2'!CN13+'[5]TB-3'!CN13+'[5]TB-4'!CN13+'[5]TB-5'!CN13+'[5]TB-6'!CN13+'[5]TB-7'!CN13+'[5]TB-8'!CN13+'[5]TB-9'!CN13+'[5]TB-10'!CN13+'[6]DSV-1'!CN13+'[6]DSV-2'!CN13+'[6]DSV-3'!CN13+'[7]TUB-1'!CN13+'[7]TUB-2'!CN13+'[8]Barge-1'!CN13+'[8]Barge-2'!CN13+'[8]Barge-3'!CN13+'[8]Barge-4'!CN13 -> 0 | F13: ='[2]AHTS-1'!AW13+'[2]AHTS-2'!AW13+'[2]AHTS-3'!AW13+'[2]AHTS-4'!AW13+'[2]AHTS-5'!AW13+'[2]AHTS-6'!AW13+'[2]AHTS-7'!AW13+'[2]AHTS-8'!AW13+'[3]CB-1'!AW13+'[3]CB-2'!AW13+'[3]CB-3'!AW13+'[3]CB-4'!AW13+'[3]CB-5'!AW13+'[3]CB-6'!AW13+'[3]CB-7'!AW13+'[3]CB-8'!AW13+'[3]CB-9'!AW13+'[3]CB-10'!AW13+'[3]CB-11'!AW13+'[3]CB-12'!AW13+'[3]CB-13'!AW13+'[3]CB-14'!AW13+'[3]CB-15'!AW13+'[3]CB-16'!AW13+'[3]CB-17'!AW13+'[3]CB-18'!AW13+'[3]CB-19'!AW13+'[3]CB-20'!AW13+'[3]CB-21'!AW13+'[3]CB-22'!AW13+'[3]CB-23'!AW13+'[3]CB-24'!AW13+'[4]LCT-1'!AW13+'[4]LCT-2'!AW13+'[4]LCT-3'!AW13+'[4]LCT-4'!AW13+'[4]LCT-5'!AW13+'[4]LCT-6'!AW13+'[4]LCT-7'!AW13+'[4]LCT-8'!AW13+'[5]TB-1'!AW13+'[5]TB-2'!AW13+'[5]TB-3'!AW13+'[5]TB-4'!AW13+'[5]TB-5'!AW13+'[5]TB-6'!AW13+'[5]TB-7'!AW13+'[5]TB-8'!AW13+'[5]TB-9'!AW13+'[5]TB-10'!AW13+'[6]DSV-1'!AW13+'[6]DSV-2'!AW13+'[6]DSV-3'!AW13+'[7]TUB-1'!AW13+'[7]TUB-2'!AW13+'[8]Barge-1'!AW13+'[8]Barge-2'!AW13+'[8]Barge-3'!AW13+'[8]Barge-4'!AW13 -> 1160.1889 | G13: ='[2]AHTS-1'!BS13+'[2]AHTS-2'!BS13+'[2]AHTS-3'!BS13+'[2]AHTS-4'!BS13+'[2]AHTS-5'!BS13+'[2]AHTS-6'!BS13+'[2]AHTS-7'!BS13+'[2]AHTS-8'!BS13+'[3]CB-1'!BS13+'[3]CB-2'!BS13+'[3]CB-3'!BS13+'[3]CB-4'!BS13+'[3]CB-5'!BS13+'[3]CB-6'!BS13+'[3]CB-7'!BS13+'[3]CB-8'!BS13+'[3]CB-9'!BS13+'[3]CB-10'!BS13+'[3]CB-11'!BS13+'[3]CB-12'!BS13+'[3]CB-13'!BS13+'[3]CB-14'!BS13+'[3]CB-15'!BS13+'[3]CB-16'!BS13+'[3]CB-17'!BS13+'[3]CB-18'!BS13+'[3]CB-19'!BS13+'[3]CB-20'!BS13+'[3]CB-21'!BS13+'[3]CB-22'!BS13+'[3]CB-23'!BS13+'[3]CB-24'!BS13+'[4]LCT-1'!BS13+'[4]LCT-2'!BS13+'[4]LCT-3'!BS13+'[4]LCT-4'!BS13+'[4]LCT-5'!BS13+'[4]LCT-6'!BS13+'[4]LCT-7'!BS13+'[4]LCT-8'!BS13+'[5]TB-1'!BS13+'[5]TB-2'!BS13+'[5]TB-3'!BS13+'[5]TB-4'!BS13+'[5]TB-5'!BS13+'[5]TB-6'!BS13+'[5]TB-7'!BS13+'[5]TB-8'!BS13+'[5]TB-9'!BS13+'[5]TB-10'!BS13+'[6]DSV-1'!BS13+'[6]DSV-2'!BS13+'[6]DSV-3'!BS13+'[7]TUB-1'!BS13+'[7]TUB-2'!BS13+'[8]Barge-1'!BS13+'[8]Barge-2'!BS13+'[8]Barge-3'!BS13+'[8]Barge-4'!BS13 -> 1263.8542 | H13: ='[2]AHTS-1'!CO13+'[2]AHTS-2'!CO13+'[2]AHTS-3'!CO13+'[2]AHTS-4'!CO13+'[2]AHTS-5'!CO13+'[2]AHTS-6'!CO13+'[2]AHTS-7'!CO13+'[2]AHTS-8'!CO13+'[3]CB-1'!CO13+'[3]CB-2'!CO13+'[3]CB-3'!CO13+'[3]CB-4'!CO13+'[3]CB-5'!CO13+'[3]CB-6'!CO13+'[3]CB-7'!CO13+'[3]CB-8'!CO13+'[3]CB-9'!CO13+'[3]CB-10'!CO13+'[3]CB-11'!CO13+'[3]CB-12'!CO13+'[3]CB-13'!CO13+'[3]CB-14'!CO13+'[3]CB-15'!CO13+'[3]CB-16'!CO13+'[3]CB-17'!CO13+'[3]CB-18'!CO13+'[3]CB-19'!CO13+'[3]CB-20'!CO13+'[3]CB-21'!CO13+'[3]CB-22'!CO13+'[3]CB-23'!CO13+'[3]CB-24'!CO13+'[4]LCT-1'!CO13+'[4]LCT-2'!CO13+'[4]LCT-3'!CO13+'[4]LCT-4'!CO13+'[4]LCT-5'!CO13+'[4]LCT-6'!CO13+'[4]LCT-7'!CO13+'[4]LCT-8'!CO13+'[5]TB-1'!CO13+'[5]TB-2'!CO13+'[5]TB-3'!CO13+'[5]TB-4'!CO13+'[5]TB-5'!CO13+'[5]TB-6'!CO13+'[5]TB-7'!CO13+'[5]TB-8'!CO13+'[5]TB-9'!CO13+'[5]TB-10'!CO13+'[6]DSV-1'!CO13+'[6]DSV-2'!CO13+'[6]DSV-3'!CO13+'[7]TUB-1'!CO13+'[7]TUB-2'!CO13+'[8]Barge-1'!CO13+'[8]Barge-2'!CO13+'[8]Barge-3'!CO13+'[8]Barge-4'!CO13 -> 0 | I13: ='[2]AHTS-1'!AX13+'[2]AHTS-2'!AX13+'[2]AHTS-3'!AX13+'[2]AHTS-4'!AX13+'[2]AHTS-5'!AX13+'[2]AHTS-6'!AX13+'[2]AHTS-7'!AX13+'[2]AHTS-8'!AX13+'[3]CB-1'!AX13+'[3]CB-2'!AX13+'[3]CB-3'!AX13+'[3]CB-4'!AX13+'[3]CB-5'!AX13+'[3]CB-6'!AX13+'[3]CB-7'!AX13+'[3]CB-8'!AX13+'[3]CB-9'!AX13+'[3]CB-10'!AX13+'[3]CB-11'!AX13+'[3]CB-12'!AX13+'[3]CB-13'!AX13+'[3]CB-14'!AX13+'[3]CB-15'!AX13+'[3]CB-16'!AX13+'[3]CB-17'!AX13+'[3]CB-18'!AX13+'[3]CB-19'!AX13+'[3]CB-20'!AX13+'[3]CB-21'!AX13+'[3]CB-22'!AX13+'[3]CB-23'!AX13+'[3]CB-24'!AX13+'[4]LCT-1'!AX13+'[4]LCT-2'!AX13+'[4]LCT-3'!AX13+'[4]LCT-4'!AX13+'[4]LCT-5'!AX13+'[4]LCT-6'!AX13+'[4]LCT-7'!AX13+'[4]LCT-8'!AX13+'[5]TB-1'!AX13+'[5]TB-2'!AX13+'[5]TB-3'!AX13+'[5]TB-4'!AX13+'[5]TB-5'!AX13+'[5]TB-6'!AX13+'[5]TB-7'!AX13+'[5]TB-8'!AX13+'[5]TB-9'!AX13+'[5]TB-10'!AX13+'[6]DSV-1'!AX13+'[6]DSV-2'!AX13+'[6]DSV-3'!AX13+'[7]TUB-1'!AX13+'[7]TUB-2'!AX13+'[8]Barge-1'!AX13+'[8]Barge-2'!AX13+'[8]Barge-3'!AX13+'[8]Barge-4'!AX13 -> 2516.7172 | J13: ='[2]AHTS-1'!BT13+'[2]AHTS-2'!BT13+'[2]AHTS-3'!BT13+'[2]AHTS-4'!BT13+'[2]AHTS-5'!BT13+'[2]AHTS-6'!BT13+'[2]AHTS-7'!BT13+'[2]AHTS-8'!BT13+'[3]CB-1'!BT13+'[3]CB-2'!BT13+'[3]CB-3'!BT13+'[3]CB-4'!BT13+'[3]CB-5'!BT13+'[3]CB-6'!BT13+'[3]CB-7'!BT13+'[3]CB-8'!BT13+'[3]CB-9'!BT13+'[3]CB-10'!BT13+'[3]CB-11'!BT13+'[3]CB-12'!BT13+'[3]CB-13'!BT13+'[3]CB-14'!BT13+'[3]CB-15'!BT13+'[3]CB-16'!BT13+'[3]CB-17'!BT13+'[3]CB-18'!BT13+'[3]CB-19'!BT13+'[3]CB-20'!BT13+'[3]CB-21'!BT13+'[3]CB-22'!BT13+'[3]CB-23'!BT13+'[3]CB-24'!BT13+'[4]LCT-1'!BT13+'[4]LCT-2'!BT13+'[4]LCT-3'!BT13+'[4]LCT-4'!BT13+'[4]LCT-5'!BT13+'[4]LCT-6'!BT13+'[4]LCT-7'!BT13+'[4]LCT-8'!BT13+'[5]TB-1'!BT13+'[5]TB-2'!BT13+'[5]TB-3'!BT13+'[5]TB-4'!BT13+'[5]TB-5'!BT13+'[5]TB-6'!BT13+'[5]TB-7'!BT13+'[5]TB-8'!BT13+'[5]TB-9'!BT13+'[5]TB-10'!BT13+'[6]DSV-1'!BT13+'[6]DSV-2'!BT13+'[6]DSV-3'!BT13+'[7]TUB-1'!BT13+'[7]TUB-2'!BT13+'[8]Barge-1'!BT13+'[8]Barge-2'!BT13+'[8]Barge-3'!BT13+'[8]Barge-4'!BT13 -> 2100.6178 | K13: ='[2]AHTS-1'!CP13+'[2]AHTS-2'!CP13+'[2]AHTS-3'!CP13+'[2]AHTS-4'!CP13+'[2]AHTS-5'!CP13+'[2]AHTS-6'!CP13+'[2]AHTS-7'!CP13+'[2]AHTS-8'!CP13+'[3]CB-1'!CP13+'[3]CB-2'!CP13+'[3]CB-3'!CP13+'[3]CB-4'!CP13+'[3]CB-5'!CP13+'[3]CB-6'!CP13+'[3]CB-7'!CP13+'[3]CB-8'!CP13+'[3]CB-9'!CP13+'[3]CB-10'!CP13+'[3]CB-11'!CP13+'[3]CB-12'!CP13+'[3]CB-13'!CP13+'[3]CB-14'!CP13+'[3]CB-15'!CP13+'[3]CB-16'!CP13+'[3]CB-17'!CP13+'[3]CB-18'!CP13+'[3]CB-19'!CP13+'[3]CB-20'!CP13+'[3]CB-21'!CP13+'[3]CB-22'!CP13+'[3]CB-23'!CP13+'[3]CB-24'!CP13+'[4]LCT-1'!CP13+'[4]LCT-2'!CP13+'[4]LCT-3'!CP13+'[4]LCT-4'!CP13+'[4]LCT-5'!CP13+'[4]LCT-6'!CP13+'[4]LCT-7'!CP13+'[4]LCT-8'!CP13+'[5]TB-1'!CP13+'[5]TB-2'!CP13+'[5]TB-3'!CP13+'[5]TB-4'!CP13+'[5]TB-5'!CP13+'[5]TB-6'!CP13+'[5]TB-7'!CP13+'[5]TB-8'!CP13+'[5]TB-9'!CP13+'[5]TB-10'!CP13+'[6]DSV-1'!CP13+'[6]DSV-2'!CP13+'[6]DSV-3'!CP13+'[7]TUB-1'!CP13+'[7]TUB-2'!CP13+'[8]Barge-1'!CP13+'[8]Barge-2'!CP13+'[8]Barge-3'!CP13+'[8]Barge-4'!CP13 -> 0 | L13: ='[2]AHTS-1'!AY13+'[2]AHTS-2'!AY13+'[2]AHTS-3'!AY13+'[2]AHTS-4'!AY13+'[2]AHTS-5'!AY13+'[2]AHTS-6'!AY13+'[2]AHTS-7'!AY13+'[2]AHTS-8'!AY13+'[3]CB-1'!AY13+'[3]CB-2'!AY13+'[3]CB-3'!AY13+'[3]CB-4'!AY13+'[3]CB-5'!AY13+'[3]CB-6'!AY13+'[3]CB-7'!AY13+'[3]CB-8'!AY13+'[3]CB-9'!AY13+'[3]CB-10'!AY13+'[3]CB-11'!AY13+'[3]CB-12'!AY13+'[3]CB-13'!AY13+'[3]CB-14'!AY13+'[3]CB-15'!AY13+'[3]CB-16'!AY13+'[3]CB-17'!AY13+'[3]CB-18'!AY13+'[3]CB-19'!AY13+'[3]CB-20'!AY13+'[3]CB-21'!AY13+'[3]CB-22'!AY13+'[3]CB-23'!AY13+'[3]CB-24'!AY13+'[4]LCT-1'!AY13+'[4]LCT-2'!AY13+'[4]LCT-3'!AY13+'[4]LCT-4'!AY13+'[4]LCT-5'!AY13+'[4]LCT-6'!AY13+'[4]LCT-7'!AY13+'[4]LCT-8'!AY13+'[5]TB-1'!AY13+'[5]TB-2'!AY13+'[5]TB-3'!AY13+'[5]TB-4'!AY13+'[5]TB-5'!AY13+'[5]TB-6'!AY13+'[5]TB-7'!AY13+'[5]TB-8'!AY13+'[5]TB-9'!AY13+'[5]TB-10'!AY13+'[6]DSV-1'!AY13+'[6]DSV-2'!AY13+'[6]DSV-3'!AY13+'[7]TUB-1'!AY13+'[7]TUB-2'!AY13+'[8]Barge-1'!AY13+'[8]Barge-2'!AY13+'[8]Barge-3'!AY13+'[8]Barge-4'!AY13 -> 2839.7092 | M13: ='[2]AHTS-1'!BU13+'[2]AHTS-2'!BU13+'[2]AHTS-3'!BU13+'[2]AHTS-4'!BU13+'[2]AHTS-5'!BU13+'[2]AHTS-6'!BU13+'[2]AHTS-7'!BU13+'[2]AHTS-8'!BU13+'[3]CB-1'!BU13+'[3]CB-2'!BU13+'[3]CB-3'!BU13+'[3]CB-4'!BU13+'[3]CB-5'!BU13+'[3]CB-6'!BU13+'[3]CB-7'!BU13+'[3]CB-8'!BU13+'[3]CB-9'!BU13+'[3]CB-10'!BU13+'[3]CB-11'!BU13+'[3]CB-12'!BU13+'[3]CB-13'!BU13+'[3]CB-14'!BU13+'[3]CB-15'!BU13+'[3]CB-16'!BU13+'[3]CB-17'!BU13+'[3]CB-18'!BU13+'[3]CB-19'!BU13+'[3]CB-20'!BU13+'[3]CB-21'!BU13+'[3]CB-22'!BU13+'[3]CB-23'!BU13+'[3]CB-24'!BU13+'[4]LCT-1'!BU13+'[4]LCT-2'!BU13+'[4]LCT-3'!BU13+'[4]LCT-4'!BU13+'[4]LCT-5'!BU13+'[4]LCT-6'!BU13+'[4]LCT-7'!BU13+'[4]LCT-8'!BU13+'[5]TB-1'!BU13+'[5]TB-2'!BU13+'[5]TB-3'!BU13+'[5]TB-4'!BU13+'[5]TB-5'!BU13+'[5]TB-6'!BU13+'[5]TB-7'!BU13+'[5]TB-8'!BU13+'[5]TB-9'!BU13+'[5]TB-10'!BU13+'[6]DSV-1'!BU13+'[6]DSV-2'!BU13+'[6]DSV-3'!BU13+'[7]TUB-1'!BU13+'[7]TUB-2'!BU13+'[8]Barge-1'!BU13+'[8]Barge-2'!BU13+'[8]Barge-3'!BU13+'[8]Barge-4'!BU13 -> 1996.5289 | N13: ='[2]AHTS-1'!CQ13+'[2]AHTS-2'!CQ13+'[2]AHTS-3'!CQ13+'[2]AHTS-4'!CQ13+'[2]AHTS-5'!CQ13+'[2]AHTS-6'!CQ13+'[2]AHTS-7'!CQ13+'[2]AHTS-8'!CQ13+'[3]CB-1'!CQ13+'[3]CB-2'!CQ13+'[3]CB-3'!CQ13+'[3]CB-4'!CQ13+'[3]CB-5'!CQ13+'[3]CB-6'!CQ13+'[3]CB-7'!CQ13+'[3]CB-8'!CQ13+'[3]CB-9'!CQ13+'[3]CB-10'!CQ13+'[3]CB-11'!CQ13+'[3]CB-12'!CQ13+'[3]CB-13'!CQ13+'[3]CB-14'!CQ13+'[3]CB-15'!CQ13+'[3]CB-16'!CQ13+'[3]CB-17'!CQ13+'[3]CB-18'!CQ13+'[3]CB-19'!CQ13+'[3]CB-20'!CQ13+'[3]CB-21'!CQ13+'[3]CB-22'!CQ13+'[3]CB-23'!CQ13+'[3]CB-24'!CQ13+'[4]LCT-1'!CQ13+'[4]LCT-2'!CQ13+'[4]LCT-3'!CQ13+'[4]LCT-4'!CQ13+'[4]LCT-5'!CQ13+'[4]LCT-6'!CQ13+'[4]LCT-7'!CQ13+'[4]LCT-8'!CQ13+'[5]TB-1'!CQ13+'[5]TB-2'!CQ13+'[5]TB-3'!CQ13+'[5]TB-4'!CQ13+'[5]TB-5'!CQ13+'[5]TB-6'!CQ13+'[5]TB-7'!CQ13+'[5]TB-8'!CQ13+'[5]TB-9'!CQ13+'[5]TB-10'!CQ13+'[6]DSV-1'!CQ13+'[6]DSV-2'!CQ13+'[6]DSV-3'!CQ13+'[7]TUB-1'!CQ13+'[7]TUB-2'!CQ13+'[8]Barge-1'!CQ13+'[8]Barge-2'!CQ13+'[8]Barge-3'!CQ13+'[8]Barge-4'!CQ13 -> 0 | O13: ='[2]AHTS-1'!AZ13+'[2]AHTS-2'!AZ13+'[2]AHTS-3'!AZ13+'[2]AHTS-4'!AZ13+'[2]AHTS-5'!AZ13+'[2]AHTS-6'!AZ13+'[2]AHTS-7'!AZ13+'[2]AHTS-8'!AZ13+'[3]CB-1'!AZ13+'[3]CB-2'!AZ13+'[3]CB-3'!AZ13+'[3]CB-4'!AZ13+'[3]CB-5'!AZ13+'[3]CB-6'!AZ13+'[3]CB-7'!AZ13+'[3]CB-8'!AZ13+'[3]CB-9'!AZ13+'[3]CB-10'!AZ13+'[3]CB-11'!AZ13+'[3]CB-12'!AZ13+'[3]CB-13'!AZ13+'[3]CB-14'!AZ13+'[3]CB-15'!AZ13+'[3]CB-16'!AZ13+'[3]CB-17'!AZ13+'[3]CB-18'!AZ13+'[3]CB-19'!AZ13+'[3]CB-20'!AZ13+'[3]CB-21'!AZ13+'[3]CB-22'!AZ13+'[3]CB-23'!AZ13+'[3]CB-24'!AZ13+'[4]LCT-1'!AZ13+'[4]LCT-2'!AZ13+'[4]LCT-3'!AZ13+'[4]LCT-4'!AZ13+'[4]LCT-5'!AZ13+'[4]LCT-6'!AZ13+'[4]LCT-7'!AZ13+'[4]LCT-8'!AZ13+'[5]TB-1'!AZ13+'[5]TB-2'!AZ13+'[5]TB-3'!AZ13+'[5]TB-4'!AZ13+'[5]TB-5'!AZ13+'[5]TB-6'!AZ13+'[5]TB-7'!AZ13+'[5]TB-8'!AZ13+'[5]TB-9'!AZ13+'[5]TB-10'!AZ13+'[6]DSV-1'!AZ13+'[6]DSV-2'!AZ13+'[6]DSV-3'!AZ13+'[7]TUB-1'!AZ13+'[7]TUB-2'!AZ13+'[8]Barge-1'!AZ13+'[8]Barge-2'!AZ13+'[8]Barge-3'!AZ13+'[8]Barge-4'!AZ13 -> 11.711135 | P13: ='[2]AHTS-1'!BV13+'[2]AHTS-2'!BV13+'[2]AHTS-3'!BV13+'[2]AHTS-4'!BV13+'[2]AHTS-5'!BV13+'[2]AHTS-6'!BV13+'[2]AHTS-7'!BV13+'[2]AHTS-8'!BV13+'[3]CB-1'!BV13+'[3]CB-2'!BV13+'[3]CB-3'!BV13+'[3]CB-4'!BV13+'[3]CB-5'!BV13+'[3]CB-6'!BV13+'[3]CB-7'!BV13+'[3]CB-8'!BV13+'[3]CB-9'!BV13+'[3]CB-10'!BV13+'[3]CB-11'!BV13+'[3]CB-12'!BV13+'[3]CB-13'!BV13+'[3]CB-14'!BV13+'[3]CB-15'!BV13+'[3]CB-16'!BV13+'[3]CB-17'!BV13+'[3]CB-18'!BV13+'[3]CB-19'!BV13+'[3]CB-20'!BV13+'[3]CB-21'!BV13+'[3]CB-22'!BV13+'[3]CB-23'!BV13+'[3]CB-24'!BV13+'[4]LCT-1'!BV13+'[4]LCT-2'!BV13+'[4]LCT-3'!BV13+'[4]LCT-4'!BV13+'[4]LCT-5'!BV13+'[4]LCT-6'!BV13+'[4]LCT-7'!BV13+'[4]LCT-8'!BV13+'[5]TB-1'!BV13+'[5]TB-2'!BV13+'[5]TB-3'!BV13+'[5]TB-4'!BV13+'[5]TB-5'!BV13+'[5]TB-6'!BV13+'[5]TB-7'!BV13+'[5]TB-8'!BV13+'[5]TB-9'!BV13+'[5]TB-10'!BV13+'[6]DSV-1'!BV13+'[6]DSV-2'!BV13+'[6]DSV-3'!BV13+'[7]TUB-1'!BV13+'[7]TUB-2'!BV13+'[8]Barge-1'!BV13+'[8]Barge-2'!BV13+'[8]Barge-3'!BV13+'[8]Barge-4'!BV13 -> 69.315589 | Q13: ='[2]AHTS-1'!CR13+'[2]AHTS-2'!CR13+'[2]AHTS-3'!CR13+'[2]AHTS-4'!CR13+'[2]AHTS-5'!CR13+'[2]AHTS-6'!CR13+'[2]AHTS-7'!CR13+'[2]AHTS-8'!CR13+'[3]CB-1'!CR13+'[3]CB-2'!CR13+'[3]CB-3'!CR13+'[3]CB-4'!CR13+'[3]CB-5'!CR13+'[3]CB-6'!CR13+'[3]CB-7'!CR13+'[3]CB-8'!CR13+'[3]CB-9'!CR13+'[3]CB-10'!CR13+'[3]CB-11'!CR13+'[3]CB-12'!CR13+'[3]CB-13'!CR13+'[3]CB-14'!CR13+'[3]CB-15'!CR13+'[3]CB-16'!CR13+'[3]CB-17'!CR13+'[3]CB-18'!CR13+'[3]CB-19'!CR13+'[3]CB-20'!CR13+'[3]CB-21'!CR13+'[3]CB-22'!CR13+'[3]CB-23'!CR13+'[3]CB-24'!CR13+'[4]LCT-1'!CR13+'[4]LCT-2'!CR13+'[4]LCT-3'!CR13+'[4]LCT-4'!CR13+'[4]LCT-5'!CR13+'[4]LCT-6'!CR13+'[4]LCT-7'!CR13+'[4]LCT-8'!CR13+'[5]TB-1'!CR13+'[5]TB-2'!CR13+'[5]TB-3'!CR13+'[5]TB-4'!CR13+'[5]TB-5'!CR13+'[5]TB-6'!CR13+'[5]TB-7'!CR13+'[5]TB-8'!CR13+'[5]TB-9'!CR13+'[5]TB-10'!CR13+'[6]DSV-1'!CR13+'[6]DSV-2'!CR13+'[6]DSV-3'!CR13+'[7]TUB-1'!CR13+'[7]TUB-2'!CR13+'[8]Barge-1'!CR13+'[8]Barge-2'!CR13+'[8]Barge-3'!CR13+'[8]Barge-4'!CR13 -> 0 | R13: ='[2]AHTS-1'!BA13+'[2]AHTS-2'!BA13+'[2]AHTS-3'!BA13+'[2]AHTS-4'!BA13+'[2]AHTS-5'!BA13+'[2]AHTS-6'!BA13+'[2]AHTS-7'!BA13+'[2]AHTS-8'!BA13+'[3]CB-1'!BA13+'[3]CB-2'!BA13+'[3]CB-3'!BA13+'[3]CB-4'!BA13+'[3]CB-5'!BA13+'[3]CB-6'!BA13+'[3]CB-7'!BA13+'[3]CB-8'!BA13+'[3]CB-9'!BA13+'[3]CB-10'!BA13+'[3]CB-11'!BA13+'[3]CB-12'!BA13+'[3]CB-13'!BA13+'[3]CB-14'!BA13+'[3]CB-15'!BA13+'[3]CB-16'!BA13+'[3]CB-17'!BA13+'[3]CB-18'!BA13+'[3]CB-19'!BA13+'[3]CB-20'!BA13+'[3]CB-21'!BA13+'[3]CB-22'!BA13+'[3]CB-23'!BA13+'[3]CB-24'!BA13+'[4]LCT-1'!BA13+'[4]LCT-2'!BA13+'[4]LCT-3'!BA13+'[4]LCT-4'!BA13+'[4]LCT-5'!BA13+'[4]LCT-6'!BA13+'[4]LCT-7'!BA13+'[4]LCT-8'!BA13+'[5]TB-1'!BA13+'[5]TB-2'!BA13+'[5]TB-3'!BA13+'[5]TB-4'!BA13+'[5]TB-5'!BA13+'[5]TB-6'!BA13+'[5]TB-7'!BA13+'[5]TB-8'!BA13+'[5]TB-9'!BA13+'[5]TB-10'!BA13+'[6]DSV-1'!BA13+'[6]DSV-2'!BA13+'[6]DSV-3'!BA13+'[7]TUB-1'!BA13+'[7]TUB-2'!BA13+'[8]Barge-1'!BA13+'[8]Barge-2'!BA13+'[8]Barge-3'!BA13+'[8]Barge-4'!BA13 -> 4452.2981 | S13: ='[2]AHTS-1'!BW13+'[2]AHTS-2'!BW13+'[2]AHTS-3'!BW13+'[2]AHTS-4'!BW13+'[2]AHTS-5'!BW13+'[2]AHTS-6'!BW13+'[2]AHTS-7'!BW13+'[2]AHTS-8'!BW13+'[3]CB-1'!BW13+'[3]CB-2'!BW13+'[3]CB-3'!BW13+'[3]CB-4'!BW13+'[3]CB-5'!BW13+'[3]CB-6'!BW13+'[3]CB-7'!BW13+'[3]CB-8'!BW13+'[3]CB-9'!BW13+'[3]CB-10'!BW13+'[3]CB-11'!BW13+'[3]CB-12'!BW13+'[3]CB-13'!BW13+'[3]CB-14'!BW13+'[3]CB-15'!BW13+'[3]CB-16'!BW13+'[3]CB-17'!BW13+'[3]CB-18'!BW13+'[3]CB-19'!BW13+'[3]CB-20'!BW13+'[3]CB-21'!BW13+'[3]CB-22'!BW13+'[3]CB-23'!BW13+'[3]CB-24'!BW13+'[4]LCT-1'!BW13+'[4]LCT-2'!BW13+'[4]LCT-3'!BW13+'[4]LCT-4'!BW13+'[4]LCT-5'!BW13+'[4]LCT-6'!BW13+'[4]LCT-7'!BW13+'[4]LCT-8'!BW13+'[5]TB-1'!BW13+'[5]TB-2'!BW13+'[5]TB-3'!BW13+'[5]TB-4'!BW13+'[5]TB-5'!BW13+'[5]TB-6'!BW13+'[5]TB-7'!BW13+'[5]TB-8'!BW13+'[5]TB-9'!BW13+'[5]TB-10'!BW13+'[6]DSV-1'!BW13+'[6]DSV-2'!BW13+'[6]DSV-3'!BW13+'[7]TUB-1'!BW13+'[7]TUB-2'!BW13+'[8]Barge-1'!BW13+'[8]Barge-2'!BW13+'[8]Barge-3'!BW13+'[8]Barge-4'!BW13 -> 4904.3445 | T13: ='[2]AHTS-1'!CS13+'[2]AHTS-2'!CS13+'[2]AHTS-3'!CS13+'[2]AHTS-4'!CS13+'[2]AHTS-5'!CS13+'[2]AHTS-6'!CS13+'[2]AHTS-7'!CS13+'[2]AHTS-8'!CS13+'[3]CB-1'!CS13+'[3]CB-2'!CS13+'[3]CB-3'!CS13+'[3]CB-4'!CS13+'[3]CB-5'!CS13+'[3]CB-6'!CS13+'[3]CB-7'!CS13+'[3]CB-8'!CS13+'[3]CB-9'!CS13+'[3]CB-10'!CS13+'[3]CB-11'!CS13+'[3]CB-12'!CS13+'[3]CB-13'!CS13+'[3]CB-14'!CS13+'[3]CB-15'!CS13+'[3]CB-16'!CS13+'[3]CB-17'!CS13+'[3]CB-18'!CS13+'[3]CB-19'!CS13+'[3]CB-20'!CS13+'[3]CB-21'!CS13+'[3]CB-22'!CS13+'[3]CB-23'!CS13+'[3]CB-24'!CS13+'[4]LCT-1'!CS13+'[4]LCT-2'!CS13+'[4]LCT-3'!CS13+'[4]LCT-4'!CS13+'[4]LCT-5'!CS13+'[4]LCT-6'!CS13+'[4]LCT-7'!CS13+'[4]LCT-8'!CS13+'[5]TB-1'!CS13+'[5]TB-2'!CS13+'[5]TB-3'!CS13+'[5]TB-4'!CS13+'[5]TB-5'!CS13+'[5]TB-6'!CS13+'[5]TB-7'!CS13+'[5]TB-8'!CS13+'[5]TB-9'!CS13+'[5]TB-10'!CS13+'[6]DSV-1'!CS13+'[6]DSV-2'!CS13+'[6]DSV-3'!CS13+'[7]TUB-1'!CS13+'[7]TUB-2'!CS13+'[8]Barge-1'!CS13+'[8]Barge-2'!CS13+'[8]Barge-3'!CS13+'[8]Barge-4'!CS13 -> 0 | U13: ='[2]AHTS-1'!BB13+'[2]AHTS-2'!BB13+'[2]AHTS-3'!BB13+'[2]AHTS-4'!BB13+'[2]AHTS-5'!BB13+'[2]AHTS-6'!BB13+'[2]AHTS-7'!BB13+'[2]AHTS-8'!BB13+'[3]CB-1'!BB13+'[3]CB-2'!BB13+'[3]CB-3'!BB13+'[3]CB-4'!BB13+'[3]CB-5'!BB13+'[3]CB-6'!BB13+'[3]CB-7'!BB13+'[3]CB-8'!BB13+'[3]CB-9'!BB13+'[3]CB-10'!BB13+'[3]CB-11'!BB13+'[3]CB-12'!BB13+'[3]CB-13'!BB13+'[3]CB-14'!BB13+'[3]CB-15'!BB13+'[3]CB-16'!BB13+'[3]CB-17'!BB13+'[3]CB-18'!BB13+'[3]CB-19'!BB13+'[3]CB-20'!BB13+'[3]CB-21'!BB13+'[3]CB-22'!BB13+'[3]CB-23'!BB13+'[3]CB-24'!BB13+'[4]LCT-1'!BB13+'[4]LCT-2'!BB13+'[4]LCT-3'!BB13+'[4]LCT-4'!BB13+'[4]LCT-5'!BB13+'[4]LCT-6'!BB13+'[4]LCT-7'!BB13+'[4]LCT-8'!BB13+'[5]TB-1'!BB13+'[5]TB-2'!BB13+'[5]TB-3'!BB13+'[5]TB-4'!BB13+'[5]TB-5'!BB13+'[5]TB-6'!BB13+'[5]TB-7'!BB13+'[5]TB-8'!BB13+'[5]TB-9'!BB13+'[5]TB-10'!BB13+'[6]DSV-1'!BB13+'[6]DSV-2'!BB13+'[6]DSV-3'!BB13+'[7]TUB-1'!BB13+'[7]TUB-2'!BB13+'[8]Barge-1'!BB13+'[8]Barge-2'!BB13+'[8]Barge-3'!BB13+'[8]Barge-4'!BB13 -> 0 | V13: ='[2]AHTS-1'!BX13+'[2]AHTS-2'!BX13+'[2]AHTS-3'!BX13+'[2]AHTS-4'!BX13+'[2]AHTS-5'!BX13+'[2]AHTS-6'!BX13+'[2]AHTS-7'!BX13+'[2]AHTS-8'!BX13+'[3]CB-1'!BX13+'[3]CB-2'!BX13+'[3]CB-3'!BX13+'[3]CB-4'!BX13+'[3]CB-5'!BX13+'[3]CB-6'!BX13+'[3]CB-7'!BX13+'[3]CB-8'!BX13+'[3]CB-9'!BX13+'[3]CB-10'!BX13+'[3]CB-11'!BX13+'[3]CB-12'!BX13+'[3]CB-13'!BX13+'[3]CB-14'!BX13+'[3]CB-15'!BX13+'[3]CB-16'!BX13+'[3]CB-17'!BX13+'[3]CB-18'!BX13+'[3]CB-19'!BX13+'[3]CB-20'!BX13+'[3]CB-21'!BX13+'[3]CB-22'!BX13+'[3]CB-23'!BX13+'[3]CB-24'!BX13+'[4]LCT-1'!BX13+'[4]LCT-2'!BX13+'[4]LCT-3'!BX13+'[4]LCT-4'!BX13+'[4]LCT-5'!BX13+'[4]LCT-6'!BX13+'[4]LCT-7'!BX13+'[4]LCT-8'!BX13+'[5]TB-1'!BX13+'[5]TB-2'!BX13+'[5]TB-3'!BX13+'[5]TB-4'!BX13+'[5]TB-5'!BX13+'[5]TB-6'!BX13+'[5]TB-7'!BX13+'[5]TB-8'!BX13+'[5]TB-9'!BX13+'[5]TB-10'!BX13+'[6]DSV-1'!BX13+'[6]DSV-2'!BX13+'[6]DSV-3'!BX13+'[7]TUB-1'!BX13+'[7]TUB-2'!BX13+'[8]Barge-1'!BX13+'[8]Barge-2'!BX13+'[8]Barge-3'!BX13+'[8]Barge-4'!BX13 -> 0 | W13: ='[2]AHTS-1'!CT13+'[2]AHTS-2'!CT13+'[2]AHTS-3'!CT13+'[2]AHTS-4'!CT13+'[2]AHTS-5'!CT13+'[2]AHTS-6'!CT13+'[2]AHTS-7'!CT13+'[2]AHTS-8'!CT13+'[3]CB-1'!CT13+'[3]CB-2'!CT13+'[3]CB-3'!CT13+'[3]CB-4'!CT13+'[3]CB-5'!CT13+'[3]CB-6'!CT13+'[3]CB-7'!CT13+'[3]CB-8'!CT13+'[3]CB-9'!CT13+'[3]CB-10'!CT13+'[3]CB-11'!CT13+'[3]CB-12'!CT13+'[3]CB-13'!CT13+'[3]CB-14'!CT13+'[3]CB-15'!CT13+'[3]CB-16'!CT13+'[3]CB-17'!CT13+'[3]CB-18'!CT13+'[3]CB-19'!CT13+'[3]CB-20'!CT13+'[3]CB-21'!CT13+'[3]CB-22'!CT13+'[3]CB-23'!CT13+'[3]CB-24'!CT13+'[4]LCT-1'!CT13+'[4]LCT-2'!CT13+'[4]LCT-3'!CT13+'[4]LCT-4'!CT13+'[4]LCT-5'!CT13+'[4]LCT-6'!CT13+'[4]LCT-7'!CT13+'[4]LCT-8'!CT13+'[5]TB-1'!CT13+'[5]TB-2'!CT13+'[5]TB-3'!CT13+'[5]TB-4'!CT13+'[5]TB-5'!CT13+'[5]TB-6'!CT13+'[5]TB-7'!CT13+'[5]TB-8'!CT13+'[5]TB-9'!CT13+'[5]TB-10'!CT13+'[6]DSV-1'!CT13+'[6]DSV-2'!CT13+'[6]DSV-3'!CT13+'[7]TUB-1'!CT13+'[7]TUB-2'!CT13+'[8]Barge-1'!CT13+'[8]Barge-2'!CT13+'[8]Barge-3'!CT13+'[8]Barge-4'!CT13 -> 0 | AA13: =[1]Control!AZ13 -> 45988 | AC13: ='[2]AHTS-1'!IC51+'[2]AHTS-2'!IC51+'[2]AHTS-3'!IC51+'[2]AHTS-4'!IC51+'[2]AHTS-5'!IC51+'[2]AHTS-6'!IC51+'[2]AHTS-7'!IC51+'[2]AHTS-8'!IC51+'[3]CB-1'!IC51+'[3]CB-2'!IC51+'[3]CB-3'!IC51+'[3]CB-4'!IC51+'[3]CB-5'!IC51+'[3]CB-6'!IC51+'[3]CB-7'!IC51+'[3]CB-8'!IC51+'[3]CB-9'!IC51+'[3]CB-10'!IC51+'[3]CB-11'!IC51+'[3]CB-12'!IC51+'[3]CB-13'!IC51+'[3]CB-14'!IC51+'[3]CB-15'!IC51+'[3]CB-16'!IC51+'[3]CB-17'!IC51+'[3]CB-18'!IC51+'[3]CB-19'!IC51+'[3]CB-20'!IC51+'[3]CB-21'!IC51+'[3]CB-22'!IC51+'[3]CB-23'!IC51+'[3]CB-24'!IC51+'[4]LCT-1'!IC51+'[4]LCT-2'!IC51+'[4]LCT-3'!IC51+'[4]LCT-4'!IC51+'[4]LCT-5'!IC51+'[4]LCT-6'!IC51+'[4]LCT-7'!IC51+'[4]LCT-8'!IC51+'[5]TB-1'!IC51+'[5]TB-2'!IC51+'[5]TB-3'!IC51+'[5]TB-4'!IC51+'[5]TB-5'!IC51+'[5]TB-6'!IC51+'[5]TB-7'!IC51+'[5]TB-8'!IC51+'[5]TB-9'!IC51+'[5]TB-10'!IC51+'[6]DSV-1'!IC51+'[6]DSV-2'!IC51+'[6]DSV-3'!IC51+'[7]TUB-1'!IC51+'[7]TUB-2'!IC51+'[8]Barge-1'!IC51+'[8]Barge-2'!IC51+'[8]Barge-3'!IC51+'[8]Barge-4'!IC51 -> 0 | AD13: ='[2]AHTS-1'!IC13+'[2]AHTS-2'!IC13+'[2]AHTS-3'!IC13+'[2]AHTS-4'!IC13+'[2]AHTS-5'!IC13+'[2]AHTS-6'!IC13+'[2]AHTS-7'!IC13+'[2]AHTS-8'!IC13+'[3]CB-1'!IC13+'[3]CB-2'!IC13+'[3]CB-3'!IC13+'[3]CB-4'!IC13+'[3]CB-5'!IC13+'[3]CB-6'!IC13+'[3]CB-7'!IC13+'[3]CB-8'!IC13+'[3]CB-9'!IC13+'[3]CB-10'!IC13+'[3]CB-11'!IC13+'[3]CB-12'!IC13+'[3]CB-13'!IC13+'[3]CB-14'!IC13+'[3]CB-15'!IC13+'[3]CB-16'!IC13+'[3]CB-17'!IC13+'[3]CB-18'!IC13+'[3]CB-19'!IC13+'[3]CB-20'!IC13+'[3]CB-21'!IC13+'[3]CB-22'!IC13+'[3]CB-23'!IC13+'[3]CB-24'!IC13+'[4]LCT-1'!IC13+'[4]LCT-2'!IC13+'[4]LCT-3'!IC13+'[4]LCT-4'!IC13+'[4]LCT-5'!IC13+'[4]LCT-6'!IC13+'[4]LCT-7'!IC13+'[4]LCT-8'!IC13+'[5]TB-1'!IC13+'[5]TB-2'!IC13+'[5]TB-3'!IC13+'[5]TB-4'!IC13+'[5]TB-5'!IC13+'[5]TB-6'!IC13+'[5]TB-7'!IC13+'[5]TB-8'!IC13+'[5]TB-9'!IC13+'[5]TB-10'!IC13+'[6]DSV-1'!IC13+'[6]DSV-2'!IC13+'[6]DSV-3'!IC13+'[7]TUB-1'!IC13+'[7]TUB-2'!IC13+'[8]Barge-1'!IC13+'[8]Barge-2'!IC13+'[8]Barge-3'!IC13+'[8]Barge-4'!IC13 -> 0 | AE13: ='[2]AHTS-1'!IC84+'[2]AHTS-2'!IC84+'[2]AHTS-3'!IC84+'[2]AHTS-4'!IC84+'[2]AHTS-5'!IC84+'[2]AHTS-6'!IC84+'[2]AHTS-7'!IC84+'[2]AHTS-8'!IC84+'[3]CB-1'!IC84+'[3]CB-2'!IC84+'[3]CB-3'!IC84+'[3]CB-4'!IC84+'[3]CB-5'!IC84+'[3]CB-6'!IC84+'[3]CB-7'!IC84+'[3]CB-8'!IC84+'[3]CB-9'!IC84+'[3]CB-10'!IC84+'[3]CB-11'!IC84+'[3]CB-12'!IC84+'[3]CB-13'!IC84+'[3]CB-14'!IC84+'[3]CB-15'!IC84+'[3]CB-16'!IC84+'[3]CB-17'!IC84+'[3]CB-18'!IC84+'[3]CB-19'!IC84+'[3]CB-20'!IC84+'[3]CB-21'!IC84+'[3]CB-22'!IC84+'[3]CB-23'!IC84+'[3]CB-24'!IC84+'[4]LCT-1'!IC84+'[4]LCT-2'!IC84+'[4]LCT-3'!IC84+'[4]LCT-4'!IC84+'[4]LCT-5'!IC84+'[4]LCT-6'!IC84+'[4]LCT-7'!IC84+'[4]LCT-8'!IC84+'[5]TB-1'!IC84+'[5]TB-2'!IC84+'[5]TB-3'!IC84+'[5]TB-4'!IC84+'[5]TB-5'!IC84+'[5]TB-6'!IC84+'[5]TB-7'!IC84+'[5]TB-8'!IC84+'[5]TB-9'!IC84+'[5]TB-10'!IC84+'[6]DSV-1'!IC84+'[6]DSV-2'!IC84+'[6]DSV-3'!IC84+'[7]TUB-1'!IC84+'[7]TUB-2'!IC84+'[8]Barge-1'!IC84+'[8]Barge-2'!IC84+'[8]Barge-3'!IC84+'[8]Barge-4'!IC84 -> 0 | AF13: ='[2]AHTS-1'!ID51+'[2]AHTS-2'!ID51+'[2]AHTS-3'!ID51+'[2]AHTS-4'!ID51+'[2]AHTS-5'!ID51+'[2]AHTS-6'!ID51+'[2]AHTS-7'!ID51+'[2]AHTS-8'!ID51+'[3]CB-1'!ID51+'[3]CB-2'!ID51+'[3]CB-3'!ID51+'[3]CB-4'!ID51+'[3]CB-5'!ID51+'[3]CB-6'!ID51+'[3]CB-7'!ID51+'[3]CB-8'!ID51+'[3]CB-9'!ID51+'[3]CB-10'!ID51+'[3]CB-11'!ID51+'[3]CB-12'!ID51+'[3]CB-13'!ID51+'[3]CB-14'!ID51+'[3]CB-15'!ID51+'[3]CB-16'!ID51+'[3]CB-17'!ID51+'[3]CB-18'!ID51+'[3]CB-19'!ID51+'[3]CB-20'!ID51+'[3]CB-21'!ID51+'[3]CB-22'!ID51+'[3]CB-23'!ID51+'[3]CB-24'!ID51+'[4]LCT-1'!ID51+'[4]LCT-2'!ID51+'[4]LCT-3'!ID51+'[4]LCT-4'!ID51+'[4]LCT-5'!ID51+'[4]LCT-6'!ID51+'[4]LCT-7'!ID51+'[4]LCT-8'!ID51+'[5]TB-1'!ID51+'[5]TB-2'!ID51+'[5]TB-3'!ID51+'[5]TB-4'!ID51+'[5]TB-5'!ID51+'[5]TB-6'!ID51+'[5]TB-7'!ID51+'[5]TB-8'!ID51+'[5]TB-9'!ID51+'[5]TB-10'!ID51+'[6]DSV-1'!ID51+'[6]DSV-2'!ID51+'[6]DSV-3'!ID51+'[7]TUB-1'!ID51+'[7]TUB-2'!ID51+'[8]Barge-1'!ID51+'[8]Barge-2'!ID51+'[8]Barge-3'!ID51+'[8]Barge-4'!ID51 -> 18132592 | AG13: ='[2]AHTS-1'!ID13+'[2]AHTS-2'!ID13+'[2]AHTS-3'!ID13+'[2]AHTS-4'!ID13+'[2]AHTS-5'!ID13+'[2]AHTS-6'!ID13+'[2]AHTS-7'!ID13+'[2]AHTS-8'!ID13+'[3]CB-1'!ID13+'[3]CB-2'!ID13+'[3]CB-3'!ID13+'[3]CB-4'!ID13+'[3]CB-5'!ID13+'[3]CB-6'!ID13+'[3]CB-7'!ID13+'[3]CB-8'!ID13+'[3]CB-9'!ID13+'[3]CB-10'!ID13+'[3]CB-11'!ID13+'[3]CB-12'!ID13+'[3]CB-13'!ID13+'[3]CB-14'!ID13+'[3]CB-15'!ID13+'[3]CB-16'!ID13+'[3]CB-17'!ID13+'[3]CB-18'!ID13+'[3]CB-19'!ID13+'[3]CB-20'!ID13+'[3]CB-21'!ID13+'[3]CB-22'!ID13+'[3]CB-23'!ID13+'[3]CB-24'!ID13+'[4]LCT-1'!ID13+'[4]LCT-2'!ID13+'[4]LCT-3'!ID13+'[4]LCT-4'!ID13+'[4]LCT-5'!ID13+'[4]LCT-6'!ID13+'[4]LCT-7'!ID13+'[4]LCT-8'!ID13+'[5]TB-1'!ID13+'[5]TB-2'!ID13+'[5]TB-3'!ID13+'[5]TB-4'!ID13+'[5]TB-5'!ID13+'[5]TB-6'!ID13+'[5]TB-7'!ID13+'[5]TB-8'!ID13+'[5]TB-9'!ID13+'[5]TB-10'!ID13+'[6]DSV-1'!ID13+'[6]DSV-2'!ID13+'[6]DSV-3'!ID13+'[7]TUB-1'!ID13+'[7]TUB-2'!ID13+'[8]Barge-1'!ID13+'[8]Barge-2'!ID13+'[8]Barge-3'!ID13+'[8]Barge-4'!ID13 -> 19752778 | AH13: ='[2]AHTS-1'!ID84+'[2]AHTS-2'!ID84+'[2]AHTS-3'!ID84+'[2]AHTS-4'!ID84+'[2]AHTS-5'!ID84+'[2]AHTS-6'!ID84+'[2]AHTS-7'!ID84+'[2]AHTS-8'!ID84+'[3]CB-1'!ID84+'[3]CB-2'!ID84+'[3]CB-3'!ID84+'[3]CB-4'!ID84+'[3]CB-5'!ID84+'[3]CB-6'!ID84+'[3]CB-7'!ID84+'[3]CB-8'!ID84+'[3]CB-9'!ID84+'[3]CB-10'!ID84+'[3]CB-11'!ID84+'[3]CB-12'!ID84+'[3]CB-13'!ID84+'[3]CB-14'!ID84+'[3]CB-15'!ID84+'[3]CB-16'!ID84+'[3]CB-17'!ID84+'[3]CB-18'!ID84+'[3]CB-19'!ID84+'[3]CB-20'!ID84+'[3]CB-21'!ID84+'[3]CB-22'!ID84+'[3]CB-23'!ID84+'[3]CB-24'!ID84+'[4]LCT-1'!ID84+'[4]LCT-2'!ID84+'[4]LCT-3'!ID84+'[4]LCT-4'!ID84+'[4]LCT-5'!ID84+'[4]LCT-6'!ID84+'[4]LCT-7'!ID84+'[4]LCT-8'!ID84+'[5]TB-1'!ID84+'[5]TB-2'!ID84+'[5]TB-3'!ID84+'[5]TB-4'!ID84+'[5]TB-5'!ID84+'[5]TB-6'!ID84+'[5]TB-7'!ID84+'[5]TB-8'!ID84+'[5]TB-9'!ID84+'[5]TB-10'!ID84+'[6]DSV-1'!ID84+'[6]DSV-2'!ID84+'[6]DSV-3'!ID84+'[7]TUB-1'!ID84+'[7]TUB-2'!ID84+'[8]Barge-1'!ID84+'[8]Barge-2'!ID84+'[8]Barge-3'!ID84+'[8]Barge-4'!ID84 -> 0 | AI13: ='[2]AHTS-1'!IE51+'[2]AHTS-2'!IE51+'[2]AHTS-3'!IE51+'[2]AHTS-4'!IE51+'[2]AHTS-5'!IE51+'[2]AHTS-6'!IE51+'[2]AHTS-7'!IE51+'[2]AHTS-8'!IE51+'[3]CB-1'!IE51+'[3]CB-2'!IE51+'[3]CB-3'!IE51+'[3]CB-4'!IE51+'[3]CB-5'!IE51+'[3]CB-6'!IE51+'[3]CB-7'!IE51+'[3]CB-8'!IE51+'[3]CB-9'!IE51+'[3]CB-10'!IE51+'[3]CB-11'!IE51+'[3]CB-12'!IE51+'[3]CB-13'!IE51+'[3]CB-14'!IE51+'[3]CB-15'!IE51+'[3]CB-16'!IE51+'[3]CB-17'!IE51+'[3]CB-18'!IE51+'[3]CB-19'!IE51+'[3]CB-20'!IE51+'[3]CB-21'!IE51+'[3]CB-22'!IE51+'[3]CB-23'!IE51+'[3]CB-24'!IE51+'[4]LCT-1'!IE51+'[4]LCT-2'!IE51+'[4]LCT-3'!IE51+'[4]LCT-4'!IE51+'[4]LCT-5'!IE51+'[4]LCT-6'!IE51+'[4]LCT-7'!IE51+'[4]LCT-8'!IE51+'[5]TB-1'!IE51+'[5]TB-2'!IE51+'[5]TB-3'!IE51+'[5]TB-4'!IE51+'[5]TB-5'!IE51+'[5]TB-6'!IE51+'[5]TB-7'!IE51+'[5]TB-8'!IE51+'[5]TB-9'!IE51+'[5]TB-10'!IE51+'[6]DSV-1'!IE51+'[6]DSV-2'!IE51+'[6]DSV-3'!IE51+'[7]TUB-1'!IE51+'[7]TUB-2'!IE51+'[8]Barge-1'!IE51+'[8]Barge-2'!IE51+'[8]Barge-3'!IE51+'[8]Barge-4'!IE51 -> 39333774 | AJ13: ='[2]AHTS-1'!IE13+'[2]AHTS-2'!IE13+'[2]AHTS-3'!IE13+'[2]AHTS-4'!IE13+'[2]AHTS-5'!IE13+'[2]AHTS-6'!IE13+'[2]AHTS-7'!IE13+'[2]AHTS-8'!IE13+'[3]CB-1'!IE13+'[3]CB-2'!IE13+'[3]CB-3'!IE13+'[3]CB-4'!IE13+'[3]CB-5'!IE13+'[3]CB-6'!IE13+'[3]CB-7'!IE13+'[3]CB-8'!IE13+'[3]CB-9'!IE13+'[3]CB-10'!IE13+'[3]CB-11'!IE13+'[3]CB-12'!IE13+'[3]CB-13'!IE13+'[3]CB-14'!IE13+'[3]CB-15'!IE13+'[3]CB-16'!IE13+'[3]CB-17'!IE13+'[3]CB-18'!IE13+'[3]CB-19'!IE13+'[3]CB-20'!IE13+'[3]CB-21'!IE13+'[3]CB-22'!IE13+'[3]CB-23'!IE13+'[3]CB-24'!IE13+'[4]LCT-1'!IE13+'[4]LCT-2'!IE13+'[4]LCT-3'!IE13+'[4]LCT-4'!IE13+'[4]LCT-5'!IE13+'[4]LCT-6'!IE13+'[4]LCT-7'!IE13+'[4]LCT-8'!IE13+'[5]TB-1'!IE13+'[5]TB-2'!IE13+'[5]TB-3'!IE13+'[5]TB-4'!IE13+'[5]TB-5'!IE13+'[5]TB-6'!IE13+'[5]TB-7'!IE13+'[5]TB-8'!IE13+'[5]TB-9'!IE13+'[5]TB-10'!IE13+'[6]DSV-1'!IE13+'[6]DSV-2'!IE13+'[6]DSV-3'!IE13+'[7]TUB-1'!IE13+'[7]TUB-2'!IE13+'[8]Barge-1'!IE13+'[8]Barge-2'!IE13+'[8]Barge-3'!IE13+'[8]Barge-4'!IE13 -> 32830556 | AK13: ='[2]AHTS-1'!IE84+'[2]AHTS-2'!IE84+'[2]AHTS-3'!IE84+'[2]AHTS-4'!IE84+'[2]AHTS-5'!IE84+'[2]AHTS-6'!IE84+'[2]AHTS-7'!IE84+'[2]AHTS-8'!IE84+'[3]CB-1'!IE84+'[3]CB-2'!IE84+'[3]CB-3'!IE84+'[3]CB-4'!IE84+'[3]CB-5'!IE84+'[3]CB-6'!IE84+'[3]CB-7'!IE84+'[3]CB-8'!IE84+'[3]CB-9'!IE84+'[3]CB-10'!IE84+'[3]CB-11'!IE84+'[3]CB-12'!IE84+'[3]CB-13'!IE84+'[3]CB-14'!IE84+'[3]CB-15'!IE84+'[3]CB-16'!IE84+'[3]CB-17'!IE84+'[3]CB-18'!IE84+'[3]CB-19'!IE84+'[3]CB-20'!IE84+'[3]CB-21'!IE84+'[3]CB-22'!IE84+'[3]CB-23'!IE84+'[3]CB-24'!IE84+'[4]LCT-1'!IE84+'[4]LCT-2'!IE84+'[4]LCT-3'!IE84+'[4]LCT-4'!IE84+'[4]LCT-5'!IE84+'[4]LCT-6'!IE84+'[4]LCT-7'!IE84+'[4]LCT-8'!IE84+'[5]TB-1'!IE84+'[5]TB-2'!IE84+'[5]TB-3'!IE84+'[5]TB-4'!IE84+'[5]TB-5'!IE84+'[5]TB-6'!IE84+'[5]TB-7'!IE84+'[5]TB-8'!IE84+'[5]TB-9'!IE84+'[5]TB-10'!IE84+'[6]DSV-1'!IE84+'[6]DSV-2'!IE84+'[6]DSV-3'!IE84+'[7]TUB-1'!IE84+'[7]TUB-2'!IE84+'[8]Barge-1'!IE84+'[8]Barge-2'!IE84+'[8]Barge-3'!IE84+'[8]Barge-4'!IE84 -> 0 | AL13: ='[2]AHTS-1'!IF51+'[2]AHTS-2'!IF51+'[2]AHTS-3'!IF51+'[2]AHTS-4'!IF51+'[2]AHTS-5'!IF51+'[2]AHTS-6'!IF51+'[2]AHTS-7'!IF51+'[2]AHTS-8'!IF51+'[3]CB-1'!IF51+'[3]CB-2'!IF51+'[3]CB-3'!IF51+'[3]CB-4'!IF51+'[3]CB-5'!IF51+'[3]CB-6'!IF51+'[3]CB-7'!IF51+'[3]CB-8'!IF51+'[3]CB-9'!IF51+'[3]CB-10'!IF51+'[3]CB-11'!IF51+'[3]CB-12'!IF51+'[3]CB-13'!IF51+'[3]CB-14'!IF51+'[3]CB-15'!IF51+'[3]CB-16'!IF51+'[3]CB-17'!IF51+'[3]CB-18'!IF51+'[3]CB-19'!IF51+'[3]CB-20'!IF51+'[3]CB-21'!IF51+'[3]CB-22'!IF51+'[3]CB-23'!IF51+'[3]CB-24'!IF51+'[4]LCT-1'!IF51+'[4]LCT-2'!IF51+'[4]LCT-3'!IF51+'[4]LCT-4'!IF51+'[4]LCT-5'!IF51+'[4]LCT-6'!IF51+'[4]LCT-7'!IF51+'[4]LCT-8'!IF51+'[5]TB-1'!IF51+'[5]TB-2'!IF51+'[5]TB-3'!IF51+'[5]TB-4'!IF51+'[5]TB-5'!IF51+'[5]TB-6'!IF51+'[5]TB-7'!IF51+'[5]TB-8'!IF51+'[5]TB-9'!IF51+'[5]TB-10'!IF51+'[6]DSV-1'!IF51+'[6]DSV-2'!IF51+'[6]DSV-3'!IF51+'[7]TUB-1'!IF51+'[7]TUB-2'!IF51+'[8]Barge-1'!IF51+'[8]Barge-2'!IF51+'[8]Barge-3'!IF51+'[8]Barge-4'!IF51 -> 44381815 | AM13: ='[2]AHTS-1'!IF13+'[2]AHTS-2'!IF13+'[2]AHTS-3'!IF13+'[2]AHTS-4'!IF13+'[2]AHTS-5'!IF13+'[2]AHTS-6'!IF13+'[2]AHTS-7'!IF13+'[2]AHTS-8'!IF13+'[3]CB-1'!IF13+'[3]CB-2'!IF13+'[3]CB-3'!IF13+'[3]CB-4'!IF13+'[3]CB-5'!IF13+'[3]CB-6'!IF13+'[3]CB-7'!IF13+'[3]CB-8'!IF13+'[3]CB-9'!IF13+'[3]CB-10'!IF13+'[3]CB-11'!IF13+'[3]CB-12'!IF13+'[3]CB-13'!IF13+'[3]CB-14'!IF13+'[3]CB-15'!IF13+'[3]CB-16'!IF13+'[3]CB-17'!IF13+'[3]CB-18'!IF13+'[3]CB-19'!IF13+'[3]CB-20'!IF13+'[3]CB-21'!IF13+'[3]CB-22'!IF13+'[3]CB-23'!IF13+'[3]CB-24'!IF13+'[4]LCT-1'!IF13+'[4]LCT-2'!IF13+'[4]LCT-3'!IF13+'[4]LCT-4'!IF13+'[4]LCT-5'!IF13+'[4]LCT-6'!IF13+'[4]LCT-7'!IF13+'[4]LCT-8'!IF13+'[5]TB-1'!IF13+'[5]TB-2'!IF13+'[5]TB-3'!IF13+'[5]TB-4'!IF13+'[5]TB-5'!IF13+'[5]TB-6'!IF13+'[5]TB-7'!IF13+'[5]TB-8'!IF13+'[5]TB-9'!IF13+'[5]TB-10'!IF13+'[6]DSV-1'!IF13+'[6]DSV-2'!IF13+'[6]DSV-3'!IF13+'[7]TUB-1'!IF13+'[7]TUB-2'!IF13+'[8]Barge-1'!IF13+'[8]Barge-2'!IF13+'[8]Barge-3'!IF13+'[8]Barge-4'!IF13 -> 31203750 | AN13: ='[2]AHTS-1'!IF84+'[2]AHTS-2'!IF84+'[2]AHTS-3'!IF84+'[2]AHTS-4'!IF84+'[2]AHTS-5'!IF84+'[2]AHTS-6'!IF84+'[2]AHTS-7'!IF84+'[2]AHTS-8'!IF84+'[3]CB-1'!IF84+'[3]CB-2'!IF84+'[3]CB-3'!IF84+'[3]CB-4'!IF84+'[3]CB-5'!IF84+'[3]CB-6'!IF84+'[3]CB-7'!IF84+'[3]CB-8'!IF84+'[3]CB-9'!IF84+'[3]CB-10'!IF84+'[3]CB-11'!IF84+'[3]CB-12'!IF84+'[3]CB-13'!IF84+'[3]CB-14'!IF84+'[3]CB-15'!IF84+'[3]CB-16'!IF84+'[3]CB-17'!IF84+'[3]CB-18'!IF84+'[3]CB-19'!IF84+'[3]CB-20'!IF84+'[3]CB-21'!IF84+'[3]CB-22'!IF84+'[3]CB-23'!IF84+'[3]CB-24'!IF84+'[4]LCT-1'!IF84+'[4]LCT-2'!IF84+'[4]LCT-3'!IF84+'[4]LCT-4'!IF84+'[4]LCT-5'!IF84+'[4]LCT-6'!IF84+'[4]LCT-7'!IF84+'[4]LCT-8'!IF84+'[5]TB-1'!IF84+'[5]TB-2'!IF84+'[5]TB-3'!IF84+'[5]TB-4'!IF84+'[5]TB-5'!IF84+'[5]TB-6'!IF84+'[5]TB-7'!IF84+'[5]TB-8'!IF84+'[5]TB-9'!IF84+'[5]TB-10'!IF84+'[6]DSV-1'!IF84+'[6]DSV-2'!IF84+'[6]DSV-3'!IF84+'[7]TUB-1'!IF84+'[7]TUB-2'!IF84+'[8]Barge-1'!IF84+'[8]Barge-2'!IF84+'[8]Barge-3'!IF84+'[8]Barge-4'!IF84 -> 0 | AO13: ='[2]AHTS-1'!IG51+'[2]AHTS-2'!IG51+'[2]AHTS-3'!IG51+'[2]AHTS-4'!IG51+'[2]AHTS-5'!IG51+'[2]AHTS-6'!IG51+'[2]AHTS-7'!IG51+'[2]AHTS-8'!IG51+'[3]CB-1'!IG51+'[3]CB-2'!IG51+'[3]CB-3'!IG51+'[3]CB-4'!IG51+'[3]CB-5'!IG51+'[3]CB-6'!IG51+'[3]CB-7'!IG51+'[3]CB-8'!IG51+'[3]CB-9'!IG51+'[3]CB-10'!IG51+'[3]CB-11'!IG51+'[3]CB-12'!IG51+'[3]CB-13'!IG51+'[3]CB-14'!IG51+'[3]CB-15'!IG51+'[3]CB-16'!IG51+'[3]CB-17'!IG51+'[3]CB-18'!IG51+'[3]CB-19'!IG51+'[3]CB-20'!IG51+'[3]CB-21'!IG51+'[3]CB-22'!IG51+'[3]CB-23'!IG51+'[3]CB-24'!IG51+'[4]LCT-1'!IG51+'[4]LCT-2'!IG51+'[4]LCT-3'!IG51+'[4]LCT-4'!IG51+'[4]LCT-5'!IG51+'[4]LCT-6'!IG51+'[4]LCT-7'!IG51+'[4]LCT-8'!IG51+'[5]TB-1'!IG51+'[5]TB-2'!IG51+'[5]TB-3'!IG51+'[5]TB-4'!IG51+'[5]TB-5'!IG51+'[5]TB-6'!IG51+'[5]TB-7'!IG51+'[5]TB-8'!IG51+'[5]TB-9'!IG51+'[5]TB-10'!IG51+'[6]DSV-1'!IG51+'[6]DSV-2'!IG51+'[6]DSV-3'!IG51+'[7]TUB-1'!IG51+'[7]TUB-2'!IG51+'[8]Barge-1'!IG51+'[8]Barge-2'!IG51+'[8]Barge-3'!IG51+'[8]Barge-4'!IG51 -> 183033.33 | AP13: ='[2]AHTS-1'!IG13+'[2]AHTS-2'!IG13+'[2]AHTS-3'!IG13+'[2]AHTS-4'!IG13+'[2]AHTS-5'!IG13+'[2]AHTS-6'!IG13+'[2]AHTS-7'!IG13+'[2]AHTS-8'!IG13+'[3]CB-1'!IG13+'[3]CB-2'!IG13+'[3]CB-3'!IG13+'[3]CB-4'!IG13+'[3]CB-5'!IG13+'[3]CB-6'!IG13+'[3]CB-7'!IG13+'[3]CB-8'!IG13+'[3]CB-9'!IG13+'[3]CB-10'!IG13+'[3]CB-11'!IG13+'[3]CB-12'!IG13+'[3]CB-13'!IG13+'[3]CB-14'!IG13+'[3]CB-15'!IG13+'[3]CB-16'!IG13+'[3]CB-17'!IG13+'[3]CB-18'!IG13+'[3]CB-19'!IG13+'[3]CB-20'!IG13+'[3]CB-21'!IG13+'[3]CB-22'!IG13+'[3]CB-23'!IG13+'[3]CB-24'!IG13+'[4]LCT-1'!IG13+'[4]LCT-2'!IG13+'[4]LCT-3'!IG13+'[4]LCT-4'!IG13+'[4]LCT-5'!IG13+'[4]LCT-6'!IG13+'[4]LCT-7'!IG13+'[4]LCT-8'!IG13+'[5]TB-1'!IG13+'[5]TB-2'!IG13+'[5]TB-3'!IG13+'[5]TB-4'!IG13+'[5]TB-5'!IG13+'[5]TB-6'!IG13+'[5]TB-7'!IG13+'[5]TB-8'!IG13+'[5]TB-9'!IG13+'[5]TB-10'!IG13+'[6]DSV-1'!IG13+'[6]DSV-2'!IG13+'[6]DSV-3'!IG13+'[7]TUB-1'!IG13+'[7]TUB-2'!IG13+'[8]Barge-1'!IG13+'[8]Barge-2'!IG13+'[8]Barge-3'!IG13+'[8]Barge-4'!IG13 -> 1083333.3 | AQ13: ='[2]AHTS-1'!IG84+'[2]AHTS-2'!IG84+'[2]AHTS-3'!IG84+'[2]AHTS-4'!IG84+'[2]AHTS-5'!IG84+'[2]AHTS-6'!IG84+'[2]AHTS-7'!IG84+'[2]AHTS-8'!IG84+'[3]CB-1'!IG84+'[3]CB-2'!IG84+'[3]CB-3'!IG84+'[3]CB-4'!IG84+'[3]CB-5'!IG84+'[3]CB-6'!IG84+'[3]CB-7'!IG84+'[3]CB-8'!IG84+'[3]CB-9'!IG84+'[3]CB-10'!IG84+'[3]CB-11'!IG84+'[3]CB-12'!IG84+'[3]CB-13'!IG84+'[3]CB-14'!IG84+'[3]CB-15'!IG84+'[3]CB-16'!IG84+'[3]CB-17'!IG84+'[3]CB-18'!IG84+'[3]CB-19'!IG84+'[3]CB-20'!IG84+'[3]CB-21'!IG84+'[3]CB-22'!IG84+'[3]CB-23'!IG84+'[3]CB-24'!IG84+'[4]LCT-1'!IG84+'[4]LCT-2'!IG84+'[4]LCT-3'!IG84+'[4]LCT-4'!IG84+'[4]LCT-5'!IG84+'[4]LCT-6'!IG84+'[4]LCT-7'!IG84+'[4]LCT-8'!IG84+'[5]TB-1'!IG84+'[5]TB-2'!IG84+'[5]TB-3'!IG84+'[5]TB-4'!IG84+'[5]TB-5'!IG84+'[5]TB-6'!IG84+'[5]TB-7'!IG84+'[5]TB-8'!IG84+'[5]TB-9'!IG84+'[5]TB-10'!IG84+'[6]DSV-1'!IG84+'[6]DSV-2'!IG84+'[6]DSV-3'!IG84+'[7]TUB-1'!IG84+'[7]TUB-2'!IG84+'[8]Barge-1'!IG84+'[8]Barge-2'!IG84+'[8]Barge-3'!IG84+'[8]Barge-4'!IG84 -> 0 | AR13: ='[2]AHTS-1'!IH51+'[2]AHTS-2'!IH51+'[2]AHTS-3'!IH51+'[2]AHTS-4'!IH51+'[2]AHTS-5'!IH51+'[2]AHTS-6'!IH51+'[2]AHTS-7'!IH51+'[2]AHTS-8'!IH51+'[3]CB-1'!IH51+'[3]CB-2'!IH51+'[3]CB-3'!IH51+'[3]CB-4'!IH51+'[3]CB-5'!IH51+'[3]CB-6'!IH51+'[3]CB-7'!IH51+'[3]CB-8'!IH51+'[3]CB-9'!IH51+'[3]CB-10'!IH51+'[3]CB-11'!IH51+'[3]CB-12'!IH51+'[3]CB-13'!IH51+'[3]CB-14'!IH51+'[3]CB-15'!IH51+'[3]CB-16'!IH51+'[3]CB-17'!IH51+'[3]CB-18'!IH51+'[3]CB-19'!IH51+'[3]CB-20'!IH51+'[3]CB-21'!IH51+'[3]CB-22'!IH51+'[3]CB-23'!IH51+'[3]CB-24'!IH51+'[4]LCT-1'!IH51+'[4]LCT-2'!IH51+'[4]LCT-3'!IH51+'[4]LCT-4'!IH51+'[4]LCT-5'!IH51+'[4]LCT-6'!IH51+'[4]LCT-7'!IH51+'[4]LCT-8'!IH51+'[5]TB-1'!IH51+'[5]TB-2'!IH51+'[5]TB-3'!IH51+'[5]TB-4'!IH51+'[5]TB-5'!IH51+'[5]TB-6'!IH51+'[5]TB-7'!IH51+'[5]TB-8'!IH51+'[5]TB-9'!IH51+'[5]TB-10'!IH51+'[6]DSV-1'!IH51+'[6]DSV-2'!IH51+'[6]DSV-3'!IH51+'[7]TUB-1'!IH51+'[7]TUB-2'!IH51+'[8]Barge-1'!IH51+'[8]Barge-2'!IH51+'[8]Barge-3'!IH51+'[8]Barge-4'!IH51 -> 69584967 | AS13: ='[2]AHTS-1'!IH13+'[2]AHTS-2'!IH13+'[2]AHTS-3'!IH13+'[2]AHTS-4'!IH13+'[2]AHTS-5'!IH13+'[2]AHTS-6'!IH13+'[2]AHTS-7'!IH13+'[2]AHTS-8'!IH13+'[3]CB-1'!IH13+'[3]CB-2'!IH13+'[3]CB-3'!IH13+'[3]CB-4'!IH13+'[3]CB-5'!IH13+'[3]CB-6'!IH13+'[3]CB-7'!IH13+'[3]CB-8'!IH13+'[3]CB-9'!IH13+'[3]CB-10'!IH13+'[3]CB-11'!IH13+'[3]CB-12'!IH13+'[3]CB-13'!IH13+'[3]CB-14'!IH13+'[3]CB-15'!IH13+'[3]CB-16'!IH13+'[3]CB-17'!IH13+'[3]CB-18'!IH13+'[3]CB-19'!IH13+'[3]CB-20'!IH13+'[3]CB-21'!IH13+'[3]CB-22'!IH13+'[3]CB-23'!IH13+'[3]CB-24'!IH13+'[4]LCT-1'!IH13+'[4]LCT-2'!IH13+'[4]LCT-3'!IH13+'[4]LCT-4'!IH13+'[4]LCT-5'!IH13+'[4]LCT-6'!IH13+'[4]LCT-7'!IH13+'[4]LCT-8'!IH13+'[5]TB-1'!IH13+'[5]TB-2'!IH13+'[5]TB-3'!IH13+'[5]TB-4'!IH13+'[5]TB-5'!IH13+'[5]TB-6'!IH13+'[5]TB-7'!IH13+'[5]TB-8'!IH13+'[5]TB-9'!IH13+'[5]TB-10'!IH13+'[6]DSV-1'!IH13+'[6]DSV-2'!IH13+'[6]DSV-3'!IH13+'[7]TUB-1'!IH13+'[7]TUB-2'!IH13+'[8]Barge-1'!IH13+'[8]Barge-2'!IH13+'[8]Barge-3'!IH13+'[8]Barge-4'!IH13 -> 76650000 | AT13: ='[2]AHTS-1'!IH84+'[2]AHTS-2'!IH84+'[2]AHTS-3'!IH84+'[2]AHTS-4'!IH84+'[2]AHTS-5'!IH84+'[2]AHTS-6'!IH84+'[2]AHTS-7'!IH84+'[2]AHTS-8'!IH84+'[3]CB-1'!IH84+'[3]CB-2'!IH84+'[3]CB-3'!IH84+'[3]CB-4'!IH84+'[3]CB-5'!IH84+'[3]CB-6'!IH84+'[3]CB-7'!IH84+'[3]CB-8'!IH84+'[3]CB-9'!IH84+'[3]CB-10'!IH84+'[3]CB-11'!IH84+'[3]CB-12'!IH84+'[3]CB-13'!IH84+'[3]CB-14'!IH84+'[3]CB-15'!IH84+'[3]CB-16'!IH84+'[3]CB-17'!IH84+'[3]CB-18'!IH84+'[3]CB-19'!IH84+'[3]CB-20'!IH84+'[3]CB-21'!IH84+'[3]CB-22'!IH84+'[3]CB-23'!IH84+'[3]CB-24'!IH84+'[4]LCT-1'!IH84+'[4]LCT-2'!IH84+'[4]LCT-3'!IH84+'[4]LCT-4'!IH84+'[4]LCT-5'!IH84+'[4]LCT-6'!IH84+'[4]LCT-7'!IH84+'[4]LCT-8'!IH84+'[5]TB-1'!IH84+'[5]TB-2'!IH84+'[5]TB-3'!IH84+'[5]TB-4'!IH84+'[5]TB-5'!IH84+'[5]TB-6'!IH84+'[5]TB-7'!IH84+'[5]TB-8'!IH84+'[5]TB-9'!IH84+'[5]TB-10'!IH84+'[6]DSV-1'!IH84+'[6]DSV-2'!IH84+'[6]DSV-3'!IH84+'[7]TUB-1'!IH84+'[7]TUB-2'!IH84+'[8]Barge-1'!IH84+'[8]Barge-2'!IH84+'[8]Barge-3'!IH84+'[8]Barge-4'!IH84 -> 0 | AU13: ='[2]AHTS-1'!II51+'[2]AHTS-2'!II51+'[2]AHTS-3'!II51+'[2]AHTS-4'!II51+'[2]AHTS-5'!II51+'[2]AHTS-6'!II51+'[2]AHTS-7'!II51+'[2]AHTS-8'!II51+'[3]CB-1'!II51+'[3]CB-2'!II51+'[3]CB-3'!II51+'[3]CB-4'!II51+'[3]CB-5'!II51+'[3]CB-6'!II51+'[3]CB-7'!II51+'[3]CB-8'!II51+'[3]CB-9'!II51+'[3]CB-10'!II51+'[3]CB-11'!II51+'[3]CB-12'!II51+'[3]CB-13'!II51+'[3]CB-14'!II51+'[3]CB-15'!II51+'[3]CB-16'!II51+'[3]CB-17'!II51+'[3]CB-18'!II51+'[3]CB-19'!II51+'[3]CB-20'!II51+'[3]CB-21'!II51+'[3]CB-22'!II51+'[3]CB-23'!II51+'[3]CB-24'!II51+'[4]LCT-1'!II51+'[4]LCT-2'!II51+'[4]LCT-3'!II51+'[4]LCT-4'!II51+'[4]LCT-5'!II51+'[4]LCT-6'!II51+'[4]LCT-7'!II51+'[4]LCT-8'!II51+'[5]TB-1'!II51+'[5]TB-2'!II51+'[5]TB-3'!II51+'[5]TB-4'!II51+'[5]TB-5'!II51+'[5]TB-6'!II51+'[5]TB-7'!II51+'[5]TB-8'!II51+'[5]TB-9'!II51+'[5]TB-10'!II51+'[6]DSV-1'!II51+'[6]DSV-2'!II51+'[6]DSV-3'!II51+'[7]TUB-1'!II51+'[7]TUB-2'!II51+'[8]Barge-1'!II51+'[8]Barge-2'!II51+'[8]Barge-3'!II51+'[8]Barge-4'!II51 -> 0 | AV13: ='[2]AHTS-1'!II13+'[2]AHTS-2'!II13+'[2]AHTS-3'!II13+'[2]AHTS-4'!II13+'[2]AHTS-5'!II13+'[2]AHTS-6'!II13+'[2]AHTS-7'!II13+'[2]AHTS-8'!II13+'[3]CB-1'!II13+'[3]CB-2'!II13+'[3]CB-3'!II13+'[3]CB-4'!II13+'[3]CB-5'!II13+'[3]CB-6'!II13+'[3]CB-7'!II13+'[3]CB-8'!II13+'[3]CB-9'!II13+'[3]CB-10'!II13+'[3]CB-11'!II13+'[3]CB-12'!II13+'[3]CB-13'!II13+'[3]CB-14'!II13+'[3]CB-15'!II13+'[3]CB-16'!II13+'[3]CB-17'!II13+'[3]CB-18'!II13+'[3]CB-19'!II13+'[3]CB-20'!II13+'[3]CB-21'!II13+'[3]CB-22'!II13+'[3]CB-23'!II13+'[3]CB-24'!II13+'[4]LCT-1'!II13+'[4]LCT-2'!II13+'[4]LCT-3'!II13+'[4]LCT-4'!II13+'[4]LCT-5'!II13+'[4]LCT-6'!II13+'[4]LCT-7'!II13+'[4]LCT-8'!II13+'[5]TB-1'!II13+'[5]TB-2'!II13+'[5]TB-3'!II13+'[5]TB-4'!II13+'[5]TB-5'!II13+'[5]TB-6'!II13+'[5]TB-7'!II13+'[5]TB-8'!II13+'[5]TB-9'!II13+'[5]TB-10'!II13+'[6]DSV-1'!II13+'[6]DSV-2'!II13+'[6]DSV-3'!II13+'[7]TUB-1'!II13+'[7]TUB-2'!II13+'[8]Barge-1'!II13+'[8]Barge-2'!II13+'[8]Barge-3'!II13+'[8]Barge-4'!II13 -> 0 | AW13: ='[2]AHTS-1'!II84+'[2]AHTS-2'!II84+'[2]AHTS-3'!II84+'[2]AHTS-4'!II84+'[2]AHTS-5'!II84+'[2]AHTS-6'!II84+'[2]AHTS-7'!II84+'[2]AHTS-8'!II84+'[3]CB-1'!II84+'[3]CB-2'!II84+'[3]CB-3'!II84+'[3]CB-4'!II84+'[3]CB-5'!II84+'[3]CB-6'!II84+'[3]CB-7'!II84+'[3]CB-8'!II84+'[3]CB-9'!II84+'[3]CB-10'!II84+'[3]CB-11'!II84+'[3]CB-12'!II84+'[3]CB-13'!II84+'[3]CB-14'!II84+'[3]CB-15'!II84+'[3]CB-16'!II84+'[3]CB-17'!II84+'[3]CB-18'!II84+'[3]CB-19'!II84+'[3]CB-20'!II84+'[3]CB-21'!II84+'[3]CB-22'!II84+'[3]CB-23'!II84+'[3]CB-24'!II84+'[4]LCT-1'!II84+'[4]LCT-2'!II84+'[4]LCT-3'!II84+'[4]LCT-4'!II84+'[4]LCT-5'!II84+'[4]LCT-6'!II84+'[4]LCT-7'!II84+'[4]LCT-8'!II84+'[5]TB-1'!II84+'[5]TB-2'!II84+'[5]TB-3'!II84+'[5]TB-4'!II84+'[5]TB-5'!II84+'[5]TB-6'!II84+'[5]TB-7'!II84+'[5]TB-8'!II84+'[5]TB-9'!II84+'[5]TB-10'!II84+'[6]DSV-1'!II84+'[6]DSV-2'!II84+'[6]DSV-3'!II84+'[7]TUB-1'!II84+'[7]TUB-2'!II84+'[8]Barge-1'!II84+'[8]Barge-2'!II84+'[8]Barge-3'!II84+'[8]Barge-4'!II84 -> 0
A14: =[1]Control!AZ14 -> 45989 | C14: ='[2]AHTS-1'!AV14+'[2]AHTS-2'!AV14+'[2]AHTS-3'!AV14+'[2]AHTS-4'!AV14+'[2]AHTS-5'!AV14+'[2]AHTS-6'!AV14+'[2]AHTS-7'!AV14+'[2]AHTS-8'!AV14+'[3]CB-1'!AV14+'[3]CB-2'!AV14+'[3]CB-3'!AV14+'[3]CB-4'!AV14+'[3]CB-5'!AV14+'[3]CB-6'!AV14+'[3]CB-7'!AV14+'[3]CB-8'!AV14+'[3]CB-9'!AV14+'[3]CB-10'!AV14+'[3]CB-11'!AV14+'[3]CB-12'!AV14+'[3]CB-13'!AV14+'[3]CB-14'!AV14+'[3]CB-15'!AV14+'[3]CB-16'!AV14+'[3]CB-17'!AV14+'[3]CB-18'!AV14+'[3]CB-19'!AV14+'[3]CB-20'!AV14+'[3]CB-21'!AV14+'[3]CB-22'!AV14+'[3]CB-23'!AV14+'[3]CB-24'!AV14+'[4]LCT-1'!AV14+'[4]LCT-2'!AV14+'[4]LCT-3'!AV14+'[4]LCT-4'!AV14+'[4]LCT-5'!AV14+'[4]LCT-6'!AV14+'[4]LCT-7'!AV14+'[4]LCT-8'!AV14+'[5]TB-1'!AV14+'[5]TB-2'!AV14+'[5]TB-3'!AV14+'[5]TB-4'!AV14+'[5]TB-5'!AV14+'[5]TB-6'!AV14+'[5]TB-7'!AV14+'[5]TB-8'!AV14+'[5]TB-9'!AV14+'[5]TB-10'!AV14+'[6]DSV-1'!AV14+'[6]DSV-2'!AV14+'[6]DSV-3'!AV14+'[7]TUB-1'!AV14+'[7]TUB-2'!AV14+'[8]Barge-1'!AV14+'[8]Barge-2'!AV14+'[8]Barge-3'!AV14+'[8]Barge-4'!AV14 -> 0 | D14: ='[2]AHTS-1'!BR14+'[2]AHTS-2'!BR14+'[2]AHTS-3'!BR14+'[2]AHTS-4'!BR14+'[2]AHTS-5'!BR14+'[2]AHTS-6'!BR14+'[2]AHTS-7'!BR14+'[2]AHTS-8'!BR14+'[3]CB-1'!BR14+'[3]CB-2'!BR14+'[3]CB-3'!BR14+'[3]CB-4'!BR14+'[3]CB-5'!BR14+'[3]CB-6'!BR14+'[3]CB-7'!BR14+'[3]CB-8'!BR14+'[3]CB-9'!BR14+'[3]CB-10'!BR14+'[3]CB-11'!BR14+'[3]CB-12'!BR14+'[3]CB-13'!BR14+'[3]CB-14'!BR14+'[3]CB-15'!BR14+'[3]CB-16'!BR14+'[3]CB-17'!BR14+'[3]CB-18'!BR14+'[3]CB-19'!BR14+'[3]CB-20'!BR14+'[3]CB-21'!BR14+'[3]CB-22'!BR14+'[3]CB-23'!BR14+'[3]CB-24'!BR14+'[4]LCT-1'!BR14+'[4]LCT-2'!BR14+'[4]LCT-3'!BR14+'[4]LCT-4'!BR14+'[4]LCT-5'!BR14+'[4]LCT-6'!BR14+'[4]LCT-7'!BR14+'[4]LCT-8'!BR14+'[5]TB-1'!BR14+'[5]TB-2'!BR14+'[5]TB-3'!BR14+'[5]TB-4'!BR14+'[5]TB-5'!BR14+'[5]TB-6'!BR14+'[5]TB-7'!BR14+'[5]TB-8'!BR14+'[5]TB-9'!BR14+'[5]TB-10'!BR14+'[6]DSV-1'!BR14+'[6]DSV-2'!BR14+'[6]DSV-3'!BR14+'[7]TUB-1'!BR14+'[7]TUB-2'!BR14+'[8]Barge-1'!BR14+'[8]Barge-2'!BR14+'[8]Barge-3'!BR14+'[8]Barge-4'!BR14 -> 0 | E14: ='[2]AHTS-1'!CN14+'[2]AHTS-2'!CN14+'[2]AHTS-3'!CN14+'[2]AHTS-4'!CN14+'[2]AHTS-5'!CN14+'[2]AHTS-6'!CN14+'[2]AHTS-7'!CN14+'[2]AHTS-8'!CN14+'[3]CB-1'!CN14+'[3]CB-2'!CN14+'[3]CB-3'!CN14+'[3]CB-4'!CN14+'[3]CB-5'!CN14+'[3]CB-6'!CN14+'[3]CB-7'!CN14+'[3]CB-8'!CN14+'[3]CB-9'!CN14+'[3]CB-10'!CN14+'[3]CB-11'!CN14+'[3]CB-12'!CN14+'[3]CB-13'!CN14+'[3]CB-14'!CN14+'[3]CB-15'!CN14+'[3]CB-16'!CN14+'[3]CB-17'!CN14+'[3]CB-18'!CN14+'[3]CB-19'!CN14+'[3]CB-20'!CN14+'[3]CB-21'!CN14+'[3]CB-22'!CN14+'[3]CB-23'!CN14+'[3]CB-24'!CN14+'[4]LCT-1'!CN14+'[4]LCT-2'!CN14+'[4]LCT-3'!CN14+'[4]LCT-4'!CN14+'[4]LCT-5'!CN14+'[4]LCT-6'!CN14+'[4]LCT-7'!CN14+'[4]LCT-8'!CN14+'[5]TB-1'!CN14+'[5]TB-2'!CN14+'[5]TB-3'!CN14+'[5]TB-4'!CN14+'[5]TB-5'!CN14+'[5]TB-6'!CN14+'[5]TB-7'!CN14+'[5]TB-8'!CN14+'[5]TB-9'!CN14+'[5]TB-10'!CN14+'[6]DSV-1'!CN14+'[6]DSV-2'!CN14+'[6]DSV-3'!CN14+'[7]TUB-1'!CN14+'[7]TUB-2'!CN14+'[8]Barge-1'!CN14+'[8]Barge-2'!CN14+'[8]Barge-3'!CN14+'[8]Barge-4'!CN14 -> 0 | F14: ='[2]AHTS-1'!AW14+'[2]AHTS-2'!AW14+'[2]AHTS-3'!AW14+'[2]AHTS-4'!AW14+'[2]AHTS-5'!AW14+'[2]AHTS-6'!AW14+'[2]AHTS-7'!AW14+'[2]AHTS-8'!AW14+'[3]CB-1'!AW14+'[3]CB-2'!AW14+'[3]CB-3'!AW14+'[3]CB-4'!AW14+'[3]CB-5'!AW14+'[3]CB-6'!AW14+'[3]CB-7'!AW14+'[3]CB-8'!AW14+'[3]CB-9'!AW14+'[3]CB-10'!AW14+'[3]CB-11'!AW14+'[3]CB-12'!AW14+'[3]CB-13'!AW14+'[3]CB-14'!AW14+'[3]CB-15'!AW14+'[3]CB-16'!AW14+'[3]CB-17'!AW14+'[3]CB-18'!AW14+'[3]CB-19'!AW14+'[3]CB-20'!AW14+'[3]CB-21'!AW14+'[3]CB-22'!AW14+'[3]CB-23'!AW14+'[3]CB-24'!AW14+'[4]LCT-1'!AW14+'[4]LCT-2'!AW14+'[4]LCT-3'!AW14+'[4]LCT-4'!AW14+'[4]LCT-5'!AW14+'[4]LCT-6'!AW14+'[4]LCT-7'!AW14+'[4]LCT-8'!AW14+'[5]TB-1'!AW14+'[5]TB-2'!AW14+'[5]TB-3'!AW14+'[5]TB-4'!AW14+'[5]TB-5'!AW14+'[5]TB-6'!AW14+'[5]TB-7'!AW14+'[5]TB-8'!AW14+'[5]TB-9'!AW14+'[5]TB-10'!AW14+'[6]DSV-1'!AW14+'[6]DSV-2'!AW14+'[6]DSV-3'!AW14+'[7]TUB-1'!AW14+'[7]TUB-2'!AW14+'[8]Barge-1'!AW14+'[8]Barge-2'!AW14+'[8]Barge-3'!AW14+'[8]Barge-4'!AW14 -> 682.92763 | G14: ='[2]AHTS-1'!BS14+'[2]AHTS-2'!BS14+'[2]AHTS-3'!BS14+'[2]AHTS-4'!BS14+'[2]AHTS-5'!BS14+'[2]AHTS-6'!BS14+'[2]AHTS-7'!BS14+'[2]AHTS-8'!BS14+'[3]CB-1'!BS14+'[3]CB-2'!BS14+'[3]CB-3'!BS14+'[3]CB-4'!BS14+'[3]CB-5'!BS14+'[3]CB-6'!BS14+'[3]CB-7'!BS14+'[3]CB-8'!BS14+'[3]CB-9'!BS14+'[3]CB-10'!BS14+'[3]CB-11'!BS14+'[3]CB-12'!BS14+'[3]CB-13'!BS14+'[3]CB-14'!BS14+'[3]CB-15'!BS14+'[3]CB-16'!BS14+'[3]CB-17'!BS14+'[3]CB-18'!BS14+'[3]CB-19'!BS14+'[3]CB-20'!BS14+'[3]CB-21'!BS14+'[3]CB-22'!BS14+'[3]CB-23'!BS14+'[3]CB-24'!BS14+'[4]LCT-1'!BS14+'[4]LCT-2'!BS14+'[4]LCT-3'!BS14+'[4]LCT-4'!BS14+'[4]LCT-5'!BS14+'[4]LCT-6'!BS14+'[4]LCT-7'!BS14+'[4]LCT-8'!BS14+'[5]TB-1'!BS14+'[5]TB-2'!BS14+'[5]TB-3'!BS14+'[5]TB-4'!BS14+'[5]TB-5'!BS14+'[5]TB-6'!BS14+'[5]TB-7'!BS14+'[5]TB-8'!BS14+'[5]TB-9'!BS14+'[5]TB-10'!BS14+'[6]DSV-1'!BS14+'[6]DSV-2'!BS14+'[6]DSV-3'!BS14+'[7]TUB-1'!BS14+'[7]TUB-2'!BS14+'[8]Barge-1'!BS14+'[8]Barge-2'!BS14+'[8]Barge-3'!BS14+'[8]Barge-4'!BS14 -> 907.95664 | H14: ='[2]AHTS-1'!CO14+'[2]AHTS-2'!CO14+'[2]AHTS-3'!CO14+'[2]AHTS-4'!CO14+'[2]AHTS-5'!CO14+'[2]AHTS-6'!CO14+'[2]AHTS-7'!CO14+'[2]AHTS-8'!CO14+'[3]CB-1'!CO14+'[3]CB-2'!CO14+'[3]CB-3'!CO14+'[3]CB-4'!CO14+'[3]CB-5'!CO14+'[3]CB-6'!CO14+'[3]CB-7'!CO14+'[3]CB-8'!CO14+'[3]CB-9'!CO14+'[3]CB-10'!CO14+'[3]CB-11'!CO14+'[3]CB-12'!CO14+'[3]CB-13'!CO14+'[3]CB-14'!CO14+'[3]CB-15'!CO14+'[3]CB-16'!CO14+'[3]CB-17'!CO14+'[3]CB-18'!CO14+'[3]CB-19'!CO14+'[3]CB-20'!CO14+'[3]CB-21'!CO14+'[3]CB-22'!CO14+'[3]CB-23'!CO14+'[3]CB-24'!CO14+'[4]LCT-1'!CO14+'[4]LCT-2'!CO14+'[4]LCT-3'!CO14+'[4]LCT-4'!CO14+'[4]LCT-5'!CO14+'[4]LCT-6'!CO14+'[4]LCT-7'!CO14+'[4]LCT-8'!CO14+'[5]TB-1'!CO14+'[5]TB-2'!CO14+'[5]TB-3'!CO14+'[5]TB-4'!CO14+'[5]TB-5'!CO14+'[5]TB-6'!CO14+'[5]TB-7'!CO14+'[5]TB-8'!CO14+'[5]TB-9'!CO14+'[5]TB-10'!CO14+'[6]DSV-1'!CO14+'[6]DSV-2'!CO14+'[6]DSV-3'!CO14+'[7]TUB-1'!CO14+'[7]TUB-2'!CO14+'[8]Barge-1'!CO14+'[8]Barge-2'!CO14+'[8]Barge-3'!CO14+'[8]Barge-4'!CO14 -> 0 | I14: ='[2]AHTS-1'!AX14+'[2]AHTS-2'!AX14+'[2]AHTS-3'!AX14+'[2]AHTS-4'!AX14+'[2]AHTS-5'!AX14+'[2]AHTS-6'!AX14+'[2]AHTS-7'!AX14+'[2]AHTS-8'!AX14+'[3]CB-1'!AX14+'[3]CB-2'!AX14+'[3]CB-3'!AX14+'[3]CB-4'!AX14+'[3]CB-5'!AX14+'[3]CB-6'!AX14+'[3]CB-7'!AX14+'[3]CB-8'!AX14+'[3]CB-9'!AX14+'[3]CB-10'!AX14+'[3]CB-11'!AX14+'[3]CB-12'!AX14+'[3]CB-13'!AX14+'[3]CB-14'!AX14+'[3]CB-15'!AX14+'[3]CB-16'!AX14+'[3]CB-17'!AX14+'[3]CB-18'!AX14+'[3]CB-19'!AX14+'[3]CB-20'!AX14+'[3]CB-21'!AX14+'[3]CB-22'!AX14+'[3]CB-23'!AX14+'[3]CB-24'!AX14+'[4]LCT-1'!AX14+'[4]LCT-2'!AX14+'[4]LCT-3'!AX14+'[4]LCT-4'!AX14+'[4]LCT-5'!AX14+'[4]LCT-6'!AX14+'[4]LCT-7'!AX14+'[4]LCT-8'!AX14+'[5]TB-1'!AX14+'[5]TB-2'!AX14+'[5]TB-3'!AX14+'[5]TB-4'!AX14+'[5]TB-5'!AX14+'[5]TB-6'!AX14+'[5]TB-7'!AX14+'[5]TB-8'!AX14+'[5]TB-9'!AX14+'[5]TB-10'!AX14+'[6]DSV-1'!AX14+'[6]DSV-2'!AX14+'[6]DSV-3'!AX14+'[7]TUB-1'!AX14+'[7]TUB-2'!AX14+'[8]Barge-1'!AX14+'[8]Barge-2'!AX14+'[8]Barge-3'!AX14+'[8]Barge-4'!AX14 -> 2200.6159 | J14: ='[2]AHTS-1'!BT14+'[2]AHTS-2'!BT14+'[2]AHTS-3'!BT14+'[2]AHTS-4'!BT14+'[2]AHTS-5'!BT14+'[2]AHTS-6'!BT14+'[2]AHTS-7'!BT14+'[2]AHTS-8'!BT14+'[3]CB-1'!BT14+'[3]CB-2'!BT14+'[3]CB-3'!BT14+'[3]CB-4'!BT14+'[3]CB-5'!BT14+'[3]CB-6'!BT14+'[3]CB-7'!BT14+'[3]CB-8'!BT14+'[3]CB-9'!BT14+'[3]CB-10'!BT14+'[3]CB-11'!BT14+'[3]CB-12'!BT14+'[3]CB-13'!BT14+'[3]CB-14'!BT14+'[3]CB-15'!BT14+'[3]CB-16'!BT14+'[3]CB-17'!BT14+'[3]CB-18'!BT14+'[3]CB-19'!BT14+'[3]CB-20'!BT14+'[3]CB-21'!BT14+'[3]CB-22'!BT14+'[3]CB-23'!BT14+'[3]CB-24'!BT14+'[4]LCT-1'!BT14+'[4]LCT-2'!BT14+'[4]LCT-3'!BT14+'[4]LCT-4'!BT14+'[4]LCT-5'!BT14+'[4]LCT-6'!BT14+'[4]LCT-7'!BT14+'[4]LCT-8'!BT14+'[5]TB-1'!BT14+'[5]TB-2'!BT14+'[5]TB-3'!BT14+'[5]TB-4'!BT14+'[5]TB-5'!BT14+'[5]TB-6'!BT14+'[5]TB-7'!BT14+'[5]TB-8'!BT14+'[5]TB-9'!BT14+'[5]TB-10'!BT14+'[6]DSV-1'!BT14+'[6]DSV-2'!BT14+'[6]DSV-3'!BT14+'[7]TUB-1'!BT14+'[7]TUB-2'!BT14+'[8]Barge-1'!BT14+'[8]Barge-2'!BT14+'[8]Barge-3'!BT14+'[8]Barge-4'!BT14 -> 1912.868 | K14: ='[2]AHTS-1'!CP14+'[2]AHTS-2'!CP14+'[2]AHTS-3'!CP14+'[2]AHTS-4'!CP14+'[2]AHTS-5'!CP14+'[2]AHTS-6'!CP14+'[2]AHTS-7'!CP14+'[2]AHTS-8'!CP14+'[3]CB-1'!CP14+'[3]CB-2'!CP14+'[3]CB-3'!CP14+'[3]CB-4'!CP14+'[3]CB-5'!CP14+'[3]CB-6'!CP14+'[3]CB-7'!CP14+'[3]CB-8'!CP14+'[3]CB-9'!CP14+'[3]CB-10'!CP14+'[3]CB-11'!CP14+'[3]CB-12'!CP14+'[3]CB-13'!CP14+'[3]CB-14'!CP14+'[3]CB-15'!CP14+'[3]CB-16'!CP14+'[3]CB-17'!CP14+'[3]CB-18'!CP14+'[3]CB-19'!CP14+'[3]CB-20'!CP14+'[3]CB-21'!CP14+'[3]CB-22'!CP14+'[3]CB-23'!CP14+'[3]CB-24'!CP14+'[4]LCT-1'!CP14+'[4]LCT-2'!CP14+'[4]LCT-3'!CP14+'[4]LCT-4'!CP14+'[4]LCT-5'!CP14+'[4]LCT-6'!CP14+'[4]LCT-7'!CP14+'[4]LCT-8'!CP14+'[5]TB-1'!CP14+'[5]TB-2'!CP14+'[5]TB-3'!CP14+'[5]TB-4'!CP14+'[5]TB-5'!CP14+'[5]TB-6'!CP14+'[5]TB-7'!CP14+'[5]TB-8'!CP14+'[5]TB-9'!CP14+'[5]TB-10'!CP14+'[6]DSV-1'!CP14+'[6]DSV-2'!CP14+'[6]DSV-3'!CP14+'[7]TUB-1'!CP14+'[7]TUB-2'!CP14+'[8]Barge-1'!CP14+'[8]Barge-2'!CP14+'[8]Barge-3'!CP14+'[8]Barge-4'!CP14 -> 0 | L14: ='[2]AHTS-1'!AY14+'[2]AHTS-2'!AY14+'[2]AHTS-3'!AY14+'[2]AHTS-4'!AY14+'[2]AHTS-5'!AY14+'[2]AHTS-6'!AY14+'[2]AHTS-7'!AY14+'[2]AHTS-8'!AY14+'[3]CB-1'!AY14+'[3]CB-2'!AY14+'[3]CB-3'!AY14+'[3]CB-4'!AY14+'[3]CB-5'!AY14+'[3]CB-6'!AY14+'[3]CB-7'!AY14+'[3]CB-8'!AY14+'[3]CB-9'!AY14+'[3]CB-10'!AY14+'[3]CB-11'!AY14+'[3]CB-12'!AY14+'[3]CB-13'!AY14+'[3]CB-14'!AY14+'[3]CB-15'!AY14+'[3]CB-16'!AY14+'[3]CB-17'!AY14+'[3]CB-18'!AY14+'[3]CB-19'!AY14+'[3]CB-20'!AY14+'[3]CB-21'!AY14+'[3]CB-22'!AY14+'[3]CB-23'!AY14+'[3]CB-24'!AY14+'[4]LCT-1'!AY14+'[4]LCT-2'!AY14+'[4]LCT-3'!AY14+'[4]LCT-4'!AY14+'[4]LCT-5'!AY14+'[4]LCT-6'!AY14+'[4]LCT-7'!AY14+'[4]LCT-8'!AY14+'[5]TB-1'!AY14+'[5]TB-2'!AY14+'[5]TB-3'!AY14+'[5]TB-4'!AY14+'[5]TB-5'!AY14+'[5]TB-6'!AY14+'[5]TB-7'!AY14+'[5]TB-8'!AY14+'[5]TB-9'!AY14+'[5]TB-10'!AY14+'[6]DSV-1'!AY14+'[6]DSV-2'!AY14+'[6]DSV-3'!AY14+'[7]TUB-1'!AY14+'[7]TUB-2'!AY14+'[8]Barge-1'!AY14+'[8]Barge-2'!AY14+'[8]Barge-3'!AY14+'[8]Barge-4'!AY14 -> 2739.4113 | M14: ='[2]AHTS-1'!BU14+'[2]AHTS-2'!BU14+'[2]AHTS-3'!BU14+'[2]AHTS-4'!BU14+'[2]AHTS-5'!BU14+'[2]AHTS-6'!BU14+'[2]AHTS-7'!BU14+'[2]AHTS-8'!BU14+'[3]CB-1'!BU14+'[3]CB-2'!BU14+'[3]CB-3'!BU14+'[3]CB-4'!BU14+'[3]CB-5'!BU14+'[3]CB-6'!BU14+'[3]CB-7'!BU14+'[3]CB-8'!BU14+'[3]CB-9'!BU14+'[3]CB-10'!BU14+'[3]CB-11'!BU14+'[3]CB-12'!BU14+'[3]CB-13'!BU14+'[3]CB-14'!BU14+'[3]CB-15'!BU14+'[3]CB-16'!BU14+'[3]CB-17'!BU14+'[3]CB-18'!BU14+'[3]CB-19'!BU14+'[3]CB-20'!BU14+'[3]CB-21'!BU14+'[3]CB-22'!BU14+'[3]CB-23'!BU14+'[3]CB-24'!BU14+'[4]LCT-1'!BU14+'[4]LCT-2'!BU14+'[4]LCT-3'!BU14+'[4]LCT-4'!BU14+'[4]LCT-5'!BU14+'[4]LCT-6'!BU14+'[4]LCT-7'!BU14+'[4]LCT-8'!BU14+'[5]TB-1'!BU14+'[5]TB-2'!BU14+'[5]TB-3'!BU14+'[5]TB-4'!BU14+'[5]TB-5'!BU14+'[5]TB-6'!BU14+'[5]TB-7'!BU14+'[5]TB-8'!BU14+'[5]TB-9'!BU14+'[5]TB-10'!BU14+'[6]DSV-1'!BU14+'[6]DSV-2'!BU14+'[6]DSV-3'!BU14+'[7]TUB-1'!BU14+'[7]TUB-2'!BU14+'[8]Barge-1'!BU14+'[8]Barge-2'!BU14+'[8]Barge-3'!BU14+'[8]Barge-4'!BU14 -> 4018.0558 | N14: ='[2]AHTS-1'!CQ14+'[2]AHTS-2'!CQ14+'[2]AHTS-3'!CQ14+'[2]AHTS-4'!CQ14+'[2]AHTS-5'!CQ14+'[2]AHTS-6'!CQ14+'[2]AHTS-7'!CQ14+'[2]AHTS-8'!CQ14+'[3]CB-1'!CQ14+'[3]CB-2'!CQ14+'[3]CB-3'!CQ14+'[3]CB-4'!CQ14+'[3]CB-5'!CQ14+'[3]CB-6'!CQ14+'[3]CB-7'!CQ14+'[3]CB-8'!CQ14+'[3]CB-9'!CQ14+'[3]CB-10'!CQ14+'[3]CB-11'!CQ14+'[3]CB-12'!CQ14+'[3]CB-13'!CQ14+'[3]CB-14'!CQ14+'[3]CB-15'!CQ14+'[3]CB-16'!CQ14+'[3]CB-17'!CQ14+'[3]CB-18'!CQ14+'[3]CB-19'!CQ14+'[3]CB-20'!CQ14+'[3]CB-21'!CQ14+'[3]CB-22'!CQ14+'[3]CB-23'!CQ14+'[3]CB-24'!CQ14+'[4]LCT-1'!CQ14+'[4]LCT-2'!CQ14+'[4]LCT-3'!CQ14+'[4]LCT-4'!CQ14+'[4]LCT-5'!CQ14+'[4]LCT-6'!CQ14+'[4]LCT-7'!CQ14+'[4]LCT-8'!CQ14+'[5]TB-1'!CQ14+'[5]TB-2'!CQ14+'[5]TB-3'!CQ14+'[5]TB-4'!CQ14+'[5]TB-5'!CQ14+'[5]TB-6'!CQ14+'[5]TB-7'!CQ14+'[5]TB-8'!CQ14+'[5]TB-9'!CQ14+'[5]TB-10'!CQ14+'[6]DSV-1'!CQ14+'[6]DSV-2'!CQ14+'[6]DSV-3'!CQ14+'[7]TUB-1'!CQ14+'[7]TUB-2'!CQ14+'[8]Barge-1'!CQ14+'[8]Barge-2'!CQ14+'[8]Barge-3'!CQ14+'[8]Barge-4'!CQ14 -> 0 | O14: ='[2]AHTS-1'!AZ14+'[2]AHTS-2'!AZ14+'[2]AHTS-3'!AZ14+'[2]AHTS-4'!AZ14+'[2]AHTS-5'!AZ14+'[2]AHTS-6'!AZ14+'[2]AHTS-7'!AZ14+'[2]AHTS-8'!AZ14+'[3]CB-1'!AZ14+'[3]CB-2'!AZ14+'[3]CB-3'!AZ14+'[3]CB-4'!AZ14+'[3]CB-5'!AZ14+'[3]CB-6'!AZ14+'[3]CB-7'!AZ14+'[3]CB-8'!AZ14+'[3]CB-9'!AZ14+'[3]CB-10'!AZ14+'[3]CB-11'!AZ14+'[3]CB-12'!AZ14+'[3]CB-13'!AZ14+'[3]CB-14'!AZ14+'[3]CB-15'!AZ14+'[3]CB-16'!AZ14+'[3]CB-17'!AZ14+'[3]CB-18'!AZ14+'[3]CB-19'!AZ14+'[3]CB-20'!AZ14+'[3]CB-21'!AZ14+'[3]CB-22'!AZ14+'[3]CB-23'!AZ14+'[3]CB-24'!AZ14+'[4]LCT-1'!AZ14+'[4]LCT-2'!AZ14+'[4]LCT-3'!AZ14+'[4]LCT-4'!AZ14+'[4]LCT-5'!AZ14+'[4]LCT-6'!AZ14+'[4]LCT-7'!AZ14+'[4]LCT-8'!AZ14+'[5]TB-1'!AZ14+'[5]TB-2'!AZ14+'[5]TB-3'!AZ14+'[5]TB-4'!AZ14+'[5]TB-5'!AZ14+'[5]TB-6'!AZ14+'[5]TB-7'!AZ14+'[5]TB-8'!AZ14+'[5]TB-9'!AZ14+'[5]TB-10'!AZ14+'[6]DSV-1'!AZ14+'[6]DSV-2'!AZ14+'[6]DSV-3'!AZ14+'[7]TUB-1'!AZ14+'[7]TUB-2'!AZ14+'[8]Barge-1'!AZ14+'[8]Barge-2'!AZ14+'[8]Barge-3'!AZ14+'[8]Barge-4'!AZ14 -> 104.73012 | P14: ='[2]AHTS-1'!BV14+'[2]AHTS-2'!BV14+'[2]AHTS-3'!BV14+'[2]AHTS-4'!BV14+'[2]AHTS-5'!BV14+'[2]AHTS-6'!BV14+'[2]AHTS-7'!BV14+'[2]AHTS-8'!BV14+'[3]CB-1'!BV14+'[3]CB-2'!BV14+'[3]CB-3'!BV14+'[3]CB-4'!BV14+'[3]CB-5'!BV14+'[3]CB-6'!BV14+'[3]CB-7'!BV14+'[3]CB-8'!BV14+'[3]CB-9'!BV14+'[3]CB-10'!BV14+'[3]CB-11'!BV14+'[3]CB-12'!BV14+'[3]CB-13'!BV14+'[3]CB-14'!BV14+'[3]CB-15'!BV14+'[3]CB-16'!BV14+'[3]CB-17'!BV14+'[3]CB-18'!BV14+'[3]CB-19'!BV14+'[3]CB-20'!BV14+'[3]CB-21'!BV14+'[3]CB-22'!BV14+'[3]CB-23'!BV14+'[3]CB-24'!BV14+'[4]LCT-1'!BV14+'[4]LCT-2'!BV14+'[4]LCT-3'!BV14+'[4]LCT-4'!BV14+'[4]LCT-5'!BV14+'[4]LCT-6'!BV14+'[4]LCT-7'!BV14+'[4]LCT-8'!BV14+'[5]TB-1'!BV14+'[5]TB-2'!BV14+'[5]TB-3'!BV14+'[5]TB-4'!BV14+'[5]TB-5'!BV14+'[5]TB-6'!BV14+'[5]TB-7'!BV14+'[5]TB-8'!BV14+'[5]TB-9'!BV14+'[5]TB-10'!BV14+'[6]DSV-1'!BV14+'[6]DSV-2'!BV14+'[6]DSV-3'!BV14+'[7]TUB-1'!BV14+'[7]TUB-2'!BV14+'[8]Barge-1'!BV14+'[8]Barge-2'!BV14+'[8]Barge-3'!BV14+'[8]Barge-4'!BV14 -> 826.49882 | Q14: ='[2]AHTS-1'!CR14+'[2]AHTS-2'!CR14+'[2]AHTS-3'!CR14+'[2]AHTS-4'!CR14+'[2]AHTS-5'!CR14+'[2]AHTS-6'!CR14+'[2]AHTS-7'!CR14+'[2]AHTS-8'!CR14+'[3]CB-1'!CR14+'[3]CB-2'!CR14+'[3]CB-3'!CR14+'[3]CB-4'!CR14+'[3]CB-5'!CR14+'[3]CB-6'!CR14+'[3]CB-7'!CR14+'[3]CB-8'!CR14+'[3]CB-9'!CR14+'[3]CB-10'!CR14+'[3]CB-11'!CR14+'[3]CB-12'!CR14+'[3]CB-13'!CR14+'[3]CB-14'!CR14+'[3]CB-15'!CR14+'[3]CB-16'!CR14+'[3]CB-17'!CR14+'[3]CB-18'!CR14+'[3]CB-19'!CR14+'[3]CB-20'!CR14+'[3]CB-21'!CR14+'[3]CB-22'!CR14+'[3]CB-23'!CR14+'[3]CB-24'!CR14+'[4]LCT-1'!CR14+'[4]LCT-2'!CR14+'[4]LCT-3'!CR14+'[4]LCT-4'!CR14+'[4]LCT-5'!CR14+'[4]LCT-6'!CR14+'[4]LCT-7'!CR14+'[4]LCT-8'!CR14+'[5]TB-1'!CR14+'[5]TB-2'!CR14+'[5]TB-3'!CR14+'[5]TB-4'!CR14+'[5]TB-5'!CR14+'[5]TB-6'!CR14+'[5]TB-7'!CR14+'[5]TB-8'!CR14+'[5]TB-9'!CR14+'[5]TB-10'!CR14+'[6]DSV-1'!CR14+'[6]DSV-2'!CR14+'[6]DSV-3'!CR14+'[7]TUB-1'!CR14+'[7]TUB-2'!CR14+'[8]Barge-1'!CR14+'[8]Barge-2'!CR14+'[8]Barge-3'!CR14+'[8]Barge-4'!CR14 -> 0 | R14: ='[2]AHTS-1'!BA14+'[2]AHTS-2'!BA14+'[2]AHTS-3'!BA14+'[2]AHTS-4'!BA14+'[2]AHTS-5'!BA14+'[2]AHTS-6'!BA14+'[2]AHTS-7'!BA14+'[2]AHTS-8'!BA14+'[3]CB-1'!BA14+'[3]CB-2'!BA14+'[3]CB-3'!BA14+'[3]CB-4'!BA14+'[3]CB-5'!BA14+'[3]CB-6'!BA14+'[3]CB-7'!BA14+'[3]CB-8'!BA14+'[3]CB-9'!BA14+'[3]CB-10'!BA14+'[3]CB-11'!BA14+'[3]CB-12'!BA14+'[3]CB-13'!BA14+'[3]CB-14'!BA14+'[3]CB-15'!BA14+'[3]CB-16'!BA14+'[3]CB-17'!BA14+'[3]CB-18'!BA14+'[3]CB-19'!BA14+'[3]CB-20'!BA14+'[3]CB-21'!BA14+'[3]CB-22'!BA14+'[3]CB-23'!BA14+'[3]CB-24'!BA14+'[4]LCT-1'!BA14+'[4]LCT-2'!BA14+'[4]LCT-3'!BA14+'[4]LCT-4'!BA14+'[4]LCT-5'!BA14+'[4]LCT-6'!BA14+'[4]LCT-7'!BA14+'[4]LCT-8'!BA14+'[5]TB-1'!BA14+'[5]TB-2'!BA14+'[5]TB-3'!BA14+'[5]TB-4'!BA14+'[5]TB-5'!BA14+'[5]TB-6'!BA14+'[5]TB-7'!BA14+'[5]TB-8'!BA14+'[5]TB-9'!BA14+'[5]TB-10'!BA14+'[6]DSV-1'!BA14+'[6]DSV-2'!BA14+'[6]DSV-3'!BA14+'[7]TUB-1'!BA14+'[7]TUB-2'!BA14+'[8]Barge-1'!BA14+'[8]Barge-2'!BA14+'[8]Barge-3'!BA14+'[8]Barge-4'!BA14 -> 4946.9578 | S14: ='[2]AHTS-1'!BW14+'[2]AHTS-2'!BW14+'[2]AHTS-3'!BW14+'[2]AHTS-4'!BW14+'[2]AHTS-5'!BW14+'[2]AHTS-6'!BW14+'[2]AHTS-7'!BW14+'[2]AHTS-8'!BW14+'[3]CB-1'!BW14+'[3]CB-2'!BW14+'[3]CB-3'!BW14+'[3]CB-4'!BW14+'[3]CB-5'!BW14+'[3]CB-6'!BW14+'[3]CB-7'!BW14+'[3]CB-8'!BW14+'[3]CB-9'!BW14+'[3]CB-10'!BW14+'[3]CB-11'!BW14+'[3]CB-12'!BW14+'[3]CB-13'!BW14+'[3]CB-14'!BW14+'[3]CB-15'!BW14+'[3]CB-16'!BW14+'[3]CB-17'!BW14+'[3]CB-18'!BW14+'[3]CB-19'!BW14+'[3]CB-20'!BW14+'[3]CB-21'!BW14+'[3]CB-22'!BW14+'[3]CB-23'!BW14+'[3]CB-24'!BW14+'[4]LCT-1'!BW14+'[4]LCT-2'!BW14+'[4]LCT-3'!BW14+'[4]LCT-4'!BW14+'[4]LCT-5'!BW14+'[4]LCT-6'!BW14+'[4]LCT-7'!BW14+'[4]LCT-8'!BW14+'[5]TB-1'!BW14+'[5]TB-2'!BW14+'[5]TB-3'!BW14+'[5]TB-4'!BW14+'[5]TB-5'!BW14+'[5]TB-6'!BW14+'[5]TB-7'!BW14+'[5]TB-8'!BW14+'[5]TB-9'!BW14+'[5]TB-10'!BW14+'[6]DSV-1'!BW14+'[6]DSV-2'!BW14+'[6]DSV-3'!BW14+'[7]TUB-1'!BW14+'[7]TUB-2'!BW14+'[8]Barge-1'!BW14+'[8]Barge-2'!BW14+'[8]Barge-3'!BW14+'[8]Barge-4'!BW14 -> 5787.0812 | T14: ='[2]AHTS-1'!CS14+'[2]AHTS-2'!CS14+'[2]AHTS-3'!CS14+'[2]AHTS-4'!CS14+'[2]AHTS-5'!CS14+'[2]AHTS-6'!CS14+'[2]AHTS-7'!CS14+'[2]AHTS-8'!CS14+'[3]CB-1'!CS14+'[3]CB-2'!CS14+'[3]CB-3'!CS14+'[3]CB-4'!CS14+'[3]CB-5'!CS14+'[3]CB-6'!CS14+'[3]CB-7'!CS14+'[3]CB-8'!CS14+'[3]CB-9'!CS14+'[3]CB-10'!CS14+'[3]CB-11'!CS14+'[3]CB-12'!CS14+'[3]CB-13'!CS14+'[3]CB-14'!CS14+'[3]CB-15'!CS14+'[3]CB-16'!CS14+'[3]CB-17'!CS14+'[3]CB-18'!CS14+'[3]CB-19'!CS14+'[3]CB-20'!CS14+'[3]CB-21'!CS14+'[3]CB-22'!CS14+'[3]CB-23'!CS14+'[3]CB-24'!CS14+'[4]LCT-1'!CS14+'[4]LCT-2'!CS14+'[4]LCT-3'!CS14+'[4]LCT-4'!CS14+'[4]LCT-5'!CS14+'[4]LCT-6'!CS14+'[4]LCT-7'!CS14+'[4]LCT-8'!CS14+'[5]TB-1'!CS14+'[5]TB-2'!CS14+'[5]TB-3'!CS14+'[5]TB-4'!CS14+'[5]TB-5'!CS14+'[5]TB-6'!CS14+'[5]TB-7'!CS14+'[5]TB-8'!CS14+'[5]TB-9'!CS14+'[5]TB-10'!CS14+'[6]DSV-1'!CS14+'[6]DSV-2'!CS14+'[6]DSV-3'!CS14+'[7]TUB-1'!CS14+'[7]TUB-2'!CS14+'[8]Barge-1'!CS14+'[8]Barge-2'!CS14+'[8]Barge-3'!CS14+'[8]Barge-4'!CS14 -> 0 | U14: ='[2]AHTS-1'!BB14+'[2]AHTS-2'!BB14+'[2]AHTS-3'!BB14+'[2]AHTS-4'!BB14+'[2]AHTS-5'!BB14+'[2]AHTS-6'!BB14+'[2]AHTS-7'!BB14+'[2]AHTS-8'!BB14+'[3]CB-1'!BB14+'[3]CB-2'!BB14+'[3]CB-3'!BB14+'[3]CB-4'!BB14+'[3]CB-5'!BB14+'[3]CB-6'!BB14+'[3]CB-7'!BB14+'[3]CB-8'!BB14+'[3]CB-9'!BB14+'[3]CB-10'!BB14+'[3]CB-11'!BB14+'[3]CB-12'!BB14+'[3]CB-13'!BB14+'[3]CB-14'!BB14+'[3]CB-15'!BB14+'[3]CB-16'!BB14+'[3]CB-17'!BB14+'[3]CB-18'!BB14+'[3]CB-19'!BB14+'[3]CB-20'!BB14+'[3]CB-21'!BB14+'[3]CB-22'!BB14+'[3]CB-23'!BB14+'[3]CB-24'!BB14+'[4]LCT-1'!BB14+'[4]LCT-2'!BB14+'[4]LCT-3'!BB14+'[4]LCT-4'!BB14+'[4]LCT-5'!BB14+'[4]LCT-6'!BB14+'[4]LCT-7'!BB14+'[4]LCT-8'!BB14+'[5]TB-1'!BB14+'[5]TB-2'!BB14+'[5]TB-3'!BB14+'[5]TB-4'!BB14+'[5]TB-5'!BB14+'[5]TB-6'!BB14+'[5]TB-7'!BB14+'[5]TB-8'!BB14+'[5]TB-9'!BB14+'[5]TB-10'!BB14+'[6]DSV-1'!BB14+'[6]DSV-2'!BB14+'[6]DSV-3'!BB14+'[7]TUB-1'!BB14+'[7]TUB-2'!BB14+'[8]Barge-1'!BB14+'[8]Barge-2'!BB14+'[8]Barge-3'!BB14+'[8]Barge-4'!BB14 -> 0 | V14: ='[2]AHTS-1'!BX14+'[2]AHTS-2'!BX14+'[2]AHTS-3'!BX14+'[2]AHTS-4'!BX14+'[2]AHTS-5'!BX14+'[2]AHTS-6'!BX14+'[2]AHTS-7'!BX14+'[2]AHTS-8'!BX14+'[3]CB-1'!BX14+'[3]CB-2'!BX14+'[3]CB-3'!BX14+'[3]CB-4'!BX14+'[3]CB-5'!BX14+'[3]CB-6'!BX14+'[3]CB-7'!BX14+'[3]CB-8'!BX14+'[3]CB-9'!BX14+'[3]CB-10'!BX14+'[3]CB-11'!BX14+'[3]CB-12'!BX14+'[3]CB-13'!BX14+'[3]CB-14'!BX14+'[3]CB-15'!BX14+'[3]CB-16'!BX14+'[3]CB-17'!BX14+'[3]CB-18'!BX14+'[3]CB-19'!BX14+'[3]CB-20'!BX14+'[3]CB-21'!BX14+'[3]CB-22'!BX14+'[3]CB-23'!BX14+'[3]CB-24'!BX14+'[4]LCT-1'!BX14+'[4]LCT-2'!BX14+'[4]LCT-3'!BX14+'[4]LCT-4'!BX14+'[4]LCT-5'!BX14+'[4]LCT-6'!BX14+'[4]LCT-7'!BX14+'[4]LCT-8'!BX14+'[5]TB-1'!BX14+'[5]TB-2'!BX14+'[5]TB-3'!BX14+'[5]TB-4'!BX14+'[5]TB-5'!BX14+'[5]TB-6'!BX14+'[5]TB-7'!BX14+'[5]TB-8'!BX14+'[5]TB-9'!BX14+'[5]TB-10'!BX14+'[6]DSV-1'!BX14+'[6]DSV-2'!BX14+'[6]DSV-3'!BX14+'[7]TUB-1'!BX14+'[7]TUB-2'!BX14+'[8]Barge-1'!BX14+'[8]Barge-2'!BX14+'[8]Barge-3'!BX14+'[8]Barge-4'!BX14 -> 0 | W14: ='[2]AHTS-1'!CT14+'[2]AHTS-2'!CT14+'[2]AHTS-3'!CT14+'[2]AHTS-4'!CT14+'[2]AHTS-5'!CT14+'[2]AHTS-6'!CT14+'[2]AHTS-7'!CT14+'[2]AHTS-8'!CT14+'[3]CB-1'!CT14+'[3]CB-2'!CT14+'[3]CB-3'!CT14+'[3]CB-4'!CT14+'[3]CB-5'!CT14+'[3]CB-6'!CT14+'[3]CB-7'!CT14+'[3]CB-8'!CT14+'[3]CB-9'!CT14+'[3]CB-10'!CT14+'[3]CB-11'!CT14+'[3]CB-12'!CT14+'[3]CB-13'!CT14+'[3]CB-14'!CT14+'[3]CB-15'!CT14+'[3]CB-16'!CT14+'[3]CB-17'!CT14+'[3]CB-18'!CT14+'[3]CB-19'!CT14+'[3]CB-20'!CT14+'[3]CB-21'!CT14+'[3]CB-22'!CT14+'[3]CB-23'!CT14+'[3]CB-24'!CT14+'[4]LCT-1'!CT14+'[4]LCT-2'!CT14+'[4]LCT-3'!CT14+'[4]LCT-4'!CT14+'[4]LCT-5'!CT14+'[4]LCT-6'!CT14+'[4]LCT-7'!CT14+'[4]LCT-8'!CT14+'[5]TB-1'!CT14+'[5]TB-2'!CT14+'[5]TB-3'!CT14+'[5]TB-4'!CT14+'[5]TB-5'!CT14+'[5]TB-6'!CT14+'[5]TB-7'!CT14+'[5]TB-8'!CT14+'[5]TB-9'!CT14+'[5]TB-10'!CT14+'[6]DSV-1'!CT14+'[6]DSV-2'!CT14+'[6]DSV-3'!CT14+'[7]TUB-1'!CT14+'[7]TUB-2'!CT14+'[8]Barge-1'!CT14+'[8]Barge-2'!CT14+'[8]Barge-3'!CT14+'[8]Barge-4'!CT14 -> 0 | AA14: =[1]Control!AZ14 -> 45989 | AC14: ='[2]AHTS-1'!IC52+'[2]AHTS-2'!IC52+'[2]AHTS-3'!IC52+'[2]AHTS-4'!IC52+'[2]AHTS-5'!IC52+'[2]AHTS-6'!IC52+'[2]AHTS-7'!IC52+'[2]AHTS-8'!IC52+'[3]CB-1'!IC52+'[3]CB-2'!IC52+'[3]CB-3'!IC52+'[3]CB-4'!IC52+'[3]CB-5'!IC52+'[3]CB-6'!IC52+'[3]CB-7'!IC52+'[3]CB-8'!IC52+'[3]CB-9'!IC52+'[3]CB-10'!IC52+'[3]CB-11'!IC52+'[3]CB-12'!IC52+'[3]CB-13'!IC52+'[3]CB-14'!IC52+'[3]CB-15'!IC52+'[3]CB-16'!IC52+'[3]CB-17'!IC52+'[3]CB-18'!IC52+'[3]CB-19'!IC52+'[3]CB-20'!IC52+'[3]CB-21'!IC52+'[3]CB-22'!IC52+'[3]CB-23'!IC52+'[3]CB-24'!IC52+'[4]LCT-1'!IC52+'[4]LCT-2'!IC52+'[4]LCT-3'!IC52+'[4]LCT-4'!IC52+'[4]LCT-5'!IC52+'[4]LCT-6'!IC52+'[4]LCT-7'!IC52+'[4]LCT-8'!IC52+'[5]TB-1'!IC52+'[5]TB-2'!IC52+'[5]TB-3'!IC52+'[5]TB-4'!IC52+'[5]TB-5'!IC52+'[5]TB-6'!IC52+'[5]TB-7'!IC52+'[5]TB-8'!IC52+'[5]TB-9'!IC52+'[5]TB-10'!IC52+'[6]DSV-1'!IC52+'[6]DSV-2'!IC52+'[6]DSV-3'!IC52+'[7]TUB-1'!IC52+'[7]TUB-2'!IC52+'[8]Barge-1'!IC52+'[8]Barge-2'!IC52+'[8]Barge-3'!IC52+'[8]Barge-4'!IC52 -> 0 | AD14: ='[2]AHTS-1'!IC14+'[2]AHTS-2'!IC14+'[2]AHTS-3'!IC14+'[2]AHTS-4'!IC14+'[2]AHTS-5'!IC14+'[2]AHTS-6'!IC14+'[2]AHTS-7'!IC14+'[2]AHTS-8'!IC14+'[3]CB-1'!IC14+'[3]CB-2'!IC14+'[3]CB-3'!IC14+'[3]CB-4'!IC14+'[3]CB-5'!IC14+'[3]CB-6'!IC14+'[3]CB-7'!IC14+'[3]CB-8'!IC14+'[3]CB-9'!IC14+'[3]CB-10'!IC14+'[3]CB-11'!IC14+'[3]CB-12'!IC14+'[3]CB-13'!IC14+'[3]CB-14'!IC14+'[3]CB-15'!IC14+'[3]CB-16'!IC14+'[3]CB-17'!IC14+'[3]CB-18'!IC14+'[3]CB-19'!IC14+'[3]CB-20'!IC14+'[3]CB-21'!IC14+'[3]CB-22'!IC14+'[3]CB-23'!IC14+'[3]CB-24'!IC14+'[4]LCT-1'!IC14+'[4]LCT-2'!IC14+'[4]LCT-3'!IC14+'[4]LCT-4'!IC14+'[4]LCT-5'!IC14+'[4]LCT-6'!IC14+'[4]LCT-7'!IC14+'[4]LCT-8'!IC14+'[5]TB-1'!IC14+'[5]TB-2'!IC14+'[5]TB-3'!IC14+'[5]TB-4'!IC14+'[5]TB-5'!IC14+'[5]TB-6'!IC14+'[5]TB-7'!IC14+'[5]TB-8'!IC14+'[5]TB-9'!IC14+'[5]TB-10'!IC14+'[6]DSV-1'!IC14+'[6]DSV-2'!IC14+'[6]DSV-3'!IC14+'[7]TUB-1'!IC14+'[7]TUB-2'!IC14+'[8]Barge-1'!IC14+'[8]Barge-2'!IC14+'[8]Barge-3'!IC14+'[8]Barge-4'!IC14 -> 0 | AE14: ='[2]AHTS-1'!IC85+'[2]AHTS-2'!IC85+'[2]AHTS-3'!IC85+'[2]AHTS-4'!IC85+'[2]AHTS-5'!IC85+'[2]AHTS-6'!IC85+'[2]AHTS-7'!IC85+'[2]AHTS-8'!IC85+'[3]CB-1'!IC85+'[3]CB-2'!IC85+'[3]CB-3'!IC85+'[3]CB-4'!IC85+'[3]CB-5'!IC85+'[3]CB-6'!IC85+'[3]CB-7'!IC85+'[3]CB-8'!IC85+'[3]CB-9'!IC85+'[3]CB-10'!IC85+'[3]CB-11'!IC85+'[3]CB-12'!IC85+'[3]CB-13'!IC85+'[3]CB-14'!IC85+'[3]CB-15'!IC85+'[3]CB-16'!IC85+'[3]CB-17'!IC85+'[3]CB-18'!IC85+'[3]CB-19'!IC85+'[3]CB-20'!IC85+'[3]CB-21'!IC85+'[3]CB-22'!IC85+'[3]CB-23'!IC85+'[3]CB-24'!IC85+'[4]LCT-1'!IC85+'[4]LCT-2'!IC85+'[4]LCT-3'!IC85+'[4]LCT-4'!IC85+'[4]LCT-5'!IC85+'[4]LCT-6'!IC85+'[4]LCT-7'!IC85+'[4]LCT-8'!IC85+'[5]TB-1'!IC85+'[5]TB-2'!IC85+'[5]TB-3'!IC85+'[5]TB-4'!IC85+'[5]TB-5'!IC85+'[5]TB-6'!IC85+'[5]TB-7'!IC85+'[5]TB-8'!IC85+'[5]TB-9'!IC85+'[5]TB-10'!IC85+'[6]DSV-1'!IC85+'[6]DSV-2'!IC85+'[6]DSV-3'!IC85+'[7]TUB-1'!IC85+'[7]TUB-2'!IC85+'[8]Barge-1'!IC85+'[8]Barge-2'!IC85+'[8]Barge-3'!IC85+'[8]Barge-4'!IC85 -> 0 | AF14: ='[2]AHTS-1'!ID52+'[2]AHTS-2'!ID52+'[2]AHTS-3'!ID52+'[2]AHTS-4'!ID52+'[2]AHTS-5'!ID52+'[2]AHTS-6'!ID52+'[2]AHTS-7'!ID52+'[2]AHTS-8'!ID52+'[3]CB-1'!ID52+'[3]CB-2'!ID52+'[3]CB-3'!ID52+'[3]CB-4'!ID52+'[3]CB-5'!ID52+'[3]CB-6'!ID52+'[3]CB-7'!ID52+'[3]CB-8'!ID52+'[3]CB-9'!ID52+'[3]CB-10'!ID52+'[3]CB-11'!ID52+'[3]CB-12'!ID52+'[3]CB-13'!ID52+'[3]CB-14'!ID52+'[3]CB-15'!ID52+'[3]CB-16'!ID52+'[3]CB-17'!ID52+'[3]CB-18'!ID52+'[3]CB-19'!ID52+'[3]CB-20'!ID52+'[3]CB-21'!ID52+'[3]CB-22'!ID52+'[3]CB-23'!ID52+'[3]CB-24'!ID52+'[4]LCT-1'!ID52+'[4]LCT-2'!ID52+'[4]LCT-3'!ID52+'[4]LCT-4'!ID52+'[4]LCT-5'!ID52+'[4]LCT-6'!ID52+'[4]LCT-7'!ID52+'[4]LCT-8'!ID52+'[5]TB-1'!ID52+'[5]TB-2'!ID52+'[5]TB-3'!ID52+'[5]TB-4'!ID52+'[5]TB-5'!ID52+'[5]TB-6'!ID52+'[5]TB-7'!ID52+'[5]TB-8'!ID52+'[5]TB-9'!ID52+'[5]TB-10'!ID52+'[6]DSV-1'!ID52+'[6]DSV-2'!ID52+'[6]DSV-3'!ID52+'[7]TUB-1'!ID52+'[7]TUB-2'!ID52+'[8]Barge-1'!ID52+'[8]Barge-2'!ID52+'[8]Barge-3'!ID52+'[8]Barge-4'!ID52 -> 10741769 | AG14: ='[2]AHTS-1'!ID14+'[2]AHTS-2'!ID14+'[2]AHTS-3'!ID14+'[2]AHTS-4'!ID14+'[2]AHTS-5'!ID14+'[2]AHTS-6'!ID14+'[2]AHTS-7'!ID14+'[2]AHTS-8'!ID14+'[3]CB-1'!ID14+'[3]CB-2'!ID14+'[3]CB-3'!ID14+'[3]CB-4'!ID14+'[3]CB-5'!ID14+'[3]CB-6'!ID14+'[3]CB-7'!ID14+'[3]CB-8'!ID14+'[3]CB-9'!ID14+'[3]CB-10'!ID14+'[3]CB-11'!ID14+'[3]CB-12'!ID14+'[3]CB-13'!ID14+'[3]CB-14'!ID14+'[3]CB-15'!ID14+'[3]CB-16'!ID14+'[3]CB-17'!ID14+'[3]CB-18'!ID14+'[3]CB-19'!ID14+'[3]CB-20'!ID14+'[3]CB-21'!ID14+'[3]CB-22'!ID14+'[3]CB-23'!ID14+'[3]CB-24'!ID14+'[4]LCT-1'!ID14+'[4]LCT-2'!ID14+'[4]LCT-3'!ID14+'[4]LCT-4'!ID14+'[4]LCT-5'!ID14+'[4]LCT-6'!ID14+'[4]LCT-7'!ID14+'[4]LCT-8'!ID14+'[5]TB-1'!ID14+'[5]TB-2'!ID14+'[5]TB-3'!ID14+'[5]TB-4'!ID14+'[5]TB-5'!ID14+'[5]TB-6'!ID14+'[5]TB-7'!ID14+'[5]TB-8'!ID14+'[5]TB-9'!ID14+'[5]TB-10'!ID14+'[6]DSV-1'!ID14+'[6]DSV-2'!ID14+'[6]DSV-3'!ID14+'[7]TUB-1'!ID14+'[7]TUB-2'!ID14+'[8]Barge-1'!ID14+'[8]Barge-2'!ID14+'[8]Barge-3'!ID14+'[8]Barge-4'!ID14 -> 14281250 | AH14: ='[2]AHTS-1'!ID85+'[2]AHTS-2'!ID85+'[2]AHTS-3'!ID85+'[2]AHTS-4'!ID85+'[2]AHTS-5'!ID85+'[2]AHTS-6'!ID85+'[2]AHTS-7'!ID85+'[2]AHTS-8'!ID85+'[3]CB-1'!ID85+'[3]CB-2'!ID85+'[3]CB-3'!ID85+'[3]CB-4'!ID85+'[3]CB-5'!ID85+'[3]CB-6'!ID85+'[3]CB-7'!ID85+'[3]CB-8'!ID85+'[3]CB-9'!ID85+'[3]CB-10'!ID85+'[3]CB-11'!ID85+'[3]CB-12'!ID85+'[3]CB-13'!ID85+'[3]CB-14'!ID85+'[3]CB-15'!ID85+'[3]CB-16'!ID85+'[3]CB-17'!ID85+'[3]CB-18'!ID85+'[3]CB-19'!ID85+'[3]CB-20'!ID85+'[3]CB-21'!ID85+'[3]CB-22'!ID85+'[3]CB-23'!ID85+'[3]CB-24'!ID85+'[4]LCT-1'!ID85+'[4]LCT-2'!ID85+'[4]LCT-3'!ID85+'[4]LCT-4'!ID85+'[4]LCT-5'!ID85+'[4]LCT-6'!ID85+'[4]LCT-7'!ID85+'[4]LCT-8'!ID85+'[5]TB-1'!ID85+'[5]TB-2'!ID85+'[5]TB-3'!ID85+'[5]TB-4'!ID85+'[5]TB-5'!ID85+'[5]TB-6'!ID85+'[5]TB-7'!ID85+'[5]TB-8'!ID85+'[5]TB-9'!ID85+'[5]TB-10'!ID85+'[6]DSV-1'!ID85+'[6]DSV-2'!ID85+'[6]DSV-3'!ID85+'[7]TUB-1'!ID85+'[7]TUB-2'!ID85+'[8]Barge-1'!ID85+'[8]Barge-2'!ID85+'[8]Barge-3'!ID85+'[8]Barge-4'!ID85 -> 0 | AI14: ='[2]AHTS-1'!IE52+'[2]AHTS-2'!IE52+'[2]AHTS-3'!IE52+'[2]AHTS-4'!IE52+'[2]AHTS-5'!IE52+'[2]AHTS-6'!IE52+'[2]AHTS-7'!IE52+'[2]AHTS-8'!IE52+'[3]CB-1'!IE52+'[3]CB-2'!IE52+'[3]CB-3'!IE52+'[3]CB-4'!IE52+'[3]CB-5'!IE52+'[3]CB-6'!IE52+'[3]CB-7'!IE52+'[3]CB-8'!IE52+'[3]CB-9'!IE52+'[3]CB-10'!IE52+'[3]CB-11'!IE52+'[3]CB-12'!IE52+'[3]CB-13'!IE52+'[3]CB-14'!IE52+'[3]CB-15'!IE52+'[3]CB-16'!IE52+'[3]CB-17'!IE52+'[3]CB-18'!IE52+'[3]CB-19'!IE52+'[3]CB-20'!IE52+'[3]CB-21'!IE52+'[3]CB-22'!IE52+'[3]CB-23'!IE52+'[3]CB-24'!IE52+'[4]LCT-1'!IE52+'[4]LCT-2'!IE52+'[4]LCT-3'!IE52+'[4]LCT-4'!IE52+'[4]LCT-5'!IE52+'[4]LCT-6'!IE52+'[4]LCT-7'!IE52+'[4]LCT-8'!IE52+'[5]TB-1'!IE52+'[5]TB-2'!IE52+'[5]TB-3'!IE52+'[5]TB-4'!IE52+'[5]TB-5'!IE52+'[5]TB-6'!IE52+'[5]TB-7'!IE52+'[5]TB-8'!IE52+'[5]TB-9'!IE52+'[5]TB-10'!IE52+'[6]DSV-1'!IE52+'[6]DSV-2'!IE52+'[6]DSV-3'!IE52+'[7]TUB-1'!IE52+'[7]TUB-2'!IE52+'[8]Barge-1'!IE52+'[8]Barge-2'!IE52+'[8]Barge-3'!IE52+'[8]Barge-4'!IE52 -> 34613488 | AJ14: ='[2]AHTS-1'!IE14+'[2]AHTS-2'!IE14+'[2]AHTS-3'!IE14+'[2]AHTS-4'!IE14+'[2]AHTS-5'!IE14+'[2]AHTS-6'!IE14+'[2]AHTS-7'!IE14+'[2]AHTS-8'!IE14+'[3]CB-1'!IE14+'[3]CB-2'!IE14+'[3]CB-3'!IE14+'[3]CB-4'!IE14+'[3]CB-5'!IE14+'[3]CB-6'!IE14+'[3]CB-7'!IE14+'[3]CB-8'!IE14+'[3]CB-9'!IE14+'[3]CB-10'!IE14+'[3]CB-11'!IE14+'[3]CB-12'!IE14+'[3]CB-13'!IE14+'[3]CB-14'!IE14+'[3]CB-15'!IE14+'[3]CB-16'!IE14+'[3]CB-17'!IE14+'[3]CB-18'!IE14+'[3]CB-19'!IE14+'[3]CB-20'!IE14+'[3]CB-21'!IE14+'[3]CB-22'!IE14+'[3]CB-23'!IE14+'[3]CB-24'!IE14+'[4]LCT-1'!IE14+'[4]LCT-2'!IE14+'[4]LCT-3'!IE14+'[4]LCT-4'!IE14+'[4]LCT-5'!IE14+'[4]LCT-6'!IE14+'[4]LCT-7'!IE14+'[4]LCT-8'!IE14+'[5]TB-1'!IE14+'[5]TB-2'!IE14+'[5]TB-3'!IE14+'[5]TB-4'!IE14+'[5]TB-5'!IE14+'[5]TB-6'!IE14+'[5]TB-7'!IE14+'[5]TB-8'!IE14+'[5]TB-9'!IE14+'[5]TB-10'!IE14+'[6]DSV-1'!IE14+'[6]DSV-2'!IE14+'[6]DSV-3'!IE14+'[7]TUB-1'!IE14+'[7]TUB-2'!IE14+'[8]Barge-1'!IE14+'[8]Barge-2'!IE14+'[8]Barge-3'!IE14+'[8]Barge-4'!IE14 -> 30087500 | AK14: ='[2]AHTS-1'!IE85+'[2]AHTS-2'!IE85+'[2]AHTS-3'!IE85+'[2]AHTS-4'!IE85+'[2]AHTS-5'!IE85+'[2]AHTS-6'!IE85+'[2]AHTS-7'!IE85+'[2]AHTS-8'!IE85+'[3]CB-1'!IE85+'[3]CB-2'!IE85+'[3]CB-3'!IE85+'[3]CB-4'!IE85+'[3]CB-5'!IE85+'[3]CB-6'!IE85+'[3]CB-7'!IE85+'[3]CB-8'!IE85+'[3]CB-9'!IE85+'[3]CB-10'!IE85+'[3]CB-11'!IE85+'[3]CB-12'!IE85+'[3]CB-13'!IE85+'[3]CB-14'!IE85+'[3]CB-15'!IE85+'[3]CB-16'!IE85+'[3]CB-17'!IE85+'[3]CB-18'!IE85+'[3]CB-19'!IE85+'[3]CB-20'!IE85+'[3]CB-21'!IE85+'[3]CB-22'!IE85+'[3]CB-23'!IE85+'[3]CB-24'!IE85+'[4]LCT-1'!IE85+'[4]LCT-2'!IE85+'[4]LCT-3'!IE85+'[4]LCT-4'!IE85+'[4]LCT-5'!IE85+'[4]LCT-6'!IE85+'[4]LCT-7'!IE85+'[4]LCT-8'!IE85+'[5]TB-1'!IE85+'[5]TB-2'!IE85+'[5]TB-3'!IE85+'[5]TB-4'!IE85+'[5]TB-5'!IE85+'[5]TB-6'!IE85+'[5]TB-7'!IE85+'[5]TB-8'!IE85+'[5]TB-9'!IE85+'[5]TB-10'!IE85+'[6]DSV-1'!IE85+'[6]DSV-2'!IE85+'[6]DSV-3'!IE85+'[7]TUB-1'!IE85+'[7]TUB-2'!IE85+'[8]Barge-1'!IE85+'[8]Barge-2'!IE85+'[8]Barge-3'!IE85+'[8]Barge-4'!IE85 -> 0 | AL14: ='[2]AHTS-1'!IF52+'[2]AHTS-2'!IF52+'[2]AHTS-3'!IF52+'[2]AHTS-4'!IF52+'[2]AHTS-5'!IF52+'[2]AHTS-6'!IF52+'[2]AHTS-7'!IF52+'[2]AHTS-8'!IF52+'[3]CB-1'!IF52+'[3]CB-2'!IF52+'[3]CB-3'!IF52+'[3]CB-4'!IF52+'[3]CB-5'!IF52+'[3]CB-6'!IF52+'[3]CB-7'!IF52+'[3]CB-8'!IF52+'[3]CB-9'!IF52+'[3]CB-10'!IF52+'[3]CB-11'!IF52+'[3]CB-12'!IF52+'[3]CB-13'!IF52+'[3]CB-14'!IF52+'[3]CB-15'!IF52+'[3]CB-16'!IF52+'[3]CB-17'!IF52+'[3]CB-18'!IF52+'[3]CB-19'!IF52+'[3]CB-20'!IF52+'[3]CB-21'!IF52+'[3]CB-22'!IF52+'[3]CB-23'!IF52+'[3]CB-24'!IF52+'[4]LCT-1'!IF52+'[4]LCT-2'!IF52+'[4]LCT-3'!IF52+'[4]LCT-4'!IF52+'[4]LCT-5'!IF52+'[4]LCT-6'!IF52+'[4]LCT-7'!IF52+'[4]LCT-8'!IF52+'[5]TB-1'!IF52+'[5]TB-2'!IF52+'[5]TB-3'!IF52+'[5]TB-4'!IF52+'[5]TB-5'!IF52+'[5]TB-6'!IF52+'[5]TB-7'!IF52+'[5]TB-8'!IF52+'[5]TB-9'!IF52+'[5]TB-10'!IF52+'[6]DSV-1'!IF52+'[6]DSV-2'!IF52+'[6]DSV-3'!IF52+'[7]TUB-1'!IF52+'[7]TUB-2'!IF52+'[8]Barge-1'!IF52+'[8]Barge-2'!IF52+'[8]Barge-3'!IF52+'[8]Barge-4'!IF52 -> 43088200 | AM14: ='[2]AHTS-1'!IF14+'[2]AHTS-2'!IF14+'[2]AHTS-3'!IF14+'[2]AHTS-4'!IF14+'[2]AHTS-5'!IF14+'[2]AHTS-6'!IF14+'[2]AHTS-7'!IF14+'[2]AHTS-8'!IF14+'[3]CB-1'!IF14+'[3]CB-2'!IF14+'[3]CB-3'!IF14+'[3]CB-4'!IF14+'[3]CB-5'!IF14+'[3]CB-6'!IF14+'[3]CB-7'!IF14+'[3]CB-8'!IF14+'[3]CB-9'!IF14+'[3]CB-10'!IF14+'[3]CB-11'!IF14+'[3]CB-12'!IF14+'[3]CB-13'!IF14+'[3]CB-14'!IF14+'[3]CB-15'!IF14+'[3]CB-16'!IF14+'[3]CB-17'!IF14+'[3]CB-18'!IF14+'[3]CB-19'!IF14+'[3]CB-20'!IF14+'[3]CB-21'!IF14+'[3]CB-22'!IF14+'[3]CB-23'!IF14+'[3]CB-24'!IF14+'[4]LCT-1'!IF14+'[4]LCT-2'!IF14+'[4]LCT-3'!IF14+'[4]LCT-4'!IF14+'[4]LCT-5'!IF14+'[4]LCT-6'!IF14+'[4]LCT-7'!IF14+'[4]LCT-8'!IF14+'[5]TB-1'!IF14+'[5]TB-2'!IF14+'[5]TB-3'!IF14+'[5]TB-4'!IF14+'[5]TB-5'!IF14+'[5]TB-6'!IF14+'[5]TB-7'!IF14+'[5]TB-8'!IF14+'[5]TB-9'!IF14+'[5]TB-10'!IF14+'[6]DSV-1'!IF14+'[6]DSV-2'!IF14+'[6]DSV-3'!IF14+'[7]TUB-1'!IF14+'[7]TUB-2'!IF14+'[8]Barge-1'!IF14+'[8]Barge-2'!IF14+'[8]Barge-3'!IF14+'[8]Barge-4'!IF14 -> 63200000 | AN14: ='[2]AHTS-1'!IF85+'[2]AHTS-2'!IF85+'[2]AHTS-3'!IF85+'[2]AHTS-4'!IF85+'[2]AHTS-5'!IF85+'[2]AHTS-6'!IF85+'[2]AHTS-7'!IF85+'[2]AHTS-8'!IF85+'[3]CB-1'!IF85+'[3]CB-2'!IF85+'[3]CB-3'!IF85+'[3]CB-4'!IF85+'[3]CB-5'!IF85+'[3]CB-6'!IF85+'[3]CB-7'!IF85+'[3]CB-8'!IF85+'[3]CB-9'!IF85+'[3]CB-10'!IF85+'[3]CB-11'!IF85+'[3]CB-12'!IF85+'[3]CB-13'!IF85+'[3]CB-14'!IF85+'[3]CB-15'!IF85+'[3]CB-16'!IF85+'[3]CB-17'!IF85+'[3]CB-18'!IF85+'[3]CB-19'!IF85+'[3]CB-20'!IF85+'[3]CB-21'!IF85+'[3]CB-22'!IF85+'[3]CB-23'!IF85+'[3]CB-24'!IF85+'[4]LCT-1'!IF85+'[4]LCT-2'!IF85+'[4]LCT-3'!IF85+'[4]LCT-4'!IF85+'[4]LCT-5'!IF85+'[4]LCT-6'!IF85+'[4]LCT-7'!IF85+'[4]LCT-8'!IF85+'[5]TB-1'!IF85+'[5]TB-2'!IF85+'[5]TB-3'!IF85+'[5]TB-4'!IF85+'[5]TB-5'!IF85+'[5]TB-6'!IF85+'[5]TB-7'!IF85+'[5]TB-8'!IF85+'[5]TB-9'!IF85+'[5]TB-10'!IF85+'[6]DSV-1'!IF85+'[6]DSV-2'!IF85+'[6]DSV-3'!IF85+'[7]TUB-1'!IF85+'[7]TUB-2'!IF85+'[8]Barge-1'!IF85+'[8]Barge-2'!IF85+'[8]Barge-3'!IF85+'[8]Barge-4'!IF85 -> 0 | AO14: ='[2]AHTS-1'!IG52+'[2]AHTS-2'!IG52+'[2]AHTS-3'!IG52+'[2]AHTS-4'!IG52+'[2]AHTS-5'!IG52+'[2]AHTS-6'!IG52+'[2]AHTS-7'!IG52+'[2]AHTS-8'!IG52+'[3]CB-1'!IG52+'[3]CB-2'!IG52+'[3]CB-3'!IG52+'[3]CB-4'!IG52+'[3]CB-5'!IG52+'[3]CB-6'!IG52+'[3]CB-7'!IG52+'[3]CB-8'!IG52+'[3]CB-9'!IG52+'[3]CB-10'!IG52+'[3]CB-11'!IG52+'[3]CB-12'!IG52+'[3]CB-13'!IG52+'[3]CB-14'!IG52+'[3]CB-15'!IG52+'[3]CB-16'!IG52+'[3]CB-17'!IG52+'[3]CB-18'!IG52+'[3]CB-19'!IG52+'[3]CB-20'!IG52+'[3]CB-21'!IG52+'[3]CB-22'!IG52+'[3]CB-23'!IG52+'[3]CB-24'!IG52+'[4]LCT-1'!IG52+'[4]LCT-2'!IG52+'[4]LCT-3'!IG52+'[4]LCT-4'!IG52+'[4]LCT-5'!IG52+'[4]LCT-6'!IG52+'[4]LCT-7'!IG52+'[4]LCT-8'!IG52+'[5]TB-1'!IG52+'[5]TB-2'!IG52+'[5]TB-3'!IG52+'[5]TB-4'!IG52+'[5]TB-5'!IG52+'[5]TB-6'!IG52+'[5]TB-7'!IG52+'[5]TB-8'!IG52+'[5]TB-9'!IG52+'[5]TB-10'!IG52+'[6]DSV-1'!IG52+'[6]DSV-2'!IG52+'[6]DSV-3'!IG52+'[7]TUB-1'!IG52+'[7]TUB-2'!IG52+'[8]Barge-1'!IG52+'[8]Barge-2'!IG52+'[8]Barge-3'!IG52+'[8]Barge-4'!IG52 -> 1647300 | AP14: ='[2]AHTS-1'!IG14+'[2]AHTS-2'!IG14+'[2]AHTS-3'!IG14+'[2]AHTS-4'!IG14+'[2]AHTS-5'!IG14+'[2]AHTS-6'!IG14+'[2]AHTS-7'!IG14+'[2]AHTS-8'!IG14+'[3]CB-1'!IG14+'[3]CB-2'!IG14+'[3]CB-3'!IG14+'[3]CB-4'!IG14+'[3]CB-5'!IG14+'[3]CB-6'!IG14+'[3]CB-7'!IG14+'[3]CB-8'!IG14+'[3]CB-9'!IG14+'[3]CB-10'!IG14+'[3]CB-11'!IG14+'[3]CB-12'!IG14+'[3]CB-13'!IG14+'[3]CB-14'!IG14+'[3]CB-15'!IG14+'[3]CB-16'!IG14+'[3]CB-17'!IG14+'[3]CB-18'!IG14+'[3]CB-19'!IG14+'[3]CB-20'!IG14+'[3]CB-21'!IG14+'[3]CB-22'!IG14+'[3]CB-23'!IG14+'[3]CB-24'!IG14+'[4]LCT-1'!IG14+'[4]LCT-2'!IG14+'[4]LCT-3'!IG14+'[4]LCT-4'!IG14+'[4]LCT-5'!IG14+'[4]LCT-6'!IG14+'[4]LCT-7'!IG14+'[4]LCT-8'!IG14+'[5]TB-1'!IG14+'[5]TB-2'!IG14+'[5]TB-3'!IG14+'[5]TB-4'!IG14+'[5]TB-5'!IG14+'[5]TB-6'!IG14+'[5]TB-7'!IG14+'[5]TB-8'!IG14+'[5]TB-9'!IG14+'[5]TB-10'!IG14+'[6]DSV-1'!IG14+'[6]DSV-2'!IG14+'[6]DSV-3'!IG14+'[7]TUB-1'!IG14+'[7]TUB-2'!IG14+'[8]Barge-1'!IG14+'[8]Barge-2'!IG14+'[8]Barge-3'!IG14+'[8]Barge-4'!IG14 -> 13000000 | AQ14: ='[2]AHTS-1'!IG85+'[2]AHTS-2'!IG85+'[2]AHTS-3'!IG85+'[2]AHTS-4'!IG85+'[2]AHTS-5'!IG85+'[2]AHTS-6'!IG85+'[2]AHTS-7'!IG85+'[2]AHTS-8'!IG85+'[3]CB-1'!IG85+'[3]CB-2'!IG85+'[3]CB-3'!IG85+'[3]CB-4'!IG85+'[3]CB-5'!IG85+'[3]CB-6'!IG85+'[3]CB-7'!IG85+'[3]CB-8'!IG85+'[3]CB-9'!IG85+'[3]CB-10'!IG85+'[3]CB-11'!IG85+'[3]CB-12'!IG85+'[3]CB-13'!IG85+'[3]CB-14'!IG85+'[3]CB-15'!IG85+'[3]CB-16'!IG85+'[3]CB-17'!IG85+'[3]CB-18'!IG85+'[3]CB-19'!IG85+'[3]CB-20'!IG85+'[3]CB-21'!IG85+'[3]CB-22'!IG85+'[3]CB-23'!IG85+'[3]CB-24'!IG85+'[4]LCT-1'!IG85+'[4]LCT-2'!IG85+'[4]LCT-3'!IG85+'[4]LCT-4'!IG85+'[4]LCT-5'!IG85+'[4]LCT-6'!IG85+'[4]LCT-7'!IG85+'[4]LCT-8'!IG85+'[5]TB-1'!IG85+'[5]TB-2'!IG85+'[5]TB-3'!IG85+'[5]TB-4'!IG85+'[5]TB-5'!IG85+'[5]TB-6'!IG85+'[5]TB-7'!IG85+'[5]TB-8'!IG85+'[5]TB-9'!IG85+'[5]TB-10'!IG85+'[6]DSV-1'!IG85+'[6]DSV-2'!IG85+'[6]DSV-3'!IG85+'[7]TUB-1'!IG85+'[7]TUB-2'!IG85+'[8]Barge-1'!IG85+'[8]Barge-2'!IG85+'[8]Barge-3'!IG85+'[8]Barge-4'!IG85 -> 0 | AR14: ='[2]AHTS-1'!IH52+'[2]AHTS-2'!IH52+'[2]AHTS-3'!IH52+'[2]AHTS-4'!IH52+'[2]AHTS-5'!IH52+'[2]AHTS-6'!IH52+'[2]AHTS-7'!IH52+'[2]AHTS-8'!IH52+'[3]CB-1'!IH52+'[3]CB-2'!IH52+'[3]CB-3'!IH52+'[3]CB-4'!IH52+'[3]CB-5'!IH52+'[3]CB-6'!IH52+'[3]CB-7'!IH52+'[3]CB-8'!IH52+'[3]CB-9'!IH52+'[3]CB-10'!IH52+'[3]CB-11'!IH52+'[3]CB-12'!IH52+'[3]CB-13'!IH52+'[3]CB-14'!IH52+'[3]CB-15'!IH52+'[3]CB-16'!IH52+'[3]CB-17'!IH52+'[3]CB-18'!IH52+'[3]CB-19'!IH52+'[3]CB-20'!IH52+'[3]CB-21'!IH52+'[3]CB-22'!IH52+'[3]CB-23'!IH52+'[3]CB-24'!IH52+'[4]LCT-1'!IH52+'[4]LCT-2'!IH52+'[4]LCT-3'!IH52+'[4]LCT-4'!IH52+'[4]LCT-5'!IH52+'[4]LCT-6'!IH52+'[4]LCT-7'!IH52+'[4]LCT-8'!IH52+'[5]TB-1'!IH52+'[5]TB-2'!IH52+'[5]TB-3'!IH52+'[5]TB-4'!IH52+'[5]TB-5'!IH52+'[5]TB-6'!IH52+'[5]TB-7'!IH52+'[5]TB-8'!IH52+'[5]TB-9'!IH52+'[5]TB-10'!IH52+'[6]DSV-1'!IH52+'[6]DSV-2'!IH52+'[6]DSV-3'!IH52+'[7]TUB-1'!IH52+'[7]TUB-2'!IH52+'[8]Barge-1'!IH52+'[8]Barge-2'!IH52+'[8]Barge-3'!IH52+'[8]Barge-4'!IH52 -> 77810700 | AS14: ='[2]AHTS-1'!IH14+'[2]AHTS-2'!IH14+'[2]AHTS-3'!IH14+'[2]AHTS-4'!IH14+'[2]AHTS-5'!IH14+'[2]AHTS-6'!IH14+'[2]AHTS-7'!IH14+'[2]AHTS-8'!IH14+'[3]CB-1'!IH14+'[3]CB-2'!IH14+'[3]CB-3'!IH14+'[3]CB-4'!IH14+'[3]CB-5'!IH14+'[3]CB-6'!IH14+'[3]CB-7'!IH14+'[3]CB-8'!IH14+'[3]CB-9'!IH14+'[3]CB-10'!IH14+'[3]CB-11'!IH14+'[3]CB-12'!IH14+'[3]CB-13'!IH14+'[3]CB-14'!IH14+'[3]CB-15'!IH14+'[3]CB-16'!IH14+'[3]CB-17'!IH14+'[3]CB-18'!IH14+'[3]CB-19'!IH14+'[3]CB-20'!IH14+'[3]CB-21'!IH14+'[3]CB-22'!IH14+'[3]CB-23'!IH14+'[3]CB-24'!IH14+'[4]LCT-1'!IH14+'[4]LCT-2'!IH14+'[4]LCT-3'!IH14+'[4]LCT-4'!IH14+'[4]LCT-5'!IH14+'[4]LCT-6'!IH14+'[4]LCT-7'!IH14+'[4]LCT-8'!IH14+'[5]TB-1'!IH14+'[5]TB-2'!IH14+'[5]TB-3'!IH14+'[5]TB-4'!IH14+'[5]TB-5'!IH14+'[5]TB-6'!IH14+'[5]TB-7'!IH14+'[5]TB-8'!IH14+'[5]TB-9'!IH14+'[5]TB-10'!IH14+'[6]DSV-1'!IH14+'[6]DSV-2'!IH14+'[6]DSV-3'!IH14+'[7]TUB-1'!IH14+'[7]TUB-2'!IH14+'[8]Barge-1'!IH14+'[8]Barge-2'!IH14+'[8]Barge-3'!IH14+'[8]Barge-4'!IH14 -> 91025000 | AT14: ='[2]AHTS-1'!IH85+'[2]AHTS-2'!IH85+'[2]AHTS-3'!IH85+'[2]AHTS-4'!IH85+'[2]AHTS-5'!IH85+'[2]AHTS-6'!IH85+'[2]AHTS-7'!IH85+'[2]AHTS-8'!IH85+'[3]CB-1'!IH85+'[3]CB-2'!IH85+'[3]CB-3'!IH85+'[3]CB-4'!IH85+'[3]CB-5'!IH85+'[3]CB-6'!IH85+'[3]CB-7'!IH85+'[3]CB-8'!IH85+'[3]CB-9'!IH85+'[3]CB-10'!IH85+'[3]CB-11'!IH85+'[3]CB-12'!IH85+'[3]CB-13'!IH85+'[3]CB-14'!IH85+'[3]CB-15'!IH85+'[3]CB-16'!IH85+'[3]CB-17'!IH85+'[3]CB-18'!IH85+'[3]CB-19'!IH85+'[3]CB-20'!IH85+'[3]CB-21'!IH85+'[3]CB-22'!IH85+'[3]CB-23'!IH85+'[3]CB-24'!IH85+'[4]LCT-1'!IH85+'[4]LCT-2'!IH85+'[4]LCT-3'!IH85+'[4]LCT-4'!IH85+'[4]LCT-5'!IH85+'[4]LCT-6'!IH85+'[4]LCT-7'!IH85+'[4]LCT-8'!IH85+'[5]TB-1'!IH85+'[5]TB-2'!IH85+'[5]TB-3'!IH85+'[5]TB-4'!IH85+'[5]TB-5'!IH85+'[5]TB-6'!IH85+'[5]TB-7'!IH85+'[5]TB-8'!IH85+'[5]TB-9'!IH85+'[5]TB-10'!IH85+'[6]DSV-1'!IH85+'[6]DSV-2'!IH85+'[6]DSV-3'!IH85+'[7]TUB-1'!IH85+'[7]TUB-2'!IH85+'[8]Barge-1'!IH85+'[8]Barge-2'!IH85+'[8]Barge-3'!IH85+'[8]Barge-4'!IH85 -> 0 | AU14: ='[2]AHTS-1'!II52+'[2]AHTS-2'!II52+'[2]AHTS-3'!II52+'[2]AHTS-4'!II52+'[2]AHTS-5'!II52+'[2]AHTS-6'!II52+'[2]AHTS-7'!II52+'[2]AHTS-8'!II52+'[3]CB-1'!II52+'[3]CB-2'!II52+'[3]CB-3'!II52+'[3]CB-4'!II52+'[3]CB-5'!II52+'[3]CB-6'!II52+'[3]CB-7'!II52+'[3]CB-8'!II52+'[3]CB-9'!II52+'[3]CB-10'!II52+'[3]CB-11'!II52+'[3]CB-12'!II52+'[3]CB-13'!II52+'[3]CB-14'!II52+'[3]CB-15'!II52+'[3]CB-16'!II52+'[3]CB-17'!II52+'[3]CB-18'!II52+'[3]CB-19'!II52+'[3]CB-20'!II52+'[3]CB-21'!II52+'[3]CB-22'!II52+'[3]CB-23'!II52+'[3]CB-24'!II52+'[4]LCT-1'!II52+'[4]LCT-2'!II52+'[4]LCT-3'!II52+'[4]LCT-4'!II52+'[4]LCT-5'!II52+'[4]LCT-6'!II52+'[4]LCT-7'!II52+'[4]LCT-8'!II52+'[5]TB-1'!II52+'[5]TB-2'!II52+'[5]TB-3'!II52+'[5]TB-4'!II52+'[5]TB-5'!II52+'[5]TB-6'!II52+'[5]TB-7'!II52+'[5]TB-8'!II52+'[5]TB-9'!II52+'[5]TB-10'!II52+'[6]DSV-1'!II52+'[6]DSV-2'!II52+'[6]DSV-3'!II52+'[7]TUB-1'!II52+'[7]TUB-2'!II52+'[8]Barge-1'!II52+'[8]Barge-2'!II52+'[8]Barge-3'!II52+'[8]Barge-4'!II52 -> 0 | AV14: ='[2]AHTS-1'!II14+'[2]AHTS-2'!II14+'[2]AHTS-3'!II14+'[2]AHTS-4'!II14+'[2]AHTS-5'!II14+'[2]AHTS-6'!II14+'[2]AHTS-7'!II14+'[2]AHTS-8'!II14+'[3]CB-1'!II14+'[3]CB-2'!II14+'[3]CB-3'!II14+'[3]CB-4'!II14+'[3]CB-5'!II14+'[3]CB-6'!II14+'[3]CB-7'!II14+'[3]CB-8'!II14+'[3]CB-9'!II14+'[3]CB-10'!II14+'[3]CB-11'!II14+'[3]CB-12'!II14+'[3]CB-13'!II14+'[3]CB-14'!II14+'[3]CB-15'!II14+'[3]CB-16'!II14+'[3]CB-17'!II14+'[3]CB-18'!II14+'[3]CB-19'!II14+'[3]CB-20'!II14+'[3]CB-21'!II14+'[3]CB-22'!II14+'[3]CB-23'!II14+'[3]CB-24'!II14+'[4]LCT-1'!II14+'[4]LCT-2'!II14+'[4]LCT-3'!II14+'[4]LCT-4'!II14+'[4]LCT-5'!II14+'[4]LCT-6'!II14+'[4]LCT-7'!II14+'[4]LCT-8'!II14+'[5]TB-1'!II14+'[5]TB-2'!II14+'[5]TB-3'!II14+'[5]TB-4'!II14+'[5]TB-5'!II14+'[5]TB-6'!II14+'[5]TB-7'!II14+'[5]TB-8'!II14+'[5]TB-9'!II14+'[5]TB-10'!II14+'[6]DSV-1'!II14+'[6]DSV-2'!II14+'[6]DSV-3'!II14+'[7]TUB-1'!II14+'[7]TUB-2'!II14+'[8]Barge-1'!II14+'[8]Barge-2'!II14+'[8]Barge-3'!II14+'[8]Barge-4'!II14 -> 0 | AW14: ='[2]AHTS-1'!II85+'[2]AHTS-2'!II85+'[2]AHTS-3'!II85+'[2]AHTS-4'!II85+'[2]AHTS-5'!II85+'[2]AHTS-6'!II85+'[2]AHTS-7'!II85+'[2]AHTS-8'!II85+'[3]CB-1'!II85+'[3]CB-2'!II85+'[3]CB-3'!II85+'[3]CB-4'!II85+'[3]CB-5'!II85+'[3]CB-6'!II85+'[3]CB-7'!II85+'[3]CB-8'!II85+'[3]CB-9'!II85+'[3]CB-10'!II85+'[3]CB-11'!II85+'[3]CB-12'!II85+'[3]CB-13'!II85+'[3]CB-14'!II85+'[3]CB-15'!II85+'[3]CB-16'!II85+'[3]CB-17'!II85+'[3]CB-18'!II85+'[3]CB-19'!II85+'[3]CB-20'!II85+'[3]CB-21'!II85+'[3]CB-22'!II85+'[3]CB-23'!II85+'[3]CB-24'!II85+'[4]LCT-1'!II85+'[4]LCT-2'!II85+'[4]LCT-3'!II85+'[4]LCT-4'!II85+'[4]LCT-5'!II85+'[4]LCT-6'!II85+'[4]LCT-7'!II85+'[4]LCT-8'!II85+'[5]TB-1'!II85+'[5]TB-2'!II85+'[5]TB-3'!II85+'[5]TB-4'!II85+'[5]TB-5'!II85+'[5]TB-6'!II85+'[5]TB-7'!II85+'[5]TB-8'!II85+'[5]TB-9'!II85+'[5]TB-10'!II85+'[6]DSV-1'!II85+'[6]DSV-2'!II85+'[6]DSV-3'!II85+'[7]TUB-1'!II85+'[7]TUB-2'!II85+'[8]Barge-1'!II85+'[8]Barge-2'!II85+'[8]Barge-3'!II85+'[8]Barge-4'!II85 -> 0
